<?xml version="1.0" encoding="UTF-8" standalone="yes"?>
<vdbData xmlns="http://vdb.czso.cz/xml/export" xmlns:xsi="http://www.w3.org/2001/XMLSchema-instance" VERZE="1.1" JAZYK="cs" xsi:schemaLocation="http://vdb.czso.cz/xml/VdbData.xsd">
  <pruvodka>
    <copyright ROK="2023">© Český statistický úřad</copyright>
    <disclaimer>Poskytovatel neodpovídá za případné škody vzniklé v souvislosti s poskytnutými statistickými informacemi.</disclaimer>
    <ident>VZD04b</ident>
    <nazev>Přehled vzdělávání ve středních školách (bez konzervatoří)</nazev>
    <nastaveniExportu>
      <parametry>ZVOLENE</parametry>
      <rozsah>T</rozsah>
      <definice>N</definice>
      <atributy>N</atributy>
      <typDat>N</typDat>
      <casAktDB>N</casAktDB>
    </nastaveniExportu>
    <zdrojoveURI>https://vdb.czso.cz/vdbvo2/faces/cs/index.jsf?page=vystup-objekt&amp;z=T&amp;f=TABULKA&amp;pvo=VZD04b&amp;skupId=1107&amp;katalog=30848&amp;&amp;c=v3~1__RP2022RK2023MP09MK06DP01DK30&amp;u=v63__VUZEMI__100__3018&amp;str=v63&amp;kodjaz=203</zdrojoveURI>
    <generator>VdbExporty: 1.1.11</generator>
    <casExportu>2023-10-21T01:02:36</casExportu>
    <pocetUdaju>63</pocetUdaju>
  </pruvodka>
  <metaSlovnik>
    <ukazatel>
      <uka ID="u1">
        <kod>6043</kod>
        <text>Počet škol</text>
      </uka>
      <uka ID="u2">
        <kod>6053</kod>
        <text>Počet tříd nebo studijních skupin</text>
      </uka>
      <uka ID="u3">
        <kod>6057</kod>
        <text>Počet žáků</text>
      </uka>
      <uka ID="u4">
        <kod>6056</kod>
        <text>Počet nově přijatých žáků/studentů do prvního ročníku</text>
      </uka>
      <uka ID="u5">
        <kod>6061</kod>
        <text>Počet absolventů středního, vyššího odborného a vysokoškolského vzdělávání</text>
      </uka>
    </ukazatel>
    <vecneUpresneni>
      <element ID="v1">
        <dim>DOBATRSTUDIA</dim>
        <dimText>Doba trvání studia (roky)</dimText>
        <ciselnik>7700</ciselnik>
        <kod>400004400004000</kod>
        <text>4</text>
      </element>
      <element ID="v2">
        <dim>DOBATRSTUDIA</dim>
        <dimText>Doba trvání studia (roky)</dimText>
        <ciselnik>7700</ciselnik>
        <kod>400006400006000</kod>
        <text>6</text>
      </element>
      <element ID="v3">
        <dim>DOBATRSTUDIA</dim>
        <dimText>Doba trvání studia (roky)</dimText>
        <ciselnik>7700</ciselnik>
        <kod>400008400008000</kod>
        <text>8</text>
      </element>
      <element ID="v4">
        <dim>DRUHSKOLZAR</dim>
        <dimText>Druh školy a školského zařízení</dimText>
        <ciselnik>340</ciselnik>
        <kod>3</kod>
        <text>Střední škola</text>
      </element>
      <element ID="v5">
        <dim>DRUHSTUDIA</dim>
        <dimText>Druh studia a studijního programu</dimText>
        <ciselnik>344</ciselnik>
        <kod>32</kod>
        <text>Střední odborné vzdělávání bez výučního listu a bez maturity</text>
      </element>
      <element ID="v6">
        <dim>DRUHSTUDIA</dim>
        <dimText>Druh studia a studijního programu</dimText>
        <ciselnik>344</ciselnik>
        <kod>35</kod>
        <text>Střední všeobecné vzdělávání (gymnázia)</text>
      </element>
      <element ID="v7">
        <dim>DRUHSTUDIA</dim>
        <dimText>Druh studia a studijního programu</dimText>
        <ciselnik>344</ciselnik>
        <kod>39</kod>
        <text>Nástavbové studium</text>
      </element>
      <element ID="v8">
        <dim>DRUHSTUDIA</dim>
        <dimText>Druh studia a studijního programu</dimText>
        <ciselnik>345</ciselnik>
        <kod>2</kod>
        <text>Střední odborné vzdělávání s výučním listem (vč. zkráceného studia)</text>
      </element>
      <element ID="v9">
        <dim>DRUHSTUDIA</dim>
        <dimText>Druh studia a studijního programu</dimText>
        <ciselnik>345</ciselnik>
        <kod>3</kod>
        <text>Střední odborné vzdělávání s maturitní zkouškou (včetně zkráceného studia)</text>
      </element>
      <element ID="v10">
        <dim>POHLAVI</dim>
        <dimText>Pohlaví</dimText>
        <ciselnik>102</ciselnik>
        <kod>1</kod>
        <text>muž</text>
      </element>
      <element ID="v11">
        <dim>POHLAVI</dim>
        <dimText>Pohlaví</dimText>
        <ciselnik>102</ciselnik>
        <kod>2</kod>
        <text>žena</text>
      </element>
    </vecneUpresneni>
    <mericiJednotka>
      <element ID="m1">
        <dim>MJ_SKUTEC</dim>
        <dimText>Skutečná měřicí jednotka</dimText>
        <ciselnik>78</ciselnik>
        <kod>99998</kod>
        <text>četnostní jednotka</text>
      </element>
      <element ID="m2">
        <dim>MJ_SKUTEC</dim>
        <dimText>Skutečná měřicí jednotka</dimText>
        <ciselnik>78</ciselnik>
        <kod>80400</kod>
        <text>osoba</text>
      </element>
    </mericiJednotka>
    <uzemi>
      <element ID="p1">
        <dim>VUZEMI</dim>
        <dimText>V území</dimText>
        <ciselnik>100</ciselnik>
        <kod>3018</kod>
        <text>Hlavní město Praha</text>
      </element>
    </uzemi>
    <obdobi>
      <cas ID="c1">
        <casOd>2022-09-01</casOd>
        <casDo>2023-06-30</casDo>
      </cas>
    </obdobi>
    <zdrojovaUloha>
      <zdr ID="z1">
        <kod>ADMMSMTVZD</kod>
        <text>Adm. zdroj dat z MŠMT - Vzdělávání</text>
        <verze>1900100</verze>
        <verzeText>roční (leden - prosinec) zpracování - 1. verze</verzeText>
        <obdobiOd>2022-01-01</obdobiOd>
        <obdobiDo>2022-12-31</obdobiDo>
      </zdr>
    </zdrojovaUloha>
  </metaSlovnik>
  <data>
    <udaj ID="1109802446">
      <hod>190</hod>
      <uka>u1</uka>
      <vec>v4</vec>
      <mj>m1</mj>
      <uze>p1</uze>
      <cas>c1</cas>
      <zdr>z1</zdr>
      <datOd>2023-08-31T09:00:00</datOd>
      <datDo>2060-08-31T09:00:00</datDo>
    </udaj>
    <udaj ID="1109802447">
      <hod>3129</hod>
      <uka>u2</uka>
      <vec>v4</vec>
      <mj>m1</mj>
      <uze>p1</uze>
      <cas>c1</cas>
      <zdr>z1</zdr>
      <datOd>2023-08-31T09:00:00</datOd>
      <datDo>2060-08-31T09:00:00</datDo>
    </udaj>
    <udaj ID="1109802448">
      <hod>73984</hod>
      <uka>u3</uka>
      <vec>v4</vec>
      <mj>m2</mj>
      <uze>p1</uze>
      <cas>c1</cas>
      <zdr>z1</zdr>
      <datOd>2023-08-31T09:00:00</datOd>
      <datDo>2060-08-31T09:00:00</datDo>
    </udaj>
    <udaj ID="1109802449">
      <hod>36816</hod>
      <uka>u3</uka>
      <vec>v4</vec>
      <vec>v11</vec>
      <mj>m2</mj>
      <uze>p1</uze>
      <cas>c1</cas>
      <zdr>z1</zdr>
      <datOd>2023-08-31T09:00:00</datOd>
      <datDo>2060-08-31T09:00:00</datDo>
    </udaj>
    <udaj ID="1109802450">
      <hod>37168</hod>
      <uka>u3</uka>
      <vec>v4</vec>
      <vec>v10</vec>
      <mj>m2</mj>
      <uze>p1</uze>
      <cas>c1</cas>
      <zdr>z1</zdr>
      <datOd>2023-08-31T09:00:00</datOd>
      <datDo>2060-08-31T09:00:00</datDo>
    </udaj>
    <udaj ID="1109802451">
      <hod>20009</hod>
      <uka>u4</uka>
      <vec>v4</vec>
      <mj>m2</mj>
      <uze>p1</uze>
      <cas>c1</cas>
      <zdr>z1</zdr>
      <datOd>2023-08-31T09:00:00</datOd>
      <datDo>2060-08-31T09:00:00</datDo>
    </udaj>
    <udaj ID="1109802452">
      <hod>12859</hod>
      <uka>u5</uka>
      <vec>v4</vec>
      <mj>m2</mj>
      <uze>p1</uze>
      <cas>c1</cas>
      <zdr>z1</zdr>
      <datOd>2023-08-31T09:00:00</datOd>
      <datDo>2060-08-31T09:00:00</datDo>
    </udaj>
    <udaj ID="1109802453">
      <hod>13</hod>
      <uka>u1</uka>
      <vec>v4</vec>
      <vec>v5</vec>
      <mj>m1</mj>
      <uze>p1</uze>
      <cas>c1</cas>
      <zdr>z1</zdr>
      <datOd>2023-08-31T09:00:00</datOd>
      <datDo>2060-08-31T09:00:00</datDo>
    </udaj>
    <udaj ID="1109802454">
      <hod>47</hod>
      <uka>u2</uka>
      <vec>v4</vec>
      <vec>v5</vec>
      <mj>m1</mj>
      <uze>p1</uze>
      <cas>c1</cas>
      <zdr>z1</zdr>
      <datOd>2023-08-31T09:00:00</datOd>
      <datDo>2060-08-31T09:00:00</datDo>
    </udaj>
    <udaj ID="1109802455">
      <hod>366</hod>
      <uka>u3</uka>
      <vec>v4</vec>
      <vec>v5</vec>
      <mj>m2</mj>
      <uze>p1</uze>
      <cas>c1</cas>
      <zdr>z1</zdr>
      <datOd>2023-08-31T09:00:00</datOd>
      <datDo>2060-08-31T09:00:00</datDo>
    </udaj>
    <udaj ID="1109802456">
      <hod>172</hod>
      <uka>u3</uka>
      <vec>v4</vec>
      <vec>v5</vec>
      <vec>v11</vec>
      <mj>m2</mj>
      <uze>p1</uze>
      <cas>c1</cas>
      <zdr>z1</zdr>
      <datOd>2023-08-31T09:00:00</datOd>
      <datDo>2060-08-31T09:00:00</datDo>
    </udaj>
    <udaj ID="1109802457">
      <hod>194</hod>
      <uka>u3</uka>
      <vec>v4</vec>
      <vec>v5</vec>
      <vec>v10</vec>
      <mj>m2</mj>
      <uze>p1</uze>
      <cas>c1</cas>
      <zdr>z1</zdr>
      <datOd>2023-08-31T09:00:00</datOd>
      <datDo>2060-08-31T09:00:00</datDo>
    </udaj>
    <udaj ID="1109802458">
      <hod>123</hod>
      <uka>u4</uka>
      <vec>v4</vec>
      <vec>v5</vec>
      <mj>m2</mj>
      <uze>p1</uze>
      <cas>c1</cas>
      <zdr>z1</zdr>
      <datOd>2023-08-31T09:00:00</datOd>
      <datDo>2060-08-31T09:00:00</datDo>
    </udaj>
    <udaj ID="1109802459">
      <hod>88</hod>
      <uka>u5</uka>
      <vec>v4</vec>
      <vec>v5</vec>
      <mj>m2</mj>
      <uze>p1</uze>
      <cas>c1</cas>
      <zdr>z1</zdr>
      <datOd>2023-08-31T09:00:00</datOd>
      <datDo>2060-08-31T09:00:00</datDo>
    </udaj>
    <udaj ID="1109802460">
      <hod>39</hod>
      <uka>u1</uka>
      <vec>v4</vec>
      <vec>v8</vec>
      <mj>m1</mj>
      <uze>p1</uze>
      <cas>c1</cas>
      <zdr>z1</zdr>
      <datOd>2023-08-31T09:00:00</datOd>
      <datDo>2060-08-31T09:00:00</datDo>
    </udaj>
    <udaj ID="1109802461">
      <hod>432</hod>
      <uka>u2</uka>
      <vec>v4</vec>
      <vec>v8</vec>
      <mj>m1</mj>
      <uze>p1</uze>
      <cas>c1</cas>
      <zdr>z1</zdr>
      <datOd>2023-08-31T09:00:00</datOd>
      <datDo>2060-08-31T09:00:00</datDo>
    </udaj>
    <udaj ID="1109802525">
      <hod>9314</hod>
      <uka>u3</uka>
      <vec>v4</vec>
      <vec>v8</vec>
      <mj>m2</mj>
      <uze>p1</uze>
      <cas>c1</cas>
      <zdr>z1</zdr>
      <datOd>2023-08-31T09:00:00</datOd>
      <datDo>2060-08-31T09:00:00</datDo>
    </udaj>
    <udaj ID="1109802526">
      <hod>3244</hod>
      <uka>u3</uka>
      <vec>v4</vec>
      <vec>v8</vec>
      <vec>v11</vec>
      <mj>m2</mj>
      <uze>p1</uze>
      <cas>c1</cas>
      <zdr>z1</zdr>
      <datOd>2023-08-31T09:00:00</datOd>
      <datDo>2060-08-31T09:00:00</datDo>
    </udaj>
    <udaj ID="1109802527">
      <hod>6070</hod>
      <uka>u3</uka>
      <vec>v4</vec>
      <vec>v8</vec>
      <vec>v10</vec>
      <mj>m2</mj>
      <uze>p1</uze>
      <cas>c1</cas>
      <zdr>z1</zdr>
      <datOd>2023-08-31T09:00:00</datOd>
      <datDo>2060-08-31T09:00:00</datDo>
    </udaj>
    <udaj ID="1109802528">
      <hod>3673</hod>
      <uka>u4</uka>
      <vec>v4</vec>
      <vec>v8</vec>
      <mj>m2</mj>
      <uze>p1</uze>
      <cas>c1</cas>
      <zdr>z1</zdr>
      <datOd>2023-08-31T09:00:00</datOd>
      <datDo>2060-08-31T09:00:00</datDo>
    </udaj>
    <udaj ID="1109802529">
      <hod>2473</hod>
      <uka>u5</uka>
      <vec>v4</vec>
      <vec>v8</vec>
      <mj>m2</mj>
      <uze>p1</uze>
      <cas>c1</cas>
      <zdr>z1</zdr>
      <datOd>2023-08-31T09:00:00</datOd>
      <datDo>2060-08-31T09:00:00</datDo>
    </udaj>
    <udaj ID="1109802530">
      <hod>105</hod>
      <uka>u1</uka>
      <vec>v4</vec>
      <vec>v9</vec>
      <mj>m1</mj>
      <uze>p1</uze>
      <cas>c1</cas>
      <zdr>z1</zdr>
      <datOd>2023-08-31T09:00:00</datOd>
      <datDo>2060-08-31T09:00:00</datDo>
    </udaj>
    <udaj ID="1109802531">
      <hod>1316.98</hod>
      <uka>u2</uka>
      <vec>v4</vec>
      <vec>v9</vec>
      <mj>m1</mj>
      <uze>p1</uze>
      <cas>c1</cas>
      <zdr>z1</zdr>
      <datOd>2023-08-31T09:00:00</datOd>
      <datDo>2060-08-31T09:00:00</datDo>
    </udaj>
    <udaj ID="1109802532">
      <hod>34714</hod>
      <uka>u3</uka>
      <vec>v4</vec>
      <vec>v9</vec>
      <mj>m2</mj>
      <uze>p1</uze>
      <cas>c1</cas>
      <zdr>z1</zdr>
      <datOd>2023-08-31T09:00:00</datOd>
      <datDo>2060-08-31T09:00:00</datDo>
    </udaj>
    <udaj ID="1109802533">
      <hod>17566</hod>
      <uka>u3</uka>
      <vec>v4</vec>
      <vec>v9</vec>
      <vec>v11</vec>
      <mj>m2</mj>
      <uze>p1</uze>
      <cas>c1</cas>
      <zdr>z1</zdr>
      <datOd>2023-08-31T09:00:00</datOd>
      <datDo>2060-08-31T09:00:00</datDo>
    </udaj>
    <udaj ID="1109802534">
      <hod>17148</hod>
      <uka>u3</uka>
      <vec>v4</vec>
      <vec>v9</vec>
      <vec>v10</vec>
      <mj>m2</mj>
      <uze>p1</uze>
      <cas>c1</cas>
      <zdr>z1</zdr>
      <datOd>2023-08-31T09:00:00</datOd>
      <datDo>2060-08-31T09:00:00</datDo>
    </udaj>
    <udaj ID="1109802535">
      <hod>9895</hod>
      <uka>u4</uka>
      <vec>v4</vec>
      <vec>v9</vec>
      <mj>m2</mj>
      <uze>p1</uze>
      <cas>c1</cas>
      <zdr>z1</zdr>
      <datOd>2023-08-31T09:00:00</datOd>
      <datDo>2060-08-31T09:00:00</datDo>
    </udaj>
    <udaj ID="1109802536">
      <hod>6019</hod>
      <uka>u5</uka>
      <vec>v4</vec>
      <vec>v9</vec>
      <mj>m2</mj>
      <uze>p1</uze>
      <cas>c1</cas>
      <zdr>z1</zdr>
      <datOd>2023-08-31T09:00:00</datOd>
      <datDo>2060-08-31T09:00:00</datDo>
    </udaj>
    <udaj ID="1109802537">
      <hod>79</hod>
      <uka>u1</uka>
      <vec>v4</vec>
      <vec>v6</vec>
      <mj>m1</mj>
      <uze>p1</uze>
      <cas>c1</cas>
      <zdr>z1</zdr>
      <datOd>2023-08-31T09:00:00</datOd>
      <datDo>2060-08-31T09:00:00</datDo>
    </udaj>
    <udaj ID="1109802538">
      <hod>1032.99</hod>
      <uka>u2</uka>
      <vec>v4</vec>
      <vec>v6</vec>
      <mj>m1</mj>
      <uze>p1</uze>
      <cas>c1</cas>
      <zdr>z1</zdr>
      <datOd>2023-08-31T09:00:00</datOd>
      <datDo>2060-08-31T09:00:00</datDo>
    </udaj>
    <udaj ID="1109802539">
      <hod>27357</hod>
      <uka>u3</uka>
      <vec>v4</vec>
      <vec>v6</vec>
      <mj>m2</mj>
      <uze>p1</uze>
      <cas>c1</cas>
      <zdr>z1</zdr>
      <datOd>2023-08-31T09:00:00</datOd>
      <datDo>2060-08-31T09:00:00</datDo>
    </udaj>
    <udaj ID="1109802540">
      <hod>14756</hod>
      <uka>u3</uka>
      <vec>v4</vec>
      <vec>v6</vec>
      <vec>v11</vec>
      <mj>m2</mj>
      <uze>p1</uze>
      <cas>c1</cas>
      <zdr>z1</zdr>
      <datOd>2023-08-31T09:00:00</datOd>
      <datDo>2060-08-31T09:00:00</datDo>
    </udaj>
    <udaj ID="1109802541">
      <hod>12601</hod>
      <uka>u3</uka>
      <vec>v4</vec>
      <vec>v6</vec>
      <vec>v10</vec>
      <mj>m2</mj>
      <uze>p1</uze>
      <cas>c1</cas>
      <zdr>z1</zdr>
      <datOd>2023-08-31T09:00:00</datOd>
      <datDo>2060-08-31T09:00:00</datDo>
    </udaj>
    <udaj ID="1109802542">
      <hod>5085</hod>
      <uka>u4</uka>
      <vec>v4</vec>
      <vec>v6</vec>
      <mj>m2</mj>
      <uze>p1</uze>
      <cas>c1</cas>
      <zdr>z1</zdr>
      <datOd>2023-08-31T09:00:00</datOd>
      <datDo>2060-08-31T09:00:00</datDo>
    </udaj>
    <udaj ID="1109802543">
      <hod>3883</hod>
      <uka>u5</uka>
      <vec>v4</vec>
      <vec>v6</vec>
      <mj>m2</mj>
      <uze>p1</uze>
      <cas>c1</cas>
      <zdr>z1</zdr>
      <datOd>2023-08-31T09:00:00</datOd>
      <datDo>2060-08-31T09:00:00</datDo>
    </udaj>
    <udaj ID="1109802544">
      <hod>41</hod>
      <uka>u1</uka>
      <vec>v3</vec>
      <vec>v4</vec>
      <vec>v6</vec>
      <mj>m1</mj>
      <uze>p1</uze>
      <cas>c1</cas>
      <zdr>z1</zdr>
      <datOd>2023-08-31T09:00:00</datOd>
      <datDo>2060-08-31T09:00:00</datDo>
    </udaj>
    <udaj ID="1109802545">
      <hod>543.3</hod>
      <uka>u2</uka>
      <vec>v3</vec>
      <vec>v4</vec>
      <vec>v6</vec>
      <mj>m1</mj>
      <uze>p1</uze>
      <cas>c1</cas>
      <zdr>z1</zdr>
      <datOd>2023-08-31T09:00:00</datOd>
      <datDo>2060-08-31T09:00:00</datDo>
    </udaj>
    <udaj ID="1109802614">
      <hod>14307</hod>
      <uka>u3</uka>
      <vec>v3</vec>
      <vec>v4</vec>
      <vec>v6</vec>
      <mj>m2</mj>
      <uze>p1</uze>
      <cas>c1</cas>
      <zdr>z1</zdr>
      <datOd>2023-08-31T09:00:00</datOd>
      <datDo>2060-08-31T09:00:00</datDo>
    </udaj>
    <udaj ID="1139548387">
      <hod>7195</hod>
      <uka>u3</uka>
      <vec>v3</vec>
      <vec>v4</vec>
      <vec>v6</vec>
      <vec>v11</vec>
      <mj>m2</mj>
      <uze>p1</uze>
      <cas>c1</cas>
      <zdr>z1</zdr>
      <datOd>2023-08-31T09:00:00</datOd>
      <datDo>2065-12-31T00:00:00</datDo>
    </udaj>
    <udaj ID="1139548388">
      <hod>7112</hod>
      <uka>u3</uka>
      <vec>v3</vec>
      <vec>v4</vec>
      <vec>v6</vec>
      <vec>v10</vec>
      <mj>m2</mj>
      <uze>p1</uze>
      <cas>c1</cas>
      <zdr>z1</zdr>
      <datOd>2023-08-31T09:00:00</datOd>
      <datDo>2065-12-31T00:00:00</datDo>
    </udaj>
    <udaj ID="1109802615">
      <hod>1849</hod>
      <uka>u4</uka>
      <vec>v3</vec>
      <vec>v4</vec>
      <vec>v6</vec>
      <mj>m2</mj>
      <uze>p1</uze>
      <cas>c1</cas>
      <zdr>z1</zdr>
      <datOd>2023-08-31T09:00:00</datOd>
      <datDo>2060-08-31T09:00:00</datDo>
    </udaj>
    <udaj ID="1109802616">
      <hod>1568</hod>
      <uka>u5</uka>
      <vec>v3</vec>
      <vec>v4</vec>
      <vec>v6</vec>
      <mj>m2</mj>
      <uze>p1</uze>
      <cas>c1</cas>
      <zdr>z1</zdr>
      <datOd>2023-08-31T09:00:00</datOd>
      <datDo>2060-08-31T09:00:00</datDo>
    </udaj>
    <udaj ID="1109802617">
      <hod>15</hod>
      <uka>u1</uka>
      <vec>v2</vec>
      <vec>v4</vec>
      <vec>v6</vec>
      <mj>m1</mj>
      <uze>p1</uze>
      <cas>c1</cas>
      <zdr>z1</zdr>
      <datOd>2023-08-31T09:00:00</datOd>
      <datDo>2060-08-31T09:00:00</datDo>
    </udaj>
    <udaj ID="1109802618">
      <hod>168.08</hod>
      <uka>u2</uka>
      <vec>v2</vec>
      <vec>v4</vec>
      <vec>v6</vec>
      <mj>m1</mj>
      <uze>p1</uze>
      <cas>c1</cas>
      <zdr>z1</zdr>
      <datOd>2023-08-31T09:00:00</datOd>
      <datDo>2060-08-31T09:00:00</datDo>
    </udaj>
    <udaj ID="1109802619">
      <hod>4198</hod>
      <uka>u3</uka>
      <vec>v2</vec>
      <vec>v4</vec>
      <vec>v6</vec>
      <mj>m2</mj>
      <uze>p1</uze>
      <cas>c1</cas>
      <zdr>z1</zdr>
      <datOd>2023-08-31T09:00:00</datOd>
      <datDo>2060-08-31T09:00:00</datDo>
    </udaj>
    <udaj ID="1139548389">
      <hod>2376</hod>
      <uka>u3</uka>
      <vec>v2</vec>
      <vec>v4</vec>
      <vec>v6</vec>
      <vec>v11</vec>
      <mj>m2</mj>
      <uze>p1</uze>
      <cas>c1</cas>
      <zdr>z1</zdr>
      <datOd>2023-08-31T09:00:00</datOd>
      <datDo>2065-12-31T00:00:00</datDo>
    </udaj>
    <udaj ID="1139548390">
      <hod>1822</hod>
      <uka>u3</uka>
      <vec>v2</vec>
      <vec>v4</vec>
      <vec>v6</vec>
      <vec>v10</vec>
      <mj>m2</mj>
      <uze>p1</uze>
      <cas>c1</cas>
      <zdr>z1</zdr>
      <datOd>2023-08-31T09:00:00</datOd>
      <datDo>2065-12-31T00:00:00</datDo>
    </udaj>
    <udaj ID="1109802620">
      <hod>718</hod>
      <uka>u4</uka>
      <vec>v2</vec>
      <vec>v4</vec>
      <vec>v6</vec>
      <mj>m2</mj>
      <uze>p1</uze>
      <cas>c1</cas>
      <zdr>z1</zdr>
      <datOd>2023-08-31T09:00:00</datOd>
      <datDo>2060-08-31T09:00:00</datDo>
    </udaj>
    <udaj ID="1109802621">
      <hod>613</hod>
      <uka>u5</uka>
      <vec>v2</vec>
      <vec>v4</vec>
      <vec>v6</vec>
      <mj>m2</mj>
      <uze>p1</uze>
      <cas>c1</cas>
      <zdr>z1</zdr>
      <datOd>2023-08-31T09:00:00</datOd>
      <datDo>2060-08-31T09:00:00</datDo>
    </udaj>
    <udaj ID="1109802622">
      <hod>53</hod>
      <uka>u1</uka>
      <vec>v1</vec>
      <vec>v4</vec>
      <vec>v6</vec>
      <mj>m1</mj>
      <uze>p1</uze>
      <cas>c1</cas>
      <zdr>z1</zdr>
      <datOd>2023-08-31T09:00:00</datOd>
      <datDo>2060-08-31T09:00:00</datDo>
    </udaj>
    <udaj ID="1109802623">
      <hod>321.61</hod>
      <uka>u2</uka>
      <vec>v1</vec>
      <vec>v4</vec>
      <vec>v6</vec>
      <mj>m1</mj>
      <uze>p1</uze>
      <cas>c1</cas>
      <zdr>z1</zdr>
      <datOd>2023-08-31T09:00:00</datOd>
      <datDo>2060-08-31T09:00:00</datDo>
    </udaj>
    <udaj ID="1109802624">
      <hod>8852</hod>
      <uka>u3</uka>
      <vec>v1</vec>
      <vec>v4</vec>
      <vec>v6</vec>
      <mj>m2</mj>
      <uze>p1</uze>
      <cas>c1</cas>
      <zdr>z1</zdr>
      <datOd>2023-08-31T09:00:00</datOd>
      <datDo>2060-08-31T09:00:00</datDo>
    </udaj>
    <udaj ID="1139548391">
      <hod>5185</hod>
      <uka>u3</uka>
      <vec>v1</vec>
      <vec>v4</vec>
      <vec>v6</vec>
      <vec>v11</vec>
      <mj>m2</mj>
      <uze>p1</uze>
      <cas>c1</cas>
      <zdr>z1</zdr>
      <datOd>2023-08-31T09:00:00</datOd>
      <datDo>2065-12-31T00:00:00</datDo>
    </udaj>
    <udaj ID="1139548392">
      <hod>3667</hod>
      <uka>u3</uka>
      <vec>v1</vec>
      <vec>v4</vec>
      <vec>v6</vec>
      <vec>v10</vec>
      <mj>m2</mj>
      <uze>p1</uze>
      <cas>c1</cas>
      <zdr>z1</zdr>
      <datOd>2023-08-31T09:00:00</datOd>
      <datDo>2065-12-31T00:00:00</datDo>
    </udaj>
    <udaj ID="1109802625">
      <hod>2518</hod>
      <uka>u4</uka>
      <vec>v1</vec>
      <vec>v4</vec>
      <vec>v6</vec>
      <mj>m2</mj>
      <uze>p1</uze>
      <cas>c1</cas>
      <zdr>z1</zdr>
      <datOd>2023-08-31T09:00:00</datOd>
      <datDo>2060-08-31T09:00:00</datDo>
    </udaj>
    <udaj ID="1109802626">
      <hod>1702</hod>
      <uka>u5</uka>
      <vec>v1</vec>
      <vec>v4</vec>
      <vec>v6</vec>
      <mj>m2</mj>
      <uze>p1</uze>
      <cas>c1</cas>
      <zdr>z1</zdr>
      <datOd>2023-08-31T09:00:00</datOd>
      <datDo>2060-08-31T09:00:00</datDo>
    </udaj>
    <udaj ID="1109802627">
      <hod>27</hod>
      <uka>u1</uka>
      <vec>v4</vec>
      <vec>v7</vec>
      <mj>m1</mj>
      <uze>p1</uze>
      <cas>c1</cas>
      <zdr>z1</zdr>
      <datOd>2023-08-31T09:00:00</datOd>
      <datDo>2060-08-31T09:00:00</datDo>
    </udaj>
    <udaj ID="1109802628">
      <hod>59</hod>
      <uka>u2</uka>
      <vec>v4</vec>
      <vec>v7</vec>
      <mj>m1</mj>
      <uze>p1</uze>
      <cas>c1</cas>
      <zdr>z1</zdr>
      <datOd>2023-08-31T09:00:00</datOd>
      <datDo>2060-08-31T09:00:00</datDo>
    </udaj>
    <udaj ID="1109802629">
      <hod>2233</hod>
      <uka>u3</uka>
      <vec>v4</vec>
      <vec>v7</vec>
      <mj>m2</mj>
      <uze>p1</uze>
      <cas>c1</cas>
      <zdr>z1</zdr>
      <datOd>2023-08-31T09:00:00</datOd>
      <datDo>2060-08-31T09:00:00</datDo>
    </udaj>
    <udaj ID="1109802630">
      <hod>1078</hod>
      <uka>u3</uka>
      <vec>v4</vec>
      <vec>v7</vec>
      <vec>v11</vec>
      <mj>m2</mj>
      <uze>p1</uze>
      <cas>c1</cas>
      <zdr>z1</zdr>
      <datOd>2023-08-31T09:00:00</datOd>
      <datDo>2060-08-31T09:00:00</datDo>
    </udaj>
    <udaj ID="1109802631">
      <hod>1155</hod>
      <uka>u3</uka>
      <vec>v4</vec>
      <vec>v7</vec>
      <vec>v10</vec>
      <mj>m2</mj>
      <uze>p1</uze>
      <cas>c1</cas>
      <zdr>z1</zdr>
      <datOd>2023-08-31T09:00:00</datOd>
      <datDo>2060-08-31T09:00:00</datDo>
    </udaj>
    <udaj ID="1109802699">
      <hod>1233</hod>
      <uka>u4</uka>
      <vec>v4</vec>
      <vec>v7</vec>
      <mj>m2</mj>
      <uze>p1</uze>
      <cas>c1</cas>
      <zdr>z1</zdr>
      <datOd>2023-08-31T09:00:00</datOd>
      <datDo>2060-08-31T09:00:00</datDo>
    </udaj>
    <udaj ID="1109802700">
      <hod>396</hod>
      <uka>u5</uka>
      <vec>v4</vec>
      <vec>v7</vec>
      <mj>m2</mj>
      <uze>p1</uze>
      <cas>c1</cas>
      <zdr>z1</zdr>
      <datOd>2023-08-31T09:00:00</datOd>
      <datDo>2060-08-31T09:00:00</datDo>
    </udaj>
  </data>
</vdbData>
