<?xml version="1.0" encoding="UTF-8" standalone="yes"?>
<vdbData xmlns="http://vdb.czso.cz/xml/export" xmlns:xsi="http://www.w3.org/2001/XMLSchema-instance" VERZE="1.1" JAZYK="cs" xsi:schemaLocation="http://vdb.czso.cz/xml/VdbData.xsd">
  <pruvodka>
    <copyright ROK="2023">© Český statistický úřad</copyright>
    <disclaimer>Poskytovatel neodpovídá za případné škody vzniklé v souvislosti s poskytnutými statistickými informacemi.</disclaimer>
    <ident>VZD09</ident>
    <nazev>Vzdělávání ve vyšších odborných školách - územní srovnání</nazev>
    <nastaveniExportu>
      <parametry>ZVOLENE</parametry>
      <rozsah>T</rozsah>
      <definice>N</definice>
      <atributy>N</atributy>
      <typDat>N</typDat>
      <casAktDB>N</casAktDB>
    </nastaveniExportu>
    <zdrojoveURI>https://vdb.czso.cz/vdbvo2/faces/cs/index.jsf?page=vystup-objekt&amp;z=T&amp;f=TABULKA&amp;pvo=VZD09&amp;katalog=30848&amp;&amp;c=v3~1__RP2022RK2023MP09MK06DP01DK30&amp;str=v43&amp;kodjaz=203</zdrojoveURI>
    <generator>VdbExporty: 1.1.11</generator>
    <casExportu>2023-10-21T00:52:23</casExportu>
    <pocetUdaju>105</pocetUdaju>
  </pruvodka>
  <metaSlovnik>
    <ukazatel>
      <uka ID="u1">
        <kod>6043</kod>
        <text>Počet škol</text>
      </uka>
      <uka ID="u2">
        <kod>6053</kod>
        <text>Počet tříd nebo studijních skupin</text>
      </uka>
      <uka ID="u3">
        <kod>6058</kod>
        <text>Počet studentů</text>
      </uka>
      <uka ID="u4">
        <kod>6056</kod>
        <text>Počet nově přijatých žáků/studentů do prvního ročníku</text>
      </uka>
      <uka ID="u5">
        <kod>6061</kod>
        <text>Počet absolventů středního, vyššího odborného a vysokoškolského vzdělávání</text>
      </uka>
    </ukazatel>
    <vecneUpresneni>
      <element ID="v1">
        <dim>DRUHSKOLZAR</dim>
        <dimText>Druh školy a školského zařízení</dimText>
        <ciselnik>340</ciselnik>
        <kod>5</kod>
        <text>Vyšší odborná škola</text>
      </element>
      <element ID="v2">
        <dim>DRUHSTUDIA</dim>
        <dimText>Druh studia a studijního programu</dimText>
        <ciselnik>344</ciselnik>
        <kod>40</kod>
        <text>Vyšší odborné vzdělávání</text>
      </element>
      <element ID="v3">
        <dim>POHLAVI</dim>
        <dimText>Pohlaví</dimText>
        <ciselnik>102</ciselnik>
        <kod>1</kod>
        <text>muž</text>
      </element>
      <element ID="v4">
        <dim>POHLAVI</dim>
        <dimText>Pohlaví</dimText>
        <ciselnik>102</ciselnik>
        <kod>2</kod>
        <text>žena</text>
      </element>
    </vecneUpresneni>
    <mericiJednotka>
      <element ID="m1">
        <dim>MJ_SKUTEC</dim>
        <dimText>Skutečná měřicí jednotka</dimText>
        <ciselnik>78</ciselnik>
        <kod>99998</kod>
        <text>četnostní jednotka</text>
      </element>
      <element ID="m2">
        <dim>MJ_SKUTEC</dim>
        <dimText>Skutečná měřicí jednotka</dimText>
        <ciselnik>78</ciselnik>
        <kod>80400</kod>
        <text>osoba</text>
      </element>
    </mericiJednotka>
    <uzemi>
      <element ID="p1">
        <dim>VUZEMI</dim>
        <dimText>V území</dimText>
        <ciselnik>100</ciselnik>
        <kod>3018</kod>
        <text>Hlavní město Praha</text>
      </element>
      <element ID="p2">
        <dim>VUZEMI</dim>
        <dimText>V území</dimText>
        <ciselnik>100</ciselnik>
        <kod>3026</kod>
        <text>Středočeský kraj</text>
      </element>
      <element ID="p3">
        <dim>VUZEMI</dim>
        <dimText>V území</dimText>
        <ciselnik>100</ciselnik>
        <kod>3034</kod>
        <text>Jihočeský kraj</text>
      </element>
      <element ID="p4">
        <dim>VUZEMI</dim>
        <dimText>V území</dimText>
        <ciselnik>100</ciselnik>
        <kod>3042</kod>
        <text>Plzeňský kraj</text>
      </element>
      <element ID="p5">
        <dim>VUZEMI</dim>
        <dimText>V území</dimText>
        <ciselnik>100</ciselnik>
        <kod>3051</kod>
        <text>Karlovarský kraj</text>
      </element>
      <element ID="p6">
        <dim>VUZEMI</dim>
        <dimText>V území</dimText>
        <ciselnik>100</ciselnik>
        <kod>3069</kod>
        <text>Ústecký kraj</text>
      </element>
      <element ID="p7">
        <dim>VUZEMI</dim>
        <dimText>V území</dimText>
        <ciselnik>100</ciselnik>
        <kod>3077</kod>
        <text>Liberecký kraj</text>
      </element>
      <element ID="p8">
        <dim>VUZEMI</dim>
        <dimText>V území</dimText>
        <ciselnik>100</ciselnik>
        <kod>3085</kod>
        <text>Královéhradecký kraj</text>
      </element>
      <element ID="p9">
        <dim>VUZEMI</dim>
        <dimText>V území</dimText>
        <ciselnik>100</ciselnik>
        <kod>3093</kod>
        <text>Pardubický kraj</text>
      </element>
      <element ID="p10">
        <dim>VUZEMI</dim>
        <dimText>V území</dimText>
        <ciselnik>100</ciselnik>
        <kod>3107</kod>
        <text>Kraj Vysočina</text>
      </element>
      <element ID="p11">
        <dim>VUZEMI</dim>
        <dimText>V území</dimText>
        <ciselnik>100</ciselnik>
        <kod>3115</kod>
        <text>Jihomoravský kraj</text>
      </element>
      <element ID="p12">
        <dim>VUZEMI</dim>
        <dimText>V území</dimText>
        <ciselnik>100</ciselnik>
        <kod>3123</kod>
        <text>Olomoucký kraj</text>
      </element>
      <element ID="p13">
        <dim>VUZEMI</dim>
        <dimText>V území</dimText>
        <ciselnik>100</ciselnik>
        <kod>3131</kod>
        <text>Zlínský kraj</text>
      </element>
      <element ID="p14">
        <dim>VUZEMI</dim>
        <dimText>V území</dimText>
        <ciselnik>100</ciselnik>
        <kod>3140</kod>
        <text>Moravskoslezský kraj</text>
      </element>
      <element ID="p15">
        <dim>VUZEMI</dim>
        <dimText>V území</dimText>
        <ciselnik>97</ciselnik>
        <kod>19</kod>
        <text>Česká republika</text>
      </element>
    </uzemi>
    <obdobi>
      <cas ID="c1">
        <casOd>2022-09-01</casOd>
        <casDo>2023-06-30</casDo>
      </cas>
    </obdobi>
    <zdrojovaUloha>
      <zdr ID="z1">
        <kod>ADMMSMTVZD</kod>
        <text>Adm. zdroj dat z MŠMT - Vzdělávání</text>
        <verze>1900100</verze>
        <verzeText>roční (leden - prosinec) zpracování - 1. verze</verzeText>
        <obdobiOd>2022-01-01</obdobiOd>
        <obdobiDo>2022-12-31</obdobiDo>
      </zdr>
    </zdrojovaUloha>
  </metaSlovnik>
  <data>
    <udaj ID="1109802815">
      <hod>150</hod>
      <uka>u1</uka>
      <vec>v1</vec>
      <vec>v2</vec>
      <mj>m1</mj>
      <uze>p15</uze>
      <cas>c1</cas>
      <zdr>z1</zdr>
      <datOd>2023-08-31T09:00:00</datOd>
      <datDo>2060-08-31T09:00:00</datDo>
    </udaj>
    <udaj ID="1109802816">
      <hod>771</hod>
      <uka>u2</uka>
      <vec>v1</vec>
      <vec>v2</vec>
      <mj>m1</mj>
      <uze>p15</uze>
      <cas>c1</cas>
      <zdr>z1</zdr>
      <datOd>2023-08-31T09:00:00</datOd>
      <datDo>2060-08-31T09:00:00</datDo>
    </udaj>
    <udaj ID="1109802817">
      <hod>20639</hod>
      <uka>u3</uka>
      <vec>v1</vec>
      <vec>v2</vec>
      <mj>m2</mj>
      <uze>p15</uze>
      <cas>c1</cas>
      <zdr>z1</zdr>
      <datOd>2023-08-31T09:00:00</datOd>
      <datDo>2060-08-31T09:00:00</datDo>
    </udaj>
    <udaj ID="1109802818">
      <hod>15939</hod>
      <uka>u3</uka>
      <vec>v1</vec>
      <vec>v2</vec>
      <vec>v4</vec>
      <mj>m2</mj>
      <uze>p15</uze>
      <cas>c1</cas>
      <zdr>z1</zdr>
      <datOd>2023-08-31T09:00:00</datOd>
      <datDo>2060-08-31T09:00:00</datDo>
    </udaj>
    <udaj ID="1109802819">
      <hod>4700</hod>
      <uka>u3</uka>
      <vec>v1</vec>
      <vec>v2</vec>
      <vec>v3</vec>
      <mj>m2</mj>
      <uze>p15</uze>
      <cas>c1</cas>
      <zdr>z1</zdr>
      <datOd>2023-08-31T09:00:00</datOd>
      <datDo>2060-08-31T09:00:00</datDo>
    </udaj>
    <udaj ID="1109802820">
      <hod>8968</hod>
      <uka>u4</uka>
      <vec>v1</vec>
      <vec>v2</vec>
      <mj>m2</mj>
      <uze>p15</uze>
      <cas>c1</cas>
      <zdr>z1</zdr>
      <datOd>2023-08-31T09:00:00</datOd>
      <datDo>2060-08-31T09:00:00</datDo>
    </udaj>
    <udaj ID="1109802821">
      <hod>3906</hod>
      <uka>u5</uka>
      <vec>v1</vec>
      <vec>v2</vec>
      <mj>m2</mj>
      <uze>p15</uze>
      <cas>c1</cas>
      <zdr>z1</zdr>
      <datOd>2023-08-31T09:00:00</datOd>
      <datDo>2060-08-31T09:00:00</datDo>
    </udaj>
    <udaj ID="1109802822">
      <hod>34</hod>
      <uka>u1</uka>
      <vec>v1</vec>
      <vec>v2</vec>
      <mj>m1</mj>
      <uze>p1</uze>
      <cas>c1</cas>
      <zdr>z1</zdr>
      <datOd>2023-08-31T09:00:00</datOd>
      <datDo>2060-08-31T09:00:00</datDo>
    </udaj>
    <udaj ID="1109802823">
      <hod>210</hod>
      <uka>u2</uka>
      <vec>v1</vec>
      <vec>v2</vec>
      <mj>m1</mj>
      <uze>p1</uze>
      <cas>c1</cas>
      <zdr>z1</zdr>
      <datOd>2023-08-31T09:00:00</datOd>
      <datDo>2060-08-31T09:00:00</datDo>
    </udaj>
    <udaj ID="1109802824">
      <hod>4880</hod>
      <uka>u3</uka>
      <vec>v1</vec>
      <vec>v2</vec>
      <mj>m2</mj>
      <uze>p1</uze>
      <cas>c1</cas>
      <zdr>z1</zdr>
      <datOd>2023-08-31T09:00:00</datOd>
      <datDo>2060-08-31T09:00:00</datDo>
    </udaj>
    <udaj ID="1109802825">
      <hod>3475</hod>
      <uka>u3</uka>
      <vec>v1</vec>
      <vec>v2</vec>
      <vec>v4</vec>
      <mj>m2</mj>
      <uze>p1</uze>
      <cas>c1</cas>
      <zdr>z1</zdr>
      <datOd>2023-08-31T09:00:00</datOd>
      <datDo>2060-08-31T09:00:00</datDo>
    </udaj>
    <udaj ID="1109802889">
      <hod>1405</hod>
      <uka>u3</uka>
      <vec>v1</vec>
      <vec>v2</vec>
      <vec>v3</vec>
      <mj>m2</mj>
      <uze>p1</uze>
      <cas>c1</cas>
      <zdr>z1</zdr>
      <datOd>2023-08-31T09:00:00</datOd>
      <datDo>2060-08-31T09:00:00</datDo>
    </udaj>
    <udaj ID="1109802890">
      <hod>2105</hod>
      <uka>u4</uka>
      <vec>v1</vec>
      <vec>v2</vec>
      <mj>m2</mj>
      <uze>p1</uze>
      <cas>c1</cas>
      <zdr>z1</zdr>
      <datOd>2023-08-31T09:00:00</datOd>
      <datDo>2060-08-31T09:00:00</datDo>
    </udaj>
    <udaj ID="1109802891">
      <hod>887</hod>
      <uka>u5</uka>
      <vec>v1</vec>
      <vec>v2</vec>
      <mj>m2</mj>
      <uze>p1</uze>
      <cas>c1</cas>
      <zdr>z1</zdr>
      <datOd>2023-08-31T09:00:00</datOd>
      <datDo>2060-08-31T09:00:00</datDo>
    </udaj>
    <udaj ID="1109802892">
      <hod>14</hod>
      <uka>u1</uka>
      <vec>v1</vec>
      <vec>v2</vec>
      <mj>m1</mj>
      <uze>p2</uze>
      <cas>c1</cas>
      <zdr>z1</zdr>
      <datOd>2023-08-31T09:00:00</datOd>
      <datDo>2060-08-31T09:00:00</datDo>
    </udaj>
    <udaj ID="1109802893">
      <hod>37</hod>
      <uka>u2</uka>
      <vec>v1</vec>
      <vec>v2</vec>
      <mj>m1</mj>
      <uze>p2</uze>
      <cas>c1</cas>
      <zdr>z1</zdr>
      <datOd>2023-08-31T09:00:00</datOd>
      <datDo>2060-08-31T09:00:00</datDo>
    </udaj>
    <udaj ID="1109802894">
      <hod>1226</hod>
      <uka>u3</uka>
      <vec>v1</vec>
      <vec>v2</vec>
      <mj>m2</mj>
      <uze>p2</uze>
      <cas>c1</cas>
      <zdr>z1</zdr>
      <datOd>2023-08-31T09:00:00</datOd>
      <datDo>2060-08-31T09:00:00</datDo>
    </udaj>
    <udaj ID="1109802895">
      <hod>1049</hod>
      <uka>u3</uka>
      <vec>v1</vec>
      <vec>v2</vec>
      <vec>v4</vec>
      <mj>m2</mj>
      <uze>p2</uze>
      <cas>c1</cas>
      <zdr>z1</zdr>
      <datOd>2023-08-31T09:00:00</datOd>
      <datDo>2060-08-31T09:00:00</datDo>
    </udaj>
    <udaj ID="1109802896">
      <hod>177</hod>
      <uka>u3</uka>
      <vec>v1</vec>
      <vec>v2</vec>
      <vec>v3</vec>
      <mj>m2</mj>
      <uze>p2</uze>
      <cas>c1</cas>
      <zdr>z1</zdr>
      <datOd>2023-08-31T09:00:00</datOd>
      <datDo>2060-08-31T09:00:00</datDo>
    </udaj>
    <udaj ID="1109802897">
      <hod>525</hod>
      <uka>u4</uka>
      <vec>v1</vec>
      <vec>v2</vec>
      <mj>m2</mj>
      <uze>p2</uze>
      <cas>c1</cas>
      <zdr>z1</zdr>
      <datOd>2023-08-31T09:00:00</datOd>
      <datDo>2060-08-31T09:00:00</datDo>
    </udaj>
    <udaj ID="1109802898">
      <hod>289</hod>
      <uka>u5</uka>
      <vec>v1</vec>
      <vec>v2</vec>
      <mj>m2</mj>
      <uze>p2</uze>
      <cas>c1</cas>
      <zdr>z1</zdr>
      <datOd>2023-08-31T09:00:00</datOd>
      <datDo>2060-08-31T09:00:00</datDo>
    </udaj>
    <udaj ID="1109802899">
      <hod>14</hod>
      <uka>u1</uka>
      <vec>v1</vec>
      <vec>v2</vec>
      <mj>m1</mj>
      <uze>p3</uze>
      <cas>c1</cas>
      <zdr>z1</zdr>
      <datOd>2023-08-31T09:00:00</datOd>
      <datDo>2060-08-31T09:00:00</datDo>
    </udaj>
    <udaj ID="1109802900">
      <hod>34</hod>
      <uka>u2</uka>
      <vec>v1</vec>
      <vec>v2</vec>
      <mj>m1</mj>
      <uze>p3</uze>
      <cas>c1</cas>
      <zdr>z1</zdr>
      <datOd>2023-08-31T09:00:00</datOd>
      <datDo>2060-08-31T09:00:00</datDo>
    </udaj>
    <udaj ID="1109802901">
      <hod>745</hod>
      <uka>u3</uka>
      <vec>v1</vec>
      <vec>v2</vec>
      <mj>m2</mj>
      <uze>p3</uze>
      <cas>c1</cas>
      <zdr>z1</zdr>
      <datOd>2023-08-31T09:00:00</datOd>
      <datDo>2060-08-31T09:00:00</datDo>
    </udaj>
    <udaj ID="1109802902">
      <hod>390</hod>
      <uka>u3</uka>
      <vec>v1</vec>
      <vec>v2</vec>
      <vec>v4</vec>
      <mj>m2</mj>
      <uze>p3</uze>
      <cas>c1</cas>
      <zdr>z1</zdr>
      <datOd>2023-08-31T09:00:00</datOd>
      <datDo>2060-08-31T09:00:00</datDo>
    </udaj>
    <udaj ID="1109802903">
      <hod>355</hod>
      <uka>u3</uka>
      <vec>v1</vec>
      <vec>v2</vec>
      <vec>v3</vec>
      <mj>m2</mj>
      <uze>p3</uze>
      <cas>c1</cas>
      <zdr>z1</zdr>
      <datOd>2023-08-31T09:00:00</datOd>
      <datDo>2060-08-31T09:00:00</datDo>
    </udaj>
    <udaj ID="1109802904">
      <hod>265</hod>
      <uka>u4</uka>
      <vec>v1</vec>
      <vec>v2</vec>
      <mj>m2</mj>
      <uze>p3</uze>
      <cas>c1</cas>
      <zdr>z1</zdr>
      <datOd>2023-08-31T09:00:00</datOd>
      <datDo>2060-08-31T09:00:00</datDo>
    </udaj>
    <udaj ID="1109802905">
      <hod>179</hod>
      <uka>u5</uka>
      <vec>v1</vec>
      <vec>v2</vec>
      <mj>m2</mj>
      <uze>p3</uze>
      <cas>c1</cas>
      <zdr>z1</zdr>
      <datOd>2023-08-31T09:00:00</datOd>
      <datDo>2060-08-31T09:00:00</datDo>
    </udaj>
    <udaj ID="1109802906">
      <hod>6</hod>
      <uka>u1</uka>
      <vec>v1</vec>
      <vec>v2</vec>
      <mj>m1</mj>
      <uze>p4</uze>
      <cas>c1</cas>
      <zdr>z1</zdr>
      <datOd>2023-08-31T09:00:00</datOd>
      <datDo>2060-08-31T09:00:00</datDo>
    </udaj>
    <udaj ID="1109802907">
      <hod>68</hod>
      <uka>u2</uka>
      <vec>v1</vec>
      <vec>v2</vec>
      <mj>m1</mj>
      <uze>p4</uze>
      <cas>c1</cas>
      <zdr>z1</zdr>
      <datOd>2023-08-31T09:00:00</datOd>
      <datDo>2060-08-31T09:00:00</datDo>
    </udaj>
    <udaj ID="1109802908">
      <hod>1723</hod>
      <uka>u3</uka>
      <vec>v1</vec>
      <vec>v2</vec>
      <mj>m2</mj>
      <uze>p4</uze>
      <cas>c1</cas>
      <zdr>z1</zdr>
      <datOd>2023-08-31T09:00:00</datOd>
      <datDo>2060-08-31T09:00:00</datDo>
    </udaj>
    <udaj ID="1109802909">
      <hod>1261</hod>
      <uka>u3</uka>
      <vec>v1</vec>
      <vec>v2</vec>
      <vec>v4</vec>
      <mj>m2</mj>
      <uze>p4</uze>
      <cas>c1</cas>
      <zdr>z1</zdr>
      <datOd>2023-08-31T09:00:00</datOd>
      <datDo>2060-08-31T09:00:00</datDo>
    </udaj>
    <udaj ID="1109802973">
      <hod>462</hod>
      <uka>u3</uka>
      <vec>v1</vec>
      <vec>v2</vec>
      <vec>v3</vec>
      <mj>m2</mj>
      <uze>p4</uze>
      <cas>c1</cas>
      <zdr>z1</zdr>
      <datOd>2023-08-31T09:00:00</datOd>
      <datDo>2060-08-31T09:00:00</datDo>
    </udaj>
    <udaj ID="1109802974">
      <hod>934</hod>
      <uka>u4</uka>
      <vec>v1</vec>
      <vec>v2</vec>
      <mj>m2</mj>
      <uze>p4</uze>
      <cas>c1</cas>
      <zdr>z1</zdr>
      <datOd>2023-08-31T09:00:00</datOd>
      <datDo>2060-08-31T09:00:00</datDo>
    </udaj>
    <udaj ID="1109802975">
      <hod>327</hod>
      <uka>u5</uka>
      <vec>v1</vec>
      <vec>v2</vec>
      <mj>m2</mj>
      <uze>p4</uze>
      <cas>c1</cas>
      <zdr>z1</zdr>
      <datOd>2023-08-31T09:00:00</datOd>
      <datDo>2060-08-31T09:00:00</datDo>
    </udaj>
    <udaj ID="1109802976">
      <hod>4</hod>
      <uka>u1</uka>
      <vec>v1</vec>
      <vec>v2</vec>
      <mj>m1</mj>
      <uze>p5</uze>
      <cas>c1</cas>
      <zdr>z1</zdr>
      <datOd>2023-08-31T09:00:00</datOd>
      <datDo>2060-08-31T09:00:00</datDo>
    </udaj>
    <udaj ID="1109802977">
      <hod>20</hod>
      <uka>u2</uka>
      <vec>v1</vec>
      <vec>v2</vec>
      <mj>m1</mj>
      <uze>p5</uze>
      <cas>c1</cas>
      <zdr>z1</zdr>
      <datOd>2023-08-31T09:00:00</datOd>
      <datDo>2060-08-31T09:00:00</datDo>
    </udaj>
    <udaj ID="1109802978">
      <hod>294</hod>
      <uka>u3</uka>
      <vec>v1</vec>
      <vec>v2</vec>
      <mj>m2</mj>
      <uze>p5</uze>
      <cas>c1</cas>
      <zdr>z1</zdr>
      <datOd>2023-08-31T09:00:00</datOd>
      <datDo>2060-08-31T09:00:00</datDo>
    </udaj>
    <udaj ID="1109802979">
      <hod>254</hod>
      <uka>u3</uka>
      <vec>v1</vec>
      <vec>v2</vec>
      <vec>v4</vec>
      <mj>m2</mj>
      <uze>p5</uze>
      <cas>c1</cas>
      <zdr>z1</zdr>
      <datOd>2023-08-31T09:00:00</datOd>
      <datDo>2060-08-31T09:00:00</datDo>
    </udaj>
    <udaj ID="1109802980">
      <hod>40</hod>
      <uka>u3</uka>
      <vec>v1</vec>
      <vec>v2</vec>
      <vec>v3</vec>
      <mj>m2</mj>
      <uze>p5</uze>
      <cas>c1</cas>
      <zdr>z1</zdr>
      <datOd>2023-08-31T09:00:00</datOd>
      <datDo>2060-08-31T09:00:00</datDo>
    </udaj>
    <udaj ID="1109802981">
      <hod>178</hod>
      <uka>u4</uka>
      <vec>v1</vec>
      <vec>v2</vec>
      <mj>m2</mj>
      <uze>p5</uze>
      <cas>c1</cas>
      <zdr>z1</zdr>
      <datOd>2023-08-31T09:00:00</datOd>
      <datDo>2060-08-31T09:00:00</datDo>
    </udaj>
    <udaj ID="1109802982">
      <hod>65</hod>
      <uka>u5</uka>
      <vec>v1</vec>
      <vec>v2</vec>
      <mj>m2</mj>
      <uze>p5</uze>
      <cas>c1</cas>
      <zdr>z1</zdr>
      <datOd>2023-08-31T09:00:00</datOd>
      <datDo>2060-08-31T09:00:00</datDo>
    </udaj>
    <udaj ID="1109802983">
      <hod>7</hod>
      <uka>u1</uka>
      <vec>v1</vec>
      <vec>v2</vec>
      <mj>m1</mj>
      <uze>p6</uze>
      <cas>c1</cas>
      <zdr>z1</zdr>
      <datOd>2023-08-31T09:00:00</datOd>
      <datDo>2060-08-31T09:00:00</datDo>
    </udaj>
    <udaj ID="1109802984">
      <hod>42</hod>
      <uka>u2</uka>
      <vec>v1</vec>
      <vec>v2</vec>
      <mj>m1</mj>
      <uze>p6</uze>
      <cas>c1</cas>
      <zdr>z1</zdr>
      <datOd>2023-08-31T09:00:00</datOd>
      <datDo>2060-08-31T09:00:00</datDo>
    </udaj>
    <udaj ID="1109802985">
      <hod>1624</hod>
      <uka>u3</uka>
      <vec>v1</vec>
      <vec>v2</vec>
      <mj>m2</mj>
      <uze>p6</uze>
      <cas>c1</cas>
      <zdr>z1</zdr>
      <datOd>2023-08-31T09:00:00</datOd>
      <datDo>2060-08-31T09:00:00</datDo>
    </udaj>
    <udaj ID="1109802986">
      <hod>1331</hod>
      <uka>u3</uka>
      <vec>v1</vec>
      <vec>v2</vec>
      <vec>v4</vec>
      <mj>m2</mj>
      <uze>p6</uze>
      <cas>c1</cas>
      <zdr>z1</zdr>
      <datOd>2023-08-31T09:00:00</datOd>
      <datDo>2060-08-31T09:00:00</datDo>
    </udaj>
    <udaj ID="1109802987">
      <hod>293</hod>
      <uka>u3</uka>
      <vec>v1</vec>
      <vec>v2</vec>
      <vec>v3</vec>
      <mj>m2</mj>
      <uze>p6</uze>
      <cas>c1</cas>
      <zdr>z1</zdr>
      <datOd>2023-08-31T09:00:00</datOd>
      <datDo>2060-08-31T09:00:00</datDo>
    </udaj>
    <udaj ID="1109802988">
      <hod>705</hod>
      <uka>u4</uka>
      <vec>v1</vec>
      <vec>v2</vec>
      <mj>m2</mj>
      <uze>p6</uze>
      <cas>c1</cas>
      <zdr>z1</zdr>
      <datOd>2023-08-31T09:00:00</datOd>
      <datDo>2060-08-31T09:00:00</datDo>
    </udaj>
    <udaj ID="1109802989">
      <hod>265</hod>
      <uka>u5</uka>
      <vec>v1</vec>
      <vec>v2</vec>
      <mj>m2</mj>
      <uze>p6</uze>
      <cas>c1</cas>
      <zdr>z1</zdr>
      <datOd>2023-08-31T09:00:00</datOd>
      <datDo>2060-08-31T09:00:00</datDo>
    </udaj>
    <udaj ID="1109802990">
      <hod>5</hod>
      <uka>u1</uka>
      <vec>v1</vec>
      <vec>v2</vec>
      <mj>m1</mj>
      <uze>p7</uze>
      <cas>c1</cas>
      <zdr>z1</zdr>
      <datOd>2023-08-31T09:00:00</datOd>
      <datDo>2060-08-31T09:00:00</datDo>
    </udaj>
    <udaj ID="1109802991">
      <hod>20</hod>
      <uka>u2</uka>
      <vec>v1</vec>
      <vec>v2</vec>
      <mj>m1</mj>
      <uze>p7</uze>
      <cas>c1</cas>
      <zdr>z1</zdr>
      <datOd>2023-08-31T09:00:00</datOd>
      <datDo>2060-08-31T09:00:00</datDo>
    </udaj>
    <udaj ID="1109802992">
      <hod>212</hod>
      <uka>u3</uka>
      <vec>v1</vec>
      <vec>v2</vec>
      <mj>m2</mj>
      <uze>p7</uze>
      <cas>c1</cas>
      <zdr>z1</zdr>
      <datOd>2023-08-31T09:00:00</datOd>
      <datDo>2060-08-31T09:00:00</datDo>
    </udaj>
    <udaj ID="1109802993">
      <hod>149</hod>
      <uka>u3</uka>
      <vec>v1</vec>
      <vec>v2</vec>
      <vec>v4</vec>
      <mj>m2</mj>
      <uze>p7</uze>
      <cas>c1</cas>
      <zdr>z1</zdr>
      <datOd>2023-08-31T09:00:00</datOd>
      <datDo>2060-08-31T09:00:00</datDo>
    </udaj>
    <udaj ID="1109803049">
      <hod>63</hod>
      <uka>u3</uka>
      <vec>v1</vec>
      <vec>v2</vec>
      <vec>v3</vec>
      <mj>m2</mj>
      <uze>p7</uze>
      <cas>c1</cas>
      <zdr>z1</zdr>
      <datOd>2023-08-31T09:00:00</datOd>
      <datDo>2060-08-31T09:00:00</datDo>
    </udaj>
    <udaj ID="1109803050">
      <hod>82</hod>
      <uka>u4</uka>
      <vec>v1</vec>
      <vec>v2</vec>
      <mj>m2</mj>
      <uze>p7</uze>
      <cas>c1</cas>
      <zdr>z1</zdr>
      <datOd>2023-08-31T09:00:00</datOd>
      <datDo>2060-08-31T09:00:00</datDo>
    </udaj>
    <udaj ID="1109803051">
      <hod>33</hod>
      <uka>u5</uka>
      <vec>v1</vec>
      <vec>v2</vec>
      <mj>m2</mj>
      <uze>p7</uze>
      <cas>c1</cas>
      <zdr>z1</zdr>
      <datOd>2023-08-31T09:00:00</datOd>
      <datDo>2060-08-31T09:00:00</datDo>
    </udaj>
    <udaj ID="1109803052">
      <hod>9</hod>
      <uka>u1</uka>
      <vec>v1</vec>
      <vec>v2</vec>
      <mj>m1</mj>
      <uze>p8</uze>
      <cas>c1</cas>
      <zdr>z1</zdr>
      <datOd>2023-08-31T09:00:00</datOd>
      <datDo>2060-08-31T09:00:00</datDo>
    </udaj>
    <udaj ID="1109803053">
      <hod>30</hod>
      <uka>u2</uka>
      <vec>v1</vec>
      <vec>v2</vec>
      <mj>m1</mj>
      <uze>p8</uze>
      <cas>c1</cas>
      <zdr>z1</zdr>
      <datOd>2023-08-31T09:00:00</datOd>
      <datDo>2060-08-31T09:00:00</datDo>
    </udaj>
    <udaj ID="1109803054">
      <hod>660</hod>
      <uka>u3</uka>
      <vec>v1</vec>
      <vec>v2</vec>
      <mj>m2</mj>
      <uze>p8</uze>
      <cas>c1</cas>
      <zdr>z1</zdr>
      <datOd>2023-08-31T09:00:00</datOd>
      <datDo>2060-08-31T09:00:00</datDo>
    </udaj>
    <udaj ID="1109803055">
      <hod>544</hod>
      <uka>u3</uka>
      <vec>v1</vec>
      <vec>v2</vec>
      <vec>v4</vec>
      <mj>m2</mj>
      <uze>p8</uze>
      <cas>c1</cas>
      <zdr>z1</zdr>
      <datOd>2023-08-31T09:00:00</datOd>
      <datDo>2060-08-31T09:00:00</datDo>
    </udaj>
    <udaj ID="1109803056">
      <hod>116</hod>
      <uka>u3</uka>
      <vec>v1</vec>
      <vec>v2</vec>
      <vec>v3</vec>
      <mj>m2</mj>
      <uze>p8</uze>
      <cas>c1</cas>
      <zdr>z1</zdr>
      <datOd>2023-08-31T09:00:00</datOd>
      <datDo>2060-08-31T09:00:00</datDo>
    </udaj>
    <udaj ID="1109803057">
      <hod>258</hod>
      <uka>u4</uka>
      <vec>v1</vec>
      <vec>v2</vec>
      <mj>m2</mj>
      <uze>p8</uze>
      <cas>c1</cas>
      <zdr>z1</zdr>
      <datOd>2023-08-31T09:00:00</datOd>
      <datDo>2060-08-31T09:00:00</datDo>
    </udaj>
    <udaj ID="1109803058">
      <hod>109</hod>
      <uka>u5</uka>
      <vec>v1</vec>
      <vec>v2</vec>
      <mj>m2</mj>
      <uze>p8</uze>
      <cas>c1</cas>
      <zdr>z1</zdr>
      <datOd>2023-08-31T09:00:00</datOd>
      <datDo>2060-08-31T09:00:00</datDo>
    </udaj>
    <udaj ID="1109803059">
      <hod>6</hod>
      <uka>u1</uka>
      <vec>v1</vec>
      <vec>v2</vec>
      <mj>m1</mj>
      <uze>p9</uze>
      <cas>c1</cas>
      <zdr>z1</zdr>
      <datOd>2023-08-31T09:00:00</datOd>
      <datDo>2060-08-31T09:00:00</datDo>
    </udaj>
    <udaj ID="1109803060">
      <hod>27</hod>
      <uka>u2</uka>
      <vec>v1</vec>
      <vec>v2</vec>
      <mj>m1</mj>
      <uze>p9</uze>
      <cas>c1</cas>
      <zdr>z1</zdr>
      <datOd>2023-08-31T09:00:00</datOd>
      <datDo>2060-08-31T09:00:00</datDo>
    </udaj>
    <udaj ID="1109803061">
      <hod>912</hod>
      <uka>u3</uka>
      <vec>v1</vec>
      <vec>v2</vec>
      <mj>m2</mj>
      <uze>p9</uze>
      <cas>c1</cas>
      <zdr>z1</zdr>
      <datOd>2023-08-31T09:00:00</datOd>
      <datDo>2060-08-31T09:00:00</datDo>
    </udaj>
    <udaj ID="1109803062">
      <hod>799</hod>
      <uka>u3</uka>
      <vec>v1</vec>
      <vec>v2</vec>
      <vec>v4</vec>
      <mj>m2</mj>
      <uze>p9</uze>
      <cas>c1</cas>
      <zdr>z1</zdr>
      <datOd>2023-08-31T09:00:00</datOd>
      <datDo>2060-08-31T09:00:00</datDo>
    </udaj>
    <udaj ID="1109803063">
      <hod>113</hod>
      <uka>u3</uka>
      <vec>v1</vec>
      <vec>v2</vec>
      <vec>v3</vec>
      <mj>m2</mj>
      <uze>p9</uze>
      <cas>c1</cas>
      <zdr>z1</zdr>
      <datOd>2023-08-31T09:00:00</datOd>
      <datDo>2060-08-31T09:00:00</datDo>
    </udaj>
    <udaj ID="1109803064">
      <hod>329</hod>
      <uka>u4</uka>
      <vec>v1</vec>
      <vec>v2</vec>
      <mj>m2</mj>
      <uze>p9</uze>
      <cas>c1</cas>
      <zdr>z1</zdr>
      <datOd>2023-08-31T09:00:00</datOd>
      <datDo>2060-08-31T09:00:00</datDo>
    </udaj>
    <udaj ID="1109803065">
      <hod>176</hod>
      <uka>u5</uka>
      <vec>v1</vec>
      <vec>v2</vec>
      <mj>m2</mj>
      <uze>p9</uze>
      <cas>c1</cas>
      <zdr>z1</zdr>
      <datOd>2023-08-31T09:00:00</datOd>
      <datDo>2060-08-31T09:00:00</datDo>
    </udaj>
    <udaj ID="1109803066">
      <hod>10</hod>
      <uka>u1</uka>
      <vec>v1</vec>
      <vec>v2</vec>
      <mj>m1</mj>
      <uze>p10</uze>
      <cas>c1</cas>
      <zdr>z1</zdr>
      <datOd>2023-08-31T09:00:00</datOd>
      <datDo>2060-08-31T09:00:00</datDo>
    </udaj>
    <udaj ID="1109803067">
      <hod>27</hod>
      <uka>u2</uka>
      <vec>v1</vec>
      <vec>v2</vec>
      <mj>m1</mj>
      <uze>p10</uze>
      <cas>c1</cas>
      <zdr>z1</zdr>
      <datOd>2023-08-31T09:00:00</datOd>
      <datDo>2060-08-31T09:00:00</datDo>
    </udaj>
    <udaj ID="1109803068">
      <hod>896</hod>
      <uka>u3</uka>
      <vec>v1</vec>
      <vec>v2</vec>
      <mj>m2</mj>
      <uze>p10</uze>
      <cas>c1</cas>
      <zdr>z1</zdr>
      <datOd>2023-08-31T09:00:00</datOd>
      <datDo>2060-08-31T09:00:00</datDo>
    </udaj>
    <udaj ID="1109802081">
      <hod>734</hod>
      <uka>u3</uka>
      <vec>v1</vec>
      <vec>v2</vec>
      <vec>v4</vec>
      <mj>m2</mj>
      <uze>p10</uze>
      <cas>c1</cas>
      <zdr>z1</zdr>
      <datOd>2023-08-31T09:00:00</datOd>
      <datDo>2060-08-31T09:00:00</datDo>
    </udaj>
    <udaj ID="1109802082">
      <hod>162</hod>
      <uka>u3</uka>
      <vec>v1</vec>
      <vec>v2</vec>
      <vec>v3</vec>
      <mj>m2</mj>
      <uze>p10</uze>
      <cas>c1</cas>
      <zdr>z1</zdr>
      <datOd>2023-08-31T09:00:00</datOd>
      <datDo>2060-08-31T09:00:00</datDo>
    </udaj>
    <udaj ID="1109802083">
      <hod>349</hod>
      <uka>u4</uka>
      <vec>v1</vec>
      <vec>v2</vec>
      <mj>m2</mj>
      <uze>p10</uze>
      <cas>c1</cas>
      <zdr>z1</zdr>
      <datOd>2023-08-31T09:00:00</datOd>
      <datDo>2060-08-31T09:00:00</datDo>
    </udaj>
    <udaj ID="1109802084">
      <hod>183</hod>
      <uka>u5</uka>
      <vec>v1</vec>
      <vec>v2</vec>
      <mj>m2</mj>
      <uze>p10</uze>
      <cas>c1</cas>
      <zdr>z1</zdr>
      <datOd>2023-08-31T09:00:00</datOd>
      <datDo>2060-08-31T09:00:00</datDo>
    </udaj>
    <udaj ID="1109802085">
      <hod>9</hod>
      <uka>u1</uka>
      <vec>v1</vec>
      <vec>v2</vec>
      <mj>m1</mj>
      <uze>p11</uze>
      <cas>c1</cas>
      <zdr>z1</zdr>
      <datOd>2023-08-31T09:00:00</datOd>
      <datDo>2060-08-31T09:00:00</datDo>
    </udaj>
    <udaj ID="1109802086">
      <hod>68</hod>
      <uka>u2</uka>
      <vec>v1</vec>
      <vec>v2</vec>
      <mj>m1</mj>
      <uze>p11</uze>
      <cas>c1</cas>
      <zdr>z1</zdr>
      <datOd>2023-08-31T09:00:00</datOd>
      <datDo>2060-08-31T09:00:00</datDo>
    </udaj>
    <udaj ID="1109802087">
      <hod>1848</hod>
      <uka>u3</uka>
      <vec>v1</vec>
      <vec>v2</vec>
      <mj>m2</mj>
      <uze>p11</uze>
      <cas>c1</cas>
      <zdr>z1</zdr>
      <datOd>2023-08-31T09:00:00</datOd>
      <datDo>2060-08-31T09:00:00</datDo>
    </udaj>
    <udaj ID="1109802088">
      <hod>1584</hod>
      <uka>u3</uka>
      <vec>v1</vec>
      <vec>v2</vec>
      <vec>v4</vec>
      <mj>m2</mj>
      <uze>p11</uze>
      <cas>c1</cas>
      <zdr>z1</zdr>
      <datOd>2023-08-31T09:00:00</datOd>
      <datDo>2060-08-31T09:00:00</datDo>
    </udaj>
    <udaj ID="1109802089">
      <hod>264</hod>
      <uka>u3</uka>
      <vec>v1</vec>
      <vec>v2</vec>
      <vec>v3</vec>
      <mj>m2</mj>
      <uze>p11</uze>
      <cas>c1</cas>
      <zdr>z1</zdr>
      <datOd>2023-08-31T09:00:00</datOd>
      <datDo>2060-08-31T09:00:00</datDo>
    </udaj>
    <udaj ID="1109802090">
      <hod>809</hod>
      <uka>u4</uka>
      <vec>v1</vec>
      <vec>v2</vec>
      <mj>m2</mj>
      <uze>p11</uze>
      <cas>c1</cas>
      <zdr>z1</zdr>
      <datOd>2023-08-31T09:00:00</datOd>
      <datDo>2060-08-31T09:00:00</datDo>
    </udaj>
    <udaj ID="1109802091">
      <hod>396</hod>
      <uka>u5</uka>
      <vec>v1</vec>
      <vec>v2</vec>
      <mj>m2</mj>
      <uze>p11</uze>
      <cas>c1</cas>
      <zdr>z1</zdr>
      <datOd>2023-08-31T09:00:00</datOd>
      <datDo>2060-08-31T09:00:00</datDo>
    </udaj>
    <udaj ID="1109802092">
      <hod>9</hod>
      <uka>u1</uka>
      <vec>v1</vec>
      <vec>v2</vec>
      <mj>m1</mj>
      <uze>p12</uze>
      <cas>c1</cas>
      <zdr>z1</zdr>
      <datOd>2023-08-31T09:00:00</datOd>
      <datDo>2060-08-31T09:00:00</datDo>
    </udaj>
    <udaj ID="1109802093">
      <hod>52</hod>
      <uka>u2</uka>
      <vec>v1</vec>
      <vec>v2</vec>
      <mj>m1</mj>
      <uze>p12</uze>
      <cas>c1</cas>
      <zdr>z1</zdr>
      <datOd>2023-08-31T09:00:00</datOd>
      <datDo>2060-08-31T09:00:00</datDo>
    </udaj>
    <udaj ID="1109802094">
      <hod>1465</hod>
      <uka>u3</uka>
      <vec>v1</vec>
      <vec>v2</vec>
      <mj>m2</mj>
      <uze>p12</uze>
      <cas>c1</cas>
      <zdr>z1</zdr>
      <datOd>2023-08-31T09:00:00</datOd>
      <datDo>2060-08-31T09:00:00</datDo>
    </udaj>
    <udaj ID="1109802095">
      <hod>1186</hod>
      <uka>u3</uka>
      <vec>v1</vec>
      <vec>v2</vec>
      <vec>v4</vec>
      <mj>m2</mj>
      <uze>p12</uze>
      <cas>c1</cas>
      <zdr>z1</zdr>
      <datOd>2023-08-31T09:00:00</datOd>
      <datDo>2060-08-31T09:00:00</datDo>
    </udaj>
    <udaj ID="1109802096">
      <hod>279</hod>
      <uka>u3</uka>
      <vec>v1</vec>
      <vec>v2</vec>
      <vec>v3</vec>
      <mj>m2</mj>
      <uze>p12</uze>
      <cas>c1</cas>
      <zdr>z1</zdr>
      <datOd>2023-08-31T09:00:00</datOd>
      <datDo>2060-08-31T09:00:00</datDo>
    </udaj>
    <udaj ID="1109802097">
      <hod>695</hod>
      <uka>u4</uka>
      <vec>v1</vec>
      <vec>v2</vec>
      <mj>m2</mj>
      <uze>p12</uze>
      <cas>c1</cas>
      <zdr>z1</zdr>
      <datOd>2023-08-31T09:00:00</datOd>
      <datDo>2060-08-31T09:00:00</datDo>
    </udaj>
    <udaj ID="1109802098">
      <hod>208</hod>
      <uka>u5</uka>
      <vec>v1</vec>
      <vec>v2</vec>
      <mj>m2</mj>
      <uze>p12</uze>
      <cas>c1</cas>
      <zdr>z1</zdr>
      <datOd>2023-08-31T09:00:00</datOd>
      <datDo>2060-08-31T09:00:00</datDo>
    </udaj>
    <udaj ID="1109802099">
      <hod>10</hod>
      <uka>u1</uka>
      <vec>v1</vec>
      <vec>v2</vec>
      <mj>m1</mj>
      <uze>p13</uze>
      <cas>c1</cas>
      <zdr>z1</zdr>
      <datOd>2023-08-31T09:00:00</datOd>
      <datDo>2060-08-31T09:00:00</datDo>
    </udaj>
    <udaj ID="1109802100">
      <hod>35</hod>
      <uka>u2</uka>
      <vec>v1</vec>
      <vec>v2</vec>
      <mj>m1</mj>
      <uze>p13</uze>
      <cas>c1</cas>
      <zdr>z1</zdr>
      <datOd>2023-08-31T09:00:00</datOd>
      <datDo>2060-08-31T09:00:00</datDo>
    </udaj>
    <udaj ID="1109802101">
      <hod>846</hod>
      <uka>u3</uka>
      <vec>v1</vec>
      <vec>v2</vec>
      <mj>m2</mj>
      <uze>p13</uze>
      <cas>c1</cas>
      <zdr>z1</zdr>
      <datOd>2023-08-31T09:00:00</datOd>
      <datDo>2060-08-31T09:00:00</datDo>
    </udaj>
    <udaj ID="1109802166">
      <hod>507</hod>
      <uka>u3</uka>
      <vec>v1</vec>
      <vec>v2</vec>
      <vec>v4</vec>
      <mj>m2</mj>
      <uze>p13</uze>
      <cas>c1</cas>
      <zdr>z1</zdr>
      <datOd>2023-08-31T09:00:00</datOd>
      <datDo>2060-08-31T09:00:00</datDo>
    </udaj>
    <udaj ID="1109802167">
      <hod>339</hod>
      <uka>u3</uka>
      <vec>v1</vec>
      <vec>v2</vec>
      <vec>v3</vec>
      <mj>m2</mj>
      <uze>p13</uze>
      <cas>c1</cas>
      <zdr>z1</zdr>
      <datOd>2023-08-31T09:00:00</datOd>
      <datDo>2060-08-31T09:00:00</datDo>
    </udaj>
    <udaj ID="1109802168">
      <hod>293</hod>
      <uka>u4</uka>
      <vec>v1</vec>
      <vec>v2</vec>
      <mj>m2</mj>
      <uze>p13</uze>
      <cas>c1</cas>
      <zdr>z1</zdr>
      <datOd>2023-08-31T09:00:00</datOd>
      <datDo>2060-08-31T09:00:00</datDo>
    </udaj>
    <udaj ID="1109802169">
      <hod>168</hod>
      <uka>u5</uka>
      <vec>v1</vec>
      <vec>v2</vec>
      <mj>m2</mj>
      <uze>p13</uze>
      <cas>c1</cas>
      <zdr>z1</zdr>
      <datOd>2023-08-31T09:00:00</datOd>
      <datDo>2060-08-31T09:00:00</datDo>
    </udaj>
    <udaj ID="1109802170">
      <hod>13</hod>
      <uka>u1</uka>
      <vec>v1</vec>
      <vec>v2</vec>
      <mj>m1</mj>
      <uze>p14</uze>
      <cas>c1</cas>
      <zdr>z1</zdr>
      <datOd>2023-08-31T09:00:00</datOd>
      <datDo>2060-08-31T09:00:00</datDo>
    </udaj>
    <udaj ID="1109802171">
      <hod>101</hod>
      <uka>u2</uka>
      <vec>v1</vec>
      <vec>v2</vec>
      <mj>m1</mj>
      <uze>p14</uze>
      <cas>c1</cas>
      <zdr>z1</zdr>
      <datOd>2023-08-31T09:00:00</datOd>
      <datDo>2060-08-31T09:00:00</datDo>
    </udaj>
    <udaj ID="1109802172">
      <hod>3308</hod>
      <uka>u3</uka>
      <vec>v1</vec>
      <vec>v2</vec>
      <mj>m2</mj>
      <uze>p14</uze>
      <cas>c1</cas>
      <zdr>z1</zdr>
      <datOd>2023-08-31T09:00:00</datOd>
      <datDo>2060-08-31T09:00:00</datDo>
    </udaj>
    <udaj ID="1109802173">
      <hod>2676</hod>
      <uka>u3</uka>
      <vec>v1</vec>
      <vec>v2</vec>
      <vec>v4</vec>
      <mj>m2</mj>
      <uze>p14</uze>
      <cas>c1</cas>
      <zdr>z1</zdr>
      <datOd>2023-08-31T09:00:00</datOd>
      <datDo>2060-08-31T09:00:00</datDo>
    </udaj>
    <udaj ID="1109802174">
      <hod>632</hod>
      <uka>u3</uka>
      <vec>v1</vec>
      <vec>v2</vec>
      <vec>v3</vec>
      <mj>m2</mj>
      <uze>p14</uze>
      <cas>c1</cas>
      <zdr>z1</zdr>
      <datOd>2023-08-31T09:00:00</datOd>
      <datDo>2060-08-31T09:00:00</datDo>
    </udaj>
    <udaj ID="1109802175">
      <hod>1441</hod>
      <uka>u4</uka>
      <vec>v1</vec>
      <vec>v2</vec>
      <mj>m2</mj>
      <uze>p14</uze>
      <cas>c1</cas>
      <zdr>z1</zdr>
      <datOd>2023-08-31T09:00:00</datOd>
      <datDo>2060-08-31T09:00:00</datDo>
    </udaj>
    <udaj ID="1109802176">
      <hod>621</hod>
      <uka>u5</uka>
      <vec>v1</vec>
      <vec>v2</vec>
      <mj>m2</mj>
      <uze>p14</uze>
      <cas>c1</cas>
      <zdr>z1</zdr>
      <datOd>2023-08-31T09:00:00</datOd>
      <datDo>2060-08-31T09:00:00</datDo>
    </udaj>
  </data>
</vdbData>
