<?xml version="1.0" encoding="UTF-8" standalone="yes"?>
<vdbData xmlns="http://vdb.czso.cz/xml/export" xmlns:xsi="http://www.w3.org/2001/XMLSchema-instance" VERZE="1.1" JAZYK="cs" xsi:schemaLocation="http://vdb.czso.cz/xml/VdbData.xsd">
  <pruvodka>
    <copyright ROK="2023">© Český statistický úřad</copyright>
    <disclaimer>Poskytovatel neodpovídá za případné škody vzniklé v souvislosti s poskytnutými statistickými informacemi.</disclaimer>
    <ident>VZD05</ident>
    <nazev>Vzdělávání v gymnáziích - územní srovnání</nazev>
    <nastaveniExportu>
      <parametry>ZVOLENE</parametry>
      <rozsah>T</rozsah>
      <definice>N</definice>
      <atributy>N</atributy>
      <typDat>N</typDat>
      <casAktDB>N</casAktDB>
    </nastaveniExportu>
    <zdrojoveURI>https://vdb.czso.cz/vdbvo2/faces/cs/index.jsf?page=vystup-objekt&amp;z=T&amp;f=TABULKA&amp;pvo=VZD05&amp;katalog=30848&amp;&amp;c=v3~1__RP2022RK2023MP09MK06DP01DK30&amp;str=v66&amp;kodjaz=203</zdrojoveURI>
    <generator>VdbExporty: 1.1.11</generator>
    <casExportu>2023-10-21T00:50:56</casExportu>
    <pocetUdaju>105</pocetUdaju>
  </pruvodka>
  <metaSlovnik>
    <ukazatel>
      <uka ID="u1">
        <kod>6043</kod>
        <text>Počet škol</text>
      </uka>
      <uka ID="u2">
        <kod>6053</kod>
        <text>Počet tříd nebo studijních skupin</text>
      </uka>
      <uka ID="u3">
        <kod>6057</kod>
        <text>Počet žáků</text>
      </uka>
      <uka ID="u4">
        <kod>6056</kod>
        <text>Počet nově přijatých žáků/studentů do prvního ročníku</text>
      </uka>
      <uka ID="u5">
        <kod>6061</kod>
        <text>Počet absolventů středního, vyššího odborného a vysokoškolského vzdělávání</text>
      </uka>
    </ukazatel>
    <vecneUpresneni>
      <element ID="v1">
        <dim>DRUHSKOLZAR</dim>
        <dimText>Druh školy a školského zařízení</dimText>
        <ciselnik>340</ciselnik>
        <kod>3</kod>
        <text>Střední škola</text>
      </element>
      <element ID="v2">
        <dim>DRUHSTUDIA</dim>
        <dimText>Druh studia a studijního programu</dimText>
        <ciselnik>344</ciselnik>
        <kod>35</kod>
        <text>Střední všeobecné vzdělávání (gymnázia)</text>
      </element>
      <element ID="v3">
        <dim>POHLAVI</dim>
        <dimText>Pohlaví</dimText>
        <ciselnik>102</ciselnik>
        <kod>1</kod>
        <text>muž</text>
      </element>
      <element ID="v4">
        <dim>POHLAVI</dim>
        <dimText>Pohlaví</dimText>
        <ciselnik>102</ciselnik>
        <kod>2</kod>
        <text>žena</text>
      </element>
    </vecneUpresneni>
    <mericiJednotka>
      <element ID="m1">
        <dim>MJ_SKUTEC</dim>
        <dimText>Skutečná měřicí jednotka</dimText>
        <ciselnik>78</ciselnik>
        <kod>99998</kod>
        <text>četnostní jednotka</text>
      </element>
      <element ID="m2">
        <dim>MJ_SKUTEC</dim>
        <dimText>Skutečná měřicí jednotka</dimText>
        <ciselnik>78</ciselnik>
        <kod>80400</kod>
        <text>osoba</text>
      </element>
    </mericiJednotka>
    <uzemi>
      <element ID="p1">
        <dim>VUZEMI</dim>
        <dimText>V území</dimText>
        <ciselnik>100</ciselnik>
        <kod>3018</kod>
        <text>Hlavní město Praha</text>
      </element>
      <element ID="p2">
        <dim>VUZEMI</dim>
        <dimText>V území</dimText>
        <ciselnik>100</ciselnik>
        <kod>3026</kod>
        <text>Středočeský kraj</text>
      </element>
      <element ID="p3">
        <dim>VUZEMI</dim>
        <dimText>V území</dimText>
        <ciselnik>100</ciselnik>
        <kod>3034</kod>
        <text>Jihočeský kraj</text>
      </element>
      <element ID="p4">
        <dim>VUZEMI</dim>
        <dimText>V území</dimText>
        <ciselnik>100</ciselnik>
        <kod>3042</kod>
        <text>Plzeňský kraj</text>
      </element>
      <element ID="p5">
        <dim>VUZEMI</dim>
        <dimText>V území</dimText>
        <ciselnik>100</ciselnik>
        <kod>3051</kod>
        <text>Karlovarský kraj</text>
      </element>
      <element ID="p6">
        <dim>VUZEMI</dim>
        <dimText>V území</dimText>
        <ciselnik>100</ciselnik>
        <kod>3069</kod>
        <text>Ústecký kraj</text>
      </element>
      <element ID="p7">
        <dim>VUZEMI</dim>
        <dimText>V území</dimText>
        <ciselnik>100</ciselnik>
        <kod>3077</kod>
        <text>Liberecký kraj</text>
      </element>
      <element ID="p8">
        <dim>VUZEMI</dim>
        <dimText>V území</dimText>
        <ciselnik>100</ciselnik>
        <kod>3085</kod>
        <text>Královéhradecký kraj</text>
      </element>
      <element ID="p9">
        <dim>VUZEMI</dim>
        <dimText>V území</dimText>
        <ciselnik>100</ciselnik>
        <kod>3093</kod>
        <text>Pardubický kraj</text>
      </element>
      <element ID="p10">
        <dim>VUZEMI</dim>
        <dimText>V území</dimText>
        <ciselnik>100</ciselnik>
        <kod>3107</kod>
        <text>Kraj Vysočina</text>
      </element>
      <element ID="p11">
        <dim>VUZEMI</dim>
        <dimText>V území</dimText>
        <ciselnik>100</ciselnik>
        <kod>3115</kod>
        <text>Jihomoravský kraj</text>
      </element>
      <element ID="p12">
        <dim>VUZEMI</dim>
        <dimText>V území</dimText>
        <ciselnik>100</ciselnik>
        <kod>3123</kod>
        <text>Olomoucký kraj</text>
      </element>
      <element ID="p13">
        <dim>VUZEMI</dim>
        <dimText>V území</dimText>
        <ciselnik>100</ciselnik>
        <kod>3131</kod>
        <text>Zlínský kraj</text>
      </element>
      <element ID="p14">
        <dim>VUZEMI</dim>
        <dimText>V území</dimText>
        <ciselnik>100</ciselnik>
        <kod>3140</kod>
        <text>Moravskoslezský kraj</text>
      </element>
      <element ID="p15">
        <dim>VUZEMI</dim>
        <dimText>V území</dimText>
        <ciselnik>97</ciselnik>
        <kod>19</kod>
        <text>Česká republika</text>
      </element>
    </uzemi>
    <obdobi>
      <cas ID="c1">
        <casOd>2022-09-01</casOd>
        <casDo>2023-06-30</casDo>
      </cas>
    </obdobi>
    <zdrojovaUloha>
      <zdr ID="z1">
        <kod>ADMMSMTVZD</kod>
        <text>Adm. zdroj dat z MŠMT - Vzdělávání</text>
        <verze>1900100</verze>
        <verzeText>roční (leden - prosinec) zpracování - 1. verze</verzeText>
        <obdobiOd>2022-01-01</obdobiOd>
        <obdobiDo>2022-12-31</obdobiDo>
      </zdr>
    </zdrojovaUloha>
  </metaSlovnik>
  <data>
    <udaj ID="1109803195">
      <hod>370</hod>
      <uka>u1</uka>
      <vec>v1</vec>
      <vec>v2</vec>
      <mj>m1</mj>
      <uze>p15</uze>
      <cas>c1</cas>
      <zdr>z1</zdr>
      <datOd>2023-08-31T09:00:00</datOd>
      <datDo>2060-08-31T09:00:00</datDo>
    </udaj>
    <udaj ID="1109803196">
      <hod>5027.94</hod>
      <uka>u2</uka>
      <vec>v1</vec>
      <vec>v2</vec>
      <mj>m1</mj>
      <uze>p15</uze>
      <cas>c1</cas>
      <zdr>z1</zdr>
      <datOd>2023-08-31T09:00:00</datOd>
      <datDo>2060-08-31T09:00:00</datDo>
    </udaj>
    <udaj ID="1109803197">
      <hod>135929</hod>
      <uka>u3</uka>
      <vec>v1</vec>
      <vec>v2</vec>
      <mj>m2</mj>
      <uze>p15</uze>
      <cas>c1</cas>
      <zdr>z1</zdr>
      <datOd>2023-08-31T09:00:00</datOd>
      <datDo>2060-08-31T09:00:00</datDo>
    </udaj>
    <udaj ID="1109803198">
      <hod>76952</hod>
      <uka>u3</uka>
      <vec>v1</vec>
      <vec>v2</vec>
      <vec>v4</vec>
      <mj>m2</mj>
      <uze>p15</uze>
      <cas>c1</cas>
      <zdr>z1</zdr>
      <datOd>2023-08-31T09:00:00</datOd>
      <datDo>2060-08-31T09:00:00</datDo>
    </udaj>
    <udaj ID="1109803199">
      <hod>58977</hod>
      <uka>u3</uka>
      <vec>v1</vec>
      <vec>v2</vec>
      <vec>v3</vec>
      <mj>m2</mj>
      <uze>p15</uze>
      <cas>c1</cas>
      <zdr>z1</zdr>
      <datOd>2023-08-31T09:00:00</datOd>
      <datDo>2060-08-31T09:00:00</datDo>
    </udaj>
    <udaj ID="1109803200">
      <hod>25298</hod>
      <uka>u4</uka>
      <vec>v1</vec>
      <vec>v2</vec>
      <mj>m2</mj>
      <uze>p15</uze>
      <cas>c1</cas>
      <zdr>z1</zdr>
      <datOd>2023-08-31T09:00:00</datOd>
      <datDo>2060-08-31T09:00:00</datDo>
    </udaj>
    <udaj ID="1109803201">
      <hod>21024</hod>
      <uka>u5</uka>
      <vec>v1</vec>
      <vec>v2</vec>
      <mj>m2</mj>
      <uze>p15</uze>
      <cas>c1</cas>
      <zdr>z1</zdr>
      <datOd>2023-08-31T09:00:00</datOd>
      <datDo>2060-08-31T09:00:00</datDo>
    </udaj>
    <udaj ID="1109802537">
      <hod>79</hod>
      <uka>u1</uka>
      <vec>v1</vec>
      <vec>v2</vec>
      <mj>m1</mj>
      <uze>p1</uze>
      <cas>c1</cas>
      <zdr>z1</zdr>
      <datOd>2023-08-31T09:00:00</datOd>
      <datDo>2060-08-31T09:00:00</datDo>
    </udaj>
    <udaj ID="1109802538">
      <hod>1032.99</hod>
      <uka>u2</uka>
      <vec>v1</vec>
      <vec>v2</vec>
      <mj>m1</mj>
      <uze>p1</uze>
      <cas>c1</cas>
      <zdr>z1</zdr>
      <datOd>2023-08-31T09:00:00</datOd>
      <datDo>2060-08-31T09:00:00</datDo>
    </udaj>
    <udaj ID="1109802539">
      <hod>27357</hod>
      <uka>u3</uka>
      <vec>v1</vec>
      <vec>v2</vec>
      <mj>m2</mj>
      <uze>p1</uze>
      <cas>c1</cas>
      <zdr>z1</zdr>
      <datOd>2023-08-31T09:00:00</datOd>
      <datDo>2060-08-31T09:00:00</datDo>
    </udaj>
    <udaj ID="1109802540">
      <hod>14756</hod>
      <uka>u3</uka>
      <vec>v1</vec>
      <vec>v2</vec>
      <vec>v4</vec>
      <mj>m2</mj>
      <uze>p1</uze>
      <cas>c1</cas>
      <zdr>z1</zdr>
      <datOd>2023-08-31T09:00:00</datOd>
      <datDo>2060-08-31T09:00:00</datDo>
    </udaj>
    <udaj ID="1109802541">
      <hod>12601</hod>
      <uka>u3</uka>
      <vec>v1</vec>
      <vec>v2</vec>
      <vec>v3</vec>
      <mj>m2</mj>
      <uze>p1</uze>
      <cas>c1</cas>
      <zdr>z1</zdr>
      <datOd>2023-08-31T09:00:00</datOd>
      <datDo>2060-08-31T09:00:00</datDo>
    </udaj>
    <udaj ID="1109802542">
      <hod>5085</hod>
      <uka>u4</uka>
      <vec>v1</vec>
      <vec>v2</vec>
      <mj>m2</mj>
      <uze>p1</uze>
      <cas>c1</cas>
      <zdr>z1</zdr>
      <datOd>2023-08-31T09:00:00</datOd>
      <datDo>2060-08-31T09:00:00</datDo>
    </udaj>
    <udaj ID="1109802543">
      <hod>3883</hod>
      <uka>u5</uka>
      <vec>v1</vec>
      <vec>v2</vec>
      <mj>m2</mj>
      <uze>p1</uze>
      <cas>c1</cas>
      <zdr>z1</zdr>
      <datOd>2023-08-31T09:00:00</datOd>
      <datDo>2060-08-31T09:00:00</datDo>
    </udaj>
    <udaj ID="1109802791">
      <hod>36</hod>
      <uka>u1</uka>
      <vec>v1</vec>
      <vec>v2</vec>
      <mj>m1</mj>
      <uze>p2</uze>
      <cas>c1</cas>
      <zdr>z1</zdr>
      <datOd>2023-08-31T09:00:00</datOd>
      <datDo>2060-08-31T09:00:00</datDo>
    </udaj>
    <udaj ID="1109802792">
      <hod>483</hod>
      <uka>u2</uka>
      <vec>v1</vec>
      <vec>v2</vec>
      <mj>m1</mj>
      <uze>p2</uze>
      <cas>c1</cas>
      <zdr>z1</zdr>
      <datOd>2023-08-31T09:00:00</datOd>
      <datDo>2060-08-31T09:00:00</datDo>
    </udaj>
    <udaj ID="1109802793">
      <hod>13377</hod>
      <uka>u3</uka>
      <vec>v1</vec>
      <vec>v2</vec>
      <mj>m2</mj>
      <uze>p2</uze>
      <cas>c1</cas>
      <zdr>z1</zdr>
      <datOd>2023-08-31T09:00:00</datOd>
      <datDo>2060-08-31T09:00:00</datDo>
    </udaj>
    <udaj ID="1109802794">
      <hod>7392</hod>
      <uka>u3</uka>
      <vec>v1</vec>
      <vec>v2</vec>
      <vec>v4</vec>
      <mj>m2</mj>
      <uze>p2</uze>
      <cas>c1</cas>
      <zdr>z1</zdr>
      <datOd>2023-08-31T09:00:00</datOd>
      <datDo>2060-08-31T09:00:00</datDo>
    </udaj>
    <udaj ID="1109802795">
      <hod>5985</hod>
      <uka>u3</uka>
      <vec>v1</vec>
      <vec>v2</vec>
      <vec>v3</vec>
      <mj>m2</mj>
      <uze>p2</uze>
      <cas>c1</cas>
      <zdr>z1</zdr>
      <datOd>2023-08-31T09:00:00</datOd>
      <datDo>2060-08-31T09:00:00</datDo>
    </udaj>
    <udaj ID="1109802796">
      <hod>2404</hod>
      <uka>u4</uka>
      <vec>v1</vec>
      <vec>v2</vec>
      <mj>m2</mj>
      <uze>p2</uze>
      <cas>c1</cas>
      <zdr>z1</zdr>
      <datOd>2023-08-31T09:00:00</datOd>
      <datDo>2060-08-31T09:00:00</datDo>
    </udaj>
    <udaj ID="1109802797">
      <hod>2037</hod>
      <uka>u5</uka>
      <vec>v1</vec>
      <vec>v2</vec>
      <mj>m2</mj>
      <uze>p2</uze>
      <cas>c1</cas>
      <zdr>z1</zdr>
      <datOd>2023-08-31T09:00:00</datOd>
      <datDo>2060-08-31T09:00:00</datDo>
    </udaj>
    <udaj ID="1109803034">
      <hod>23</hod>
      <uka>u1</uka>
      <vec>v1</vec>
      <vec>v2</vec>
      <mj>m1</mj>
      <uze>p3</uze>
      <cas>c1</cas>
      <zdr>z1</zdr>
      <datOd>2023-08-31T09:00:00</datOd>
      <datDo>2060-08-31T09:00:00</datDo>
    </udaj>
    <udaj ID="1109803035">
      <hod>302</hod>
      <uka>u2</uka>
      <vec>v1</vec>
      <vec>v2</vec>
      <mj>m1</mj>
      <uze>p3</uze>
      <cas>c1</cas>
      <zdr>z1</zdr>
      <datOd>2023-08-31T09:00:00</datOd>
      <datDo>2060-08-31T09:00:00</datDo>
    </udaj>
    <udaj ID="1109803036">
      <hod>7996</hod>
      <uka>u3</uka>
      <vec>v1</vec>
      <vec>v2</vec>
      <mj>m2</mj>
      <uze>p3</uze>
      <cas>c1</cas>
      <zdr>z1</zdr>
      <datOd>2023-08-31T09:00:00</datOd>
      <datDo>2060-08-31T09:00:00</datDo>
    </udaj>
    <udaj ID="1109803037">
      <hod>4712</hod>
      <uka>u3</uka>
      <vec>v1</vec>
      <vec>v2</vec>
      <vec>v4</vec>
      <mj>m2</mj>
      <uze>p3</uze>
      <cas>c1</cas>
      <zdr>z1</zdr>
      <datOd>2023-08-31T09:00:00</datOd>
      <datDo>2060-08-31T09:00:00</datDo>
    </udaj>
    <udaj ID="1109803038">
      <hod>3284</hod>
      <uka>u3</uka>
      <vec>v1</vec>
      <vec>v2</vec>
      <vec>v3</vec>
      <mj>m2</mj>
      <uze>p3</uze>
      <cas>c1</cas>
      <zdr>z1</zdr>
      <datOd>2023-08-31T09:00:00</datOd>
      <datDo>2060-08-31T09:00:00</datDo>
    </udaj>
    <udaj ID="1109803039">
      <hod>1498</hod>
      <uka>u4</uka>
      <vec>v1</vec>
      <vec>v2</vec>
      <mj>m2</mj>
      <uze>p3</uze>
      <cas>c1</cas>
      <zdr>z1</zdr>
      <datOd>2023-08-31T09:00:00</datOd>
      <datDo>2060-08-31T09:00:00</datDo>
    </udaj>
    <udaj ID="1109803040">
      <hod>1274</hod>
      <uka>u5</uka>
      <vec>v1</vec>
      <vec>v2</vec>
      <mj>m2</mj>
      <uze>p3</uze>
      <cas>c1</cas>
      <zdr>z1</zdr>
      <datOd>2023-08-31T09:00:00</datOd>
      <datDo>2060-08-31T09:00:00</datDo>
    </udaj>
    <udaj ID="1109802487">
      <hod>15</hod>
      <uka>u1</uka>
      <vec>v1</vec>
      <vec>v2</vec>
      <mj>m1</mj>
      <uze>p4</uze>
      <cas>c1</cas>
      <zdr>z1</zdr>
      <datOd>2023-08-31T09:00:00</datOd>
      <datDo>2060-08-31T09:00:00</datDo>
    </udaj>
    <udaj ID="1109802488">
      <hod>228</hod>
      <uka>u2</uka>
      <vec>v1</vec>
      <vec>v2</vec>
      <mj>m1</mj>
      <uze>p4</uze>
      <cas>c1</cas>
      <zdr>z1</zdr>
      <datOd>2023-08-31T09:00:00</datOd>
      <datDo>2060-08-31T09:00:00</datDo>
    </udaj>
    <udaj ID="1109802489">
      <hod>6450</hod>
      <uka>u3</uka>
      <vec>v1</vec>
      <vec>v2</vec>
      <mj>m2</mj>
      <uze>p4</uze>
      <cas>c1</cas>
      <zdr>z1</zdr>
      <datOd>2023-08-31T09:00:00</datOd>
      <datDo>2060-08-31T09:00:00</datDo>
    </udaj>
    <udaj ID="1109802490">
      <hod>3663</hod>
      <uka>u3</uka>
      <vec>v1</vec>
      <vec>v2</vec>
      <vec>v4</vec>
      <mj>m2</mj>
      <uze>p4</uze>
      <cas>c1</cas>
      <zdr>z1</zdr>
      <datOd>2023-08-31T09:00:00</datOd>
      <datDo>2060-08-31T09:00:00</datDo>
    </udaj>
    <udaj ID="1109802491">
      <hod>2787</hod>
      <uka>u3</uka>
      <vec>v1</vec>
      <vec>v2</vec>
      <vec>v3</vec>
      <mj>m2</mj>
      <uze>p4</uze>
      <cas>c1</cas>
      <zdr>z1</zdr>
      <datOd>2023-08-31T09:00:00</datOd>
      <datDo>2060-08-31T09:00:00</datDo>
    </udaj>
    <udaj ID="1109802492">
      <hod>1134</hod>
      <uka>u4</uka>
      <vec>v1</vec>
      <vec>v2</vec>
      <mj>m2</mj>
      <uze>p4</uze>
      <cas>c1</cas>
      <zdr>z1</zdr>
      <datOd>2023-08-31T09:00:00</datOd>
      <datDo>2060-08-31T09:00:00</datDo>
    </udaj>
    <udaj ID="1109802493">
      <hod>942</hod>
      <uka>u5</uka>
      <vec>v1</vec>
      <vec>v2</vec>
      <mj>m2</mj>
      <uze>p4</uze>
      <cas>c1</cas>
      <zdr>z1</zdr>
      <datOd>2023-08-31T09:00:00</datOd>
      <datDo>2060-08-31T09:00:00</datDo>
    </udaj>
    <udaj ID="1109802675">
      <hod>9</hod>
      <uka>u1</uka>
      <vec>v1</vec>
      <vec>v2</vec>
      <mj>m1</mj>
      <uze>p5</uze>
      <cas>c1</cas>
      <zdr>z1</zdr>
      <datOd>2023-08-31T09:00:00</datOd>
      <datDo>2060-08-31T09:00:00</datDo>
    </udaj>
    <udaj ID="1109802676">
      <hod>120</hod>
      <uka>u2</uka>
      <vec>v1</vec>
      <vec>v2</vec>
      <mj>m1</mj>
      <uze>p5</uze>
      <cas>c1</cas>
      <zdr>z1</zdr>
      <datOd>2023-08-31T09:00:00</datOd>
      <datDo>2060-08-31T09:00:00</datDo>
    </udaj>
    <udaj ID="1109802677">
      <hod>3126</hod>
      <uka>u3</uka>
      <vec>v1</vec>
      <vec>v2</vec>
      <mj>m2</mj>
      <uze>p5</uze>
      <cas>c1</cas>
      <zdr>z1</zdr>
      <datOd>2023-08-31T09:00:00</datOd>
      <datDo>2060-08-31T09:00:00</datDo>
    </udaj>
    <udaj ID="1109802678">
      <hod>1713</hod>
      <uka>u3</uka>
      <vec>v1</vec>
      <vec>v2</vec>
      <vec>v4</vec>
      <mj>m2</mj>
      <uze>p5</uze>
      <cas>c1</cas>
      <zdr>z1</zdr>
      <datOd>2023-08-31T09:00:00</datOd>
      <datDo>2060-08-31T09:00:00</datDo>
    </udaj>
    <udaj ID="1109802746">
      <hod>1413</hod>
      <uka>u3</uka>
      <vec>v1</vec>
      <vec>v2</vec>
      <vec>v3</vec>
      <mj>m2</mj>
      <uze>p5</uze>
      <cas>c1</cas>
      <zdr>z1</zdr>
      <datOd>2023-08-31T09:00:00</datOd>
      <datDo>2060-08-31T09:00:00</datDo>
    </udaj>
    <udaj ID="1109802747">
      <hod>494</hod>
      <uka>u4</uka>
      <vec>v1</vec>
      <vec>v2</vec>
      <mj>m2</mj>
      <uze>p5</uze>
      <cas>c1</cas>
      <zdr>z1</zdr>
      <datOd>2023-08-31T09:00:00</datOd>
      <datDo>2060-08-31T09:00:00</datDo>
    </udaj>
    <udaj ID="1109802748">
      <hod>432</hod>
      <uka>u5</uka>
      <vec>v1</vec>
      <vec>v2</vec>
      <mj>m2</mj>
      <uze>p5</uze>
      <cas>c1</cas>
      <zdr>z1</zdr>
      <datOd>2023-08-31T09:00:00</datOd>
      <datDo>2060-08-31T09:00:00</datDo>
    </udaj>
    <udaj ID="1109802923">
      <hod>22</hod>
      <uka>u1</uka>
      <vec>v1</vec>
      <vec>v2</vec>
      <mj>m1</mj>
      <uze>p6</uze>
      <cas>c1</cas>
      <zdr>z1</zdr>
      <datOd>2023-08-31T09:00:00</datOd>
      <datDo>2060-08-31T09:00:00</datDo>
    </udaj>
    <udaj ID="1109802924">
      <hod>323</hod>
      <uka>u2</uka>
      <vec>v1</vec>
      <vec>v2</vec>
      <mj>m1</mj>
      <uze>p6</uze>
      <cas>c1</cas>
      <zdr>z1</zdr>
      <datOd>2023-08-31T09:00:00</datOd>
      <datDo>2060-08-31T09:00:00</datDo>
    </udaj>
    <udaj ID="1109802925">
      <hod>8416</hod>
      <uka>u3</uka>
      <vec>v1</vec>
      <vec>v2</vec>
      <mj>m2</mj>
      <uze>p6</uze>
      <cas>c1</cas>
      <zdr>z1</zdr>
      <datOd>2023-08-31T09:00:00</datOd>
      <datDo>2060-08-31T09:00:00</datDo>
    </udaj>
    <udaj ID="1109802926">
      <hod>4900</hod>
      <uka>u3</uka>
      <vec>v1</vec>
      <vec>v2</vec>
      <vec>v4</vec>
      <mj>m2</mj>
      <uze>p6</uze>
      <cas>c1</cas>
      <zdr>z1</zdr>
      <datOd>2023-08-31T09:00:00</datOd>
      <datDo>2060-08-31T09:00:00</datDo>
    </udaj>
    <udaj ID="1109802927">
      <hod>3516</hod>
      <uka>u3</uka>
      <vec>v1</vec>
      <vec>v2</vec>
      <vec>v3</vec>
      <mj>m2</mj>
      <uze>p6</uze>
      <cas>c1</cas>
      <zdr>z1</zdr>
      <datOd>2023-08-31T09:00:00</datOd>
      <datDo>2060-08-31T09:00:00</datDo>
    </udaj>
    <udaj ID="1109802928">
      <hod>1565</hod>
      <uka>u4</uka>
      <vec>v1</vec>
      <vec>v2</vec>
      <mj>m2</mj>
      <uze>p6</uze>
      <cas>c1</cas>
      <zdr>z1</zdr>
      <datOd>2023-08-31T09:00:00</datOd>
      <datDo>2060-08-31T09:00:00</datDo>
    </udaj>
    <udaj ID="1109802929">
      <hod>1266</hod>
      <uka>u5</uka>
      <vec>v1</vec>
      <vec>v2</vec>
      <mj>m2</mj>
      <uze>p6</uze>
      <cas>c1</cas>
      <zdr>z1</zdr>
      <datOd>2023-08-31T09:00:00</datOd>
      <datDo>2060-08-31T09:00:00</datDo>
    </udaj>
    <udaj ID="1109802111">
      <hod>13</hod>
      <uka>u1</uka>
      <vec>v1</vec>
      <vec>v2</vec>
      <mj>m1</mj>
      <uze>p7</uze>
      <cas>c1</cas>
      <zdr>z1</zdr>
      <datOd>2023-08-31T09:00:00</datOd>
      <datDo>2060-08-31T09:00:00</datDo>
    </udaj>
    <udaj ID="1109802112">
      <hod>154</hod>
      <uka>u2</uka>
      <vec>v1</vec>
      <vec>v2</vec>
      <mj>m1</mj>
      <uze>p7</uze>
      <cas>c1</cas>
      <zdr>z1</zdr>
      <datOd>2023-08-31T09:00:00</datOd>
      <datDo>2060-08-31T09:00:00</datDo>
    </udaj>
    <udaj ID="1109802113">
      <hod>4130</hod>
      <uka>u3</uka>
      <vec>v1</vec>
      <vec>v2</vec>
      <mj>m2</mj>
      <uze>p7</uze>
      <cas>c1</cas>
      <zdr>z1</zdr>
      <datOd>2023-08-31T09:00:00</datOd>
      <datDo>2060-08-31T09:00:00</datDo>
    </udaj>
    <udaj ID="1109802114">
      <hod>2377</hod>
      <uka>u3</uka>
      <vec>v1</vec>
      <vec>v2</vec>
      <vec>v4</vec>
      <mj>m2</mj>
      <uze>p7</uze>
      <cas>c1</cas>
      <zdr>z1</zdr>
      <datOd>2023-08-31T09:00:00</datOd>
      <datDo>2060-08-31T09:00:00</datDo>
    </udaj>
    <udaj ID="1109802115">
      <hod>1753</hod>
      <uka>u3</uka>
      <vec>v1</vec>
      <vec>v2</vec>
      <vec>v3</vec>
      <mj>m2</mj>
      <uze>p7</uze>
      <cas>c1</cas>
      <zdr>z1</zdr>
      <datOd>2023-08-31T09:00:00</datOd>
      <datDo>2060-08-31T09:00:00</datDo>
    </udaj>
    <udaj ID="1109802116">
      <hod>783</hod>
      <uka>u4</uka>
      <vec>v1</vec>
      <vec>v2</vec>
      <mj>m2</mj>
      <uze>p7</uze>
      <cas>c1</cas>
      <zdr>z1</zdr>
      <datOd>2023-08-31T09:00:00</datOd>
      <datDo>2060-08-31T09:00:00</datDo>
    </udaj>
    <udaj ID="1109802117">
      <hod>560</hod>
      <uka>u5</uka>
      <vec>v1</vec>
      <vec>v2</vec>
      <mj>m2</mj>
      <uze>p7</uze>
      <cas>c1</cas>
      <zdr>z1</zdr>
      <datOd>2023-08-31T09:00:00</datOd>
      <datDo>2060-08-31T09:00:00</datDo>
    </udaj>
    <udaj ID="1109802303">
      <hod>19</hod>
      <uka>u1</uka>
      <vec>v1</vec>
      <vec>v2</vec>
      <mj>m1</mj>
      <uze>p8</uze>
      <cas>c1</cas>
      <zdr>z1</zdr>
      <datOd>2023-08-31T09:00:00</datOd>
      <datDo>2060-08-31T09:00:00</datDo>
    </udaj>
    <udaj ID="1109802304">
      <hod>258.95</hod>
      <uka>u2</uka>
      <vec>v1</vec>
      <vec>v2</vec>
      <mj>m1</mj>
      <uze>p8</uze>
      <cas>c1</cas>
      <zdr>z1</zdr>
      <datOd>2023-08-31T09:00:00</datOd>
      <datDo>2060-08-31T09:00:00</datDo>
    </udaj>
    <udaj ID="1109802305">
      <hod>6823</hod>
      <uka>u3</uka>
      <vec>v1</vec>
      <vec>v2</vec>
      <mj>m2</mj>
      <uze>p8</uze>
      <cas>c1</cas>
      <zdr>z1</zdr>
      <datOd>2023-08-31T09:00:00</datOd>
      <datDo>2060-08-31T09:00:00</datDo>
    </udaj>
    <udaj ID="1109802306">
      <hod>3840</hod>
      <uka>u3</uka>
      <vec>v1</vec>
      <vec>v2</vec>
      <vec>v4</vec>
      <mj>m2</mj>
      <uze>p8</uze>
      <cas>c1</cas>
      <zdr>z1</zdr>
      <datOd>2023-08-31T09:00:00</datOd>
      <datDo>2060-08-31T09:00:00</datDo>
    </udaj>
    <udaj ID="1109802307">
      <hod>2983</hod>
      <uka>u3</uka>
      <vec>v1</vec>
      <vec>v2</vec>
      <vec>v3</vec>
      <mj>m2</mj>
      <uze>p8</uze>
      <cas>c1</cas>
      <zdr>z1</zdr>
      <datOd>2023-08-31T09:00:00</datOd>
      <datDo>2060-08-31T09:00:00</datDo>
    </udaj>
    <udaj ID="1109802308">
      <hod>1271</hod>
      <uka>u4</uka>
      <vec>v1</vec>
      <vec>v2</vec>
      <mj>m2</mj>
      <uze>p8</uze>
      <cas>c1</cas>
      <zdr>z1</zdr>
      <datOd>2023-08-31T09:00:00</datOd>
      <datDo>2060-08-31T09:00:00</datDo>
    </udaj>
    <udaj ID="1109802309">
      <hod>1121</hod>
      <uka>u5</uka>
      <vec>v1</vec>
      <vec>v2</vec>
      <mj>m2</mj>
      <uze>p8</uze>
      <cas>c1</cas>
      <zdr>z1</zdr>
      <datOd>2023-08-31T09:00:00</datOd>
      <datDo>2060-08-31T09:00:00</datDo>
    </udaj>
    <udaj ID="1109802507">
      <hod>20</hod>
      <uka>u1</uka>
      <vec>v1</vec>
      <vec>v2</vec>
      <mj>m1</mj>
      <uze>p9</uze>
      <cas>c1</cas>
      <zdr>z1</zdr>
      <datOd>2023-08-31T09:00:00</datOd>
      <datDo>2060-08-31T09:00:00</datDo>
    </udaj>
    <udaj ID="1109802508">
      <hod>224</hod>
      <uka>u2</uka>
      <vec>v1</vec>
      <vec>v2</vec>
      <mj>m1</mj>
      <uze>p9</uze>
      <cas>c1</cas>
      <zdr>z1</zdr>
      <datOd>2023-08-31T09:00:00</datOd>
      <datDo>2060-08-31T09:00:00</datDo>
    </udaj>
    <udaj ID="1109802509">
      <hod>6007</hod>
      <uka>u3</uka>
      <vec>v1</vec>
      <vec>v2</vec>
      <mj>m2</mj>
      <uze>p9</uze>
      <cas>c1</cas>
      <zdr>z1</zdr>
      <datOd>2023-08-31T09:00:00</datOd>
      <datDo>2060-08-31T09:00:00</datDo>
    </udaj>
    <udaj ID="1109802510">
      <hod>3419</hod>
      <uka>u3</uka>
      <vec>v1</vec>
      <vec>v2</vec>
      <vec>v4</vec>
      <mj>m2</mj>
      <uze>p9</uze>
      <cas>c1</cas>
      <zdr>z1</zdr>
      <datOd>2023-08-31T09:00:00</datOd>
      <datDo>2060-08-31T09:00:00</datDo>
    </udaj>
    <udaj ID="1109802511">
      <hod>2588</hod>
      <uka>u3</uka>
      <vec>v1</vec>
      <vec>v2</vec>
      <vec>v3</vec>
      <mj>m2</mj>
      <uze>p9</uze>
      <cas>c1</cas>
      <zdr>z1</zdr>
      <datOd>2023-08-31T09:00:00</datOd>
      <datDo>2060-08-31T09:00:00</datDo>
    </udaj>
    <udaj ID="1109802512">
      <hod>1089</hod>
      <uka>u4</uka>
      <vec>v1</vec>
      <vec>v2</vec>
      <mj>m2</mj>
      <uze>p9</uze>
      <cas>c1</cas>
      <zdr>z1</zdr>
      <datOd>2023-08-31T09:00:00</datOd>
      <datDo>2060-08-31T09:00:00</datDo>
    </udaj>
    <udaj ID="1109802513">
      <hod>992</hod>
      <uka>u5</uka>
      <vec>v1</vec>
      <vec>v2</vec>
      <mj>m2</mj>
      <uze>p9</uze>
      <cas>c1</cas>
      <zdr>z1</zdr>
      <datOd>2023-08-31T09:00:00</datOd>
      <datDo>2060-08-31T09:00:00</datDo>
    </udaj>
    <udaj ID="1109802764">
      <hod>18</hod>
      <uka>u1</uka>
      <vec>v1</vec>
      <vec>v2</vec>
      <mj>m1</mj>
      <uze>p10</uze>
      <cas>c1</cas>
      <zdr>z1</zdr>
      <datOd>2023-08-31T09:00:00</datOd>
      <datDo>2060-08-31T09:00:00</datDo>
    </udaj>
    <udaj ID="1109802765">
      <hod>228</hod>
      <uka>u2</uka>
      <vec>v1</vec>
      <vec>v2</vec>
      <mj>m1</mj>
      <uze>p10</uze>
      <cas>c1</cas>
      <zdr>z1</zdr>
      <datOd>2023-08-31T09:00:00</datOd>
      <datDo>2060-08-31T09:00:00</datDo>
    </udaj>
    <udaj ID="1109802766">
      <hod>6282</hod>
      <uka>u3</uka>
      <vec>v1</vec>
      <vec>v2</vec>
      <mj>m2</mj>
      <uze>p10</uze>
      <cas>c1</cas>
      <zdr>z1</zdr>
      <datOd>2023-08-31T09:00:00</datOd>
      <datDo>2060-08-31T09:00:00</datDo>
    </udaj>
    <udaj ID="1109802767">
      <hod>3725</hod>
      <uka>u3</uka>
      <vec>v1</vec>
      <vec>v2</vec>
      <vec>v4</vec>
      <mj>m2</mj>
      <uze>p10</uze>
      <cas>c1</cas>
      <zdr>z1</zdr>
      <datOd>2023-08-31T09:00:00</datOd>
      <datDo>2060-08-31T09:00:00</datDo>
    </udaj>
    <udaj ID="1109802768">
      <hod>2557</hod>
      <uka>u3</uka>
      <vec>v1</vec>
      <vec>v2</vec>
      <vec>v3</vec>
      <mj>m2</mj>
      <uze>p10</uze>
      <cas>c1</cas>
      <zdr>z1</zdr>
      <datOd>2023-08-31T09:00:00</datOd>
      <datDo>2060-08-31T09:00:00</datDo>
    </udaj>
    <udaj ID="1109802769">
      <hod>1174</hod>
      <uka>u4</uka>
      <vec>v1</vec>
      <vec>v2</vec>
      <mj>m2</mj>
      <uze>p10</uze>
      <cas>c1</cas>
      <zdr>z1</zdr>
      <datOd>2023-08-31T09:00:00</datOd>
      <datDo>2060-08-31T09:00:00</datDo>
    </udaj>
    <udaj ID="1109802770">
      <hod>1012</hod>
      <uka>u5</uka>
      <vec>v1</vec>
      <vec>v2</vec>
      <mj>m2</mj>
      <uze>p10</uze>
      <cas>c1</cas>
      <zdr>z1</zdr>
      <datOd>2023-08-31T09:00:00</datOd>
      <datDo>2060-08-31T09:00:00</datDo>
    </udaj>
    <udaj ID="1109802947">
      <hod>42</hod>
      <uka>u1</uka>
      <vec>v1</vec>
      <vec>v2</vec>
      <mj>m1</mj>
      <uze>p11</uze>
      <cas>c1</cas>
      <zdr>z1</zdr>
      <datOd>2023-08-31T09:00:00</datOd>
      <datDo>2060-08-31T09:00:00</datDo>
    </udaj>
    <udaj ID="1109802948">
      <hod>600</hod>
      <uka>u2</uka>
      <vec>v1</vec>
      <vec>v2</vec>
      <mj>m1</mj>
      <uze>p11</uze>
      <cas>c1</cas>
      <zdr>z1</zdr>
      <datOd>2023-08-31T09:00:00</datOd>
      <datDo>2060-08-31T09:00:00</datDo>
    </udaj>
    <udaj ID="1109802949">
      <hod>16258</hod>
      <uka>u3</uka>
      <vec>v1</vec>
      <vec>v2</vec>
      <mj>m2</mj>
      <uze>p11</uze>
      <cas>c1</cas>
      <zdr>z1</zdr>
      <datOd>2023-08-31T09:00:00</datOd>
      <datDo>2060-08-31T09:00:00</datDo>
    </udaj>
    <udaj ID="1109802950">
      <hod>9175</hod>
      <uka>u3</uka>
      <vec>v1</vec>
      <vec>v2</vec>
      <vec>v4</vec>
      <mj>m2</mj>
      <uze>p11</uze>
      <cas>c1</cas>
      <zdr>z1</zdr>
      <datOd>2023-08-31T09:00:00</datOd>
      <datDo>2060-08-31T09:00:00</datDo>
    </udaj>
    <udaj ID="1109803012">
      <hod>7083</hod>
      <uka>u3</uka>
      <vec>v1</vec>
      <vec>v2</vec>
      <vec>v3</vec>
      <mj>m2</mj>
      <uze>p11</uze>
      <cas>c1</cas>
      <zdr>z1</zdr>
      <datOd>2023-08-31T09:00:00</datOd>
      <datDo>2060-08-31T09:00:00</datDo>
    </udaj>
    <udaj ID="1109803013">
      <hod>3095</hod>
      <uka>u4</uka>
      <vec>v1</vec>
      <vec>v2</vec>
      <mj>m2</mj>
      <uze>p11</uze>
      <cas>c1</cas>
      <zdr>z1</zdr>
      <datOd>2023-08-31T09:00:00</datOd>
      <datDo>2060-08-31T09:00:00</datDo>
    </udaj>
    <udaj ID="1109803014">
      <hod>2599</hod>
      <uka>u5</uka>
      <vec>v1</vec>
      <vec>v2</vec>
      <mj>m2</mj>
      <uze>p11</uze>
      <cas>c1</cas>
      <zdr>z1</zdr>
      <datOd>2023-08-31T09:00:00</datOd>
      <datDo>2060-08-31T09:00:00</datDo>
    </udaj>
    <udaj ID="1109802208">
      <hod>19</hod>
      <uka>u1</uka>
      <vec>v1</vec>
      <vec>v2</vec>
      <mj>m1</mj>
      <uze>p12</uze>
      <cas>c1</cas>
      <zdr>z1</zdr>
      <datOd>2023-08-31T09:00:00</datOd>
      <datDo>2060-08-31T09:00:00</datDo>
    </udaj>
    <udaj ID="1109802209">
      <hod>295</hod>
      <uka>u2</uka>
      <vec>v1</vec>
      <vec>v2</vec>
      <mj>m1</mj>
      <uze>p12</uze>
      <cas>c1</cas>
      <zdr>z1</zdr>
      <datOd>2023-08-31T09:00:00</datOd>
      <datDo>2060-08-31T09:00:00</datDo>
    </udaj>
    <udaj ID="1109802210">
      <hod>8188</hod>
      <uka>u3</uka>
      <vec>v1</vec>
      <vec>v2</vec>
      <mj>m2</mj>
      <uze>p12</uze>
      <cas>c1</cas>
      <zdr>z1</zdr>
      <datOd>2023-08-31T09:00:00</datOd>
      <datDo>2060-08-31T09:00:00</datDo>
    </udaj>
    <udaj ID="1109802211">
      <hod>4739</hod>
      <uka>u3</uka>
      <vec>v1</vec>
      <vec>v2</vec>
      <vec>v4</vec>
      <mj>m2</mj>
      <uze>p12</uze>
      <cas>c1</cas>
      <zdr>z1</zdr>
      <datOd>2023-08-31T09:00:00</datOd>
      <datDo>2060-08-31T09:00:00</datDo>
    </udaj>
    <udaj ID="1109802212">
      <hod>3449</hod>
      <uka>u3</uka>
      <vec>v1</vec>
      <vec>v2</vec>
      <vec>v3</vec>
      <mj>m2</mj>
      <uze>p12</uze>
      <cas>c1</cas>
      <zdr>z1</zdr>
      <datOd>2023-08-31T09:00:00</datOd>
      <datDo>2060-08-31T09:00:00</datDo>
    </udaj>
    <udaj ID="1109802213">
      <hod>1468</hod>
      <uka>u4</uka>
      <vec>v1</vec>
      <vec>v2</vec>
      <mj>m2</mj>
      <uze>p12</uze>
      <cas>c1</cas>
      <zdr>z1</zdr>
      <datOd>2023-08-31T09:00:00</datOd>
      <datDo>2060-08-31T09:00:00</datDo>
    </udaj>
    <udaj ID="1109802214">
      <hod>1264</hod>
      <uka>u5</uka>
      <vec>v1</vec>
      <vec>v2</vec>
      <mj>m2</mj>
      <uze>p12</uze>
      <cas>c1</cas>
      <zdr>z1</zdr>
      <datOd>2023-08-31T09:00:00</datOd>
      <datDo>2060-08-31T09:00:00</datDo>
    </udaj>
    <udaj ID="1109802388">
      <hod>16</hod>
      <uka>u1</uka>
      <vec>v1</vec>
      <vec>v2</vec>
      <mj>m1</mj>
      <uze>p13</uze>
      <cas>c1</cas>
      <zdr>z1</zdr>
      <datOd>2023-08-31T09:00:00</datOd>
      <datDo>2060-08-31T09:00:00</datDo>
    </udaj>
    <udaj ID="1109802389">
      <hod>262</hod>
      <uka>u2</uka>
      <vec>v1</vec>
      <vec>v2</vec>
      <mj>m1</mj>
      <uze>p13</uze>
      <cas>c1</cas>
      <zdr>z1</zdr>
      <datOd>2023-08-31T09:00:00</datOd>
      <datDo>2060-08-31T09:00:00</datDo>
    </udaj>
    <udaj ID="1109802390">
      <hod>7421</hod>
      <uka>u3</uka>
      <vec>v1</vec>
      <vec>v2</vec>
      <mj>m2</mj>
      <uze>p13</uze>
      <cas>c1</cas>
      <zdr>z1</zdr>
      <datOd>2023-08-31T09:00:00</datOd>
      <datDo>2060-08-31T09:00:00</datDo>
    </udaj>
    <udaj ID="1109802391">
      <hod>4421</hod>
      <uka>u3</uka>
      <vec>v1</vec>
      <vec>v2</vec>
      <vec>v4</vec>
      <mj>m2</mj>
      <uze>p13</uze>
      <cas>c1</cas>
      <zdr>z1</zdr>
      <datOd>2023-08-31T09:00:00</datOd>
      <datDo>2060-08-31T09:00:00</datDo>
    </udaj>
    <udaj ID="1109802392">
      <hod>3000</hod>
      <uka>u3</uka>
      <vec>v1</vec>
      <vec>v2</vec>
      <vec>v3</vec>
      <mj>m2</mj>
      <uze>p13</uze>
      <cas>c1</cas>
      <zdr>z1</zdr>
      <datOd>2023-08-31T09:00:00</datOd>
      <datDo>2060-08-31T09:00:00</datDo>
    </udaj>
    <udaj ID="1109802393">
      <hod>1490</hod>
      <uka>u4</uka>
      <vec>v1</vec>
      <vec>v2</vec>
      <mj>m2</mj>
      <uze>p13</uze>
      <cas>c1</cas>
      <zdr>z1</zdr>
      <datOd>2023-08-31T09:00:00</datOd>
      <datDo>2060-08-31T09:00:00</datDo>
    </udaj>
    <udaj ID="1109802394">
      <hod>1367</hod>
      <uka>u5</uka>
      <vec>v1</vec>
      <vec>v2</vec>
      <mj>m2</mj>
      <uze>p13</uze>
      <cas>c1</cas>
      <zdr>z1</zdr>
      <datOd>2023-08-31T09:00:00</datOd>
      <datDo>2060-08-31T09:00:00</datDo>
    </udaj>
    <udaj ID="1109802344">
      <hod>39</hod>
      <uka>u1</uka>
      <vec>v1</vec>
      <vec>v2</vec>
      <mj>m1</mj>
      <uze>p14</uze>
      <cas>c1</cas>
      <zdr>z1</zdr>
      <datOd>2023-08-31T09:00:00</datOd>
      <datDo>2060-08-31T09:00:00</datDo>
    </udaj>
    <udaj ID="1109802345">
      <hod>517</hod>
      <uka>u2</uka>
      <vec>v1</vec>
      <vec>v2</vec>
      <mj>m1</mj>
      <uze>p14</uze>
      <cas>c1</cas>
      <zdr>z1</zdr>
      <datOd>2023-08-31T09:00:00</datOd>
      <datDo>2060-08-31T09:00:00</datDo>
    </udaj>
    <udaj ID="1109802346">
      <hod>14098</hod>
      <uka>u3</uka>
      <vec>v1</vec>
      <vec>v2</vec>
      <mj>m2</mj>
      <uze>p14</uze>
      <cas>c1</cas>
      <zdr>z1</zdr>
      <datOd>2023-08-31T09:00:00</datOd>
      <datDo>2060-08-31T09:00:00</datDo>
    </udaj>
    <udaj ID="1109802347">
      <hod>8120</hod>
      <uka>u3</uka>
      <vec>v1</vec>
      <vec>v2</vec>
      <vec>v4</vec>
      <mj>m2</mj>
      <uze>p14</uze>
      <cas>c1</cas>
      <zdr>z1</zdr>
      <datOd>2023-08-31T09:00:00</datOd>
      <datDo>2060-08-31T09:00:00</datDo>
    </udaj>
    <udaj ID="1109802348">
      <hod>5978</hod>
      <uka>u3</uka>
      <vec>v1</vec>
      <vec>v2</vec>
      <vec>v3</vec>
      <mj>m2</mj>
      <uze>p14</uze>
      <cas>c1</cas>
      <zdr>z1</zdr>
      <datOd>2023-08-31T09:00:00</datOd>
      <datDo>2060-08-31T09:00:00</datDo>
    </udaj>
    <udaj ID="1109802349">
      <hod>2748</hod>
      <uka>u4</uka>
      <vec>v1</vec>
      <vec>v2</vec>
      <mj>m2</mj>
      <uze>p14</uze>
      <cas>c1</cas>
      <zdr>z1</zdr>
      <datOd>2023-08-31T09:00:00</datOd>
      <datDo>2060-08-31T09:00:00</datDo>
    </udaj>
    <udaj ID="1109802350">
      <hod>2275</hod>
      <uka>u5</uka>
      <vec>v1</vec>
      <vec>v2</vec>
      <mj>m2</mj>
      <uze>p14</uze>
      <cas>c1</cas>
      <zdr>z1</zdr>
      <datOd>2023-08-31T09:00:00</datOd>
      <datDo>2060-08-31T09:00:00</datDo>
    </udaj>
  </data>
</vdbData>
