<?xml version="1.0" encoding="UTF-8" standalone="yes"?>
<vdbData xmlns="http://vdb.czso.cz/xml/export" xmlns:xsi="http://www.w3.org/2001/XMLSchema-instance" VERZE="1.1" JAZYK="cs" xsi:schemaLocation="http://vdb.czso.cz/xml/VdbData.xsd">
  <pruvodka>
    <copyright ROK="2023">© Český statistický úřad</copyright>
    <disclaimer>Poskytovatel neodpovídá za případné škody vzniklé v souvislosti s poskytnutými statistickými informacemi.</disclaimer>
    <ident>VZD08</ident>
    <nazev>Vzdělávání v konzervatořích - územní srovnání</nazev>
    <nastaveniExportu>
      <parametry>ZVOLENE</parametry>
      <rozsah>T</rozsah>
      <definice>N</definice>
      <atributy>N</atributy>
      <typDat>N</typDat>
      <casAktDB>N</casAktDB>
    </nastaveniExportu>
    <zdrojoveURI>https://vdb.czso.cz/vdbvo2/faces/cs/index.jsf?page=vystup-objekt&amp;z=T&amp;f=TABULKA&amp;pvo=VZD08&amp;katalog=30848&amp;&amp;c=v3~1__RP2022RK2023MP09MK06DP01DK30&amp;str=v43&amp;kodjaz=203</zdrojoveURI>
    <generator>VdbExporty: 1.1.11</generator>
    <casExportu>2023-10-21T00:51:57</casExportu>
    <pocetUdaju>120</pocetUdaju>
  </pruvodka>
  <metaSlovnik>
    <ukazatel>
      <uka ID="u1">
        <kod>6043</kod>
        <text>Počet škol</text>
      </uka>
      <uka ID="u2">
        <kod>6057</kod>
        <text>Počet žáků</text>
      </uka>
      <uka ID="u3">
        <kod>6056</kod>
        <text>Počet nově přijatých žáků/studentů do prvního ročníku</text>
      </uka>
      <uka ID="u4">
        <kod>6061</kod>
        <text>Počet absolventů středního, vyššího odborného a vysokoškolského vzdělávání</text>
      </uka>
    </ukazatel>
    <vecneUpresneni>
      <element ID="v1">
        <dim>CZISCEDP</dim>
        <dimText>Klasifikace vzdělání (CZ-ISCED 2011) - vzdělávací programy</dimText>
        <ciselnik>5172</ciselnik>
        <kod>2</kod>
        <text>Nižší sekundární vzdělávání</text>
      </element>
      <element ID="v2">
        <dim>CZISCEDP</dim>
        <dimText>Klasifikace vzdělání (CZ-ISCED 2011) - vzdělávací programy</dimText>
        <ciselnik>5183</ciselnik>
        <kod>34560001</kod>
        <text>Vyšší sekundární vzdělání a krátký cyklus terciárního vzdělání</text>
      </element>
      <element ID="v3">
        <dim>DRUHSKOLZAR</dim>
        <dimText>Druh školy a školského zařízení</dimText>
        <ciselnik>340</ciselnik>
        <kod>4</kod>
        <text>Konzervatoř</text>
      </element>
      <element ID="v4">
        <dim>POHLAVI</dim>
        <dimText>Pohlaví</dimText>
        <ciselnik>102</ciselnik>
        <kod>1</kod>
        <text>muž</text>
      </element>
      <element ID="v5">
        <dim>POHLAVI</dim>
        <dimText>Pohlaví</dimText>
        <ciselnik>102</ciselnik>
        <kod>2</kod>
        <text>žena</text>
      </element>
    </vecneUpresneni>
    <mericiJednotka>
      <element ID="m1">
        <dim>MJ_SKUTEC</dim>
        <dimText>Skutečná měřicí jednotka</dimText>
        <ciselnik>78</ciselnik>
        <kod>99998</kod>
        <text>četnostní jednotka</text>
      </element>
      <element ID="m2">
        <dim>MJ_SKUTEC</dim>
        <dimText>Skutečná měřicí jednotka</dimText>
        <ciselnik>78</ciselnik>
        <kod>80400</kod>
        <text>osoba</text>
      </element>
    </mericiJednotka>
    <uzemi>
      <element ID="p1">
        <dim>VUZEMI</dim>
        <dimText>V území</dimText>
        <ciselnik>100</ciselnik>
        <kod>3018</kod>
        <text>Hlavní město Praha</text>
      </element>
      <element ID="p2">
        <dim>VUZEMI</dim>
        <dimText>V území</dimText>
        <ciselnik>100</ciselnik>
        <kod>3026</kod>
        <text>Středočeský kraj</text>
      </element>
      <element ID="p3">
        <dim>VUZEMI</dim>
        <dimText>V území</dimText>
        <ciselnik>100</ciselnik>
        <kod>3034</kod>
        <text>Jihočeský kraj</text>
      </element>
      <element ID="p4">
        <dim>VUZEMI</dim>
        <dimText>V území</dimText>
        <ciselnik>100</ciselnik>
        <kod>3042</kod>
        <text>Plzeňský kraj</text>
      </element>
      <element ID="p5">
        <dim>VUZEMI</dim>
        <dimText>V území</dimText>
        <ciselnik>100</ciselnik>
        <kod>3051</kod>
        <text>Karlovarský kraj</text>
      </element>
      <element ID="p6">
        <dim>VUZEMI</dim>
        <dimText>V území</dimText>
        <ciselnik>100</ciselnik>
        <kod>3069</kod>
        <text>Ústecký kraj</text>
      </element>
      <element ID="p7">
        <dim>VUZEMI</dim>
        <dimText>V území</dimText>
        <ciselnik>100</ciselnik>
        <kod>3077</kod>
        <text>Liberecký kraj</text>
      </element>
      <element ID="p8">
        <dim>VUZEMI</dim>
        <dimText>V území</dimText>
        <ciselnik>100</ciselnik>
        <kod>3085</kod>
        <text>Královéhradecký kraj</text>
      </element>
      <element ID="p9">
        <dim>VUZEMI</dim>
        <dimText>V území</dimText>
        <ciselnik>100</ciselnik>
        <kod>3093</kod>
        <text>Pardubický kraj</text>
      </element>
      <element ID="p10">
        <dim>VUZEMI</dim>
        <dimText>V území</dimText>
        <ciselnik>100</ciselnik>
        <kod>3107</kod>
        <text>Kraj Vysočina</text>
      </element>
      <element ID="p11">
        <dim>VUZEMI</dim>
        <dimText>V území</dimText>
        <ciselnik>100</ciselnik>
        <kod>3115</kod>
        <text>Jihomoravský kraj</text>
      </element>
      <element ID="p12">
        <dim>VUZEMI</dim>
        <dimText>V území</dimText>
        <ciselnik>100</ciselnik>
        <kod>3123</kod>
        <text>Olomoucký kraj</text>
      </element>
      <element ID="p13">
        <dim>VUZEMI</dim>
        <dimText>V území</dimText>
        <ciselnik>100</ciselnik>
        <kod>3131</kod>
        <text>Zlínský kraj</text>
      </element>
      <element ID="p14">
        <dim>VUZEMI</dim>
        <dimText>V území</dimText>
        <ciselnik>100</ciselnik>
        <kod>3140</kod>
        <text>Moravskoslezský kraj</text>
      </element>
      <element ID="p15">
        <dim>VUZEMI</dim>
        <dimText>V území</dimText>
        <ciselnik>97</ciselnik>
        <kod>19</kod>
        <text>Česká republika</text>
      </element>
    </uzemi>
    <obdobi>
      <cas ID="c1">
        <casOd>2022-09-01</casOd>
        <casDo>2023-06-30</casDo>
      </cas>
    </obdobi>
    <zdrojovaUloha>
      <zdr ID="z1">
        <kod>ADMMSMTVZD</kod>
        <text>Adm. zdroj dat z MŠMT - Vzdělávání</text>
        <verze>1900100</verze>
        <verzeText>roční (leden - prosinec) zpracování - 1. verze</verzeText>
        <obdobiOd>2022-01-01</obdobiOd>
        <obdobiDo>2022-12-31</obdobiDo>
      </zdr>
    </zdrojovaUloha>
  </metaSlovnik>
  <data>
    <udaj ID="1109802413">
      <hod>18</hod>
      <uka>u1</uka>
      <vec>v3</vec>
      <mj>m1</mj>
      <uze>p15</uze>
      <cas>c1</cas>
      <zdr>z1</zdr>
      <datOd>2023-08-31T09:00:00</datOd>
      <datDo>2060-08-31T09:00:00</datDo>
    </udaj>
    <udaj ID="1109802414">
      <hod>3837</hod>
      <uka>u2</uka>
      <vec>v3</vec>
      <mj>m2</mj>
      <uze>p15</uze>
      <cas>c1</cas>
      <zdr>z1</zdr>
      <datOd>2023-08-31T09:00:00</datOd>
      <datDo>2060-08-31T09:00:00</datDo>
    </udaj>
    <udaj ID="1109802415">
      <hod>2450</hod>
      <uka>u2</uka>
      <vec>v3</vec>
      <vec>v5</vec>
      <mj>m2</mj>
      <uze>p15</uze>
      <cas>c1</cas>
      <zdr>z1</zdr>
      <datOd>2023-08-31T09:00:00</datOd>
      <datDo>2060-08-31T09:00:00</datDo>
    </udaj>
    <udaj ID="1109802416">
      <hod>1387</hod>
      <uka>u2</uka>
      <vec>v3</vec>
      <vec>v4</vec>
      <mj>m2</mj>
      <uze>p15</uze>
      <cas>c1</cas>
      <zdr>z1</zdr>
      <datOd>2023-08-31T09:00:00</datOd>
      <datDo>2060-08-31T09:00:00</datDo>
    </udaj>
    <udaj ID="1109802417">
      <hod>286</hod>
      <uka>u2</uka>
      <vec>v1</vec>
      <vec>v3</vec>
      <mj>m2</mj>
      <uze>p15</uze>
      <cas>c1</cas>
      <zdr>z1</zdr>
      <datOd>2023-08-31T09:00:00</datOd>
      <datDo>2060-08-31T09:00:00</datDo>
    </udaj>
    <udaj ID="1109802418">
      <hod>3551</hod>
      <uka>u2</uka>
      <vec>v2</vec>
      <vec>v3</vec>
      <mj>m2</mj>
      <uze>p15</uze>
      <cas>c1</cas>
      <zdr>z1</zdr>
      <datOd>2023-08-31T09:00:00</datOd>
      <datDo>2060-08-31T09:00:00</datDo>
    </udaj>
    <udaj ID="1109802462">
      <hod>642</hod>
      <uka>u3</uka>
      <vec>v3</vec>
      <mj>m2</mj>
      <uze>p15</uze>
      <cas>c1</cas>
      <zdr>z1</zdr>
      <datOd>2023-08-31T09:00:00</datOd>
      <datDo>2060-08-31T09:00:00</datDo>
    </udaj>
    <udaj ID="1109802463">
      <hod>387</hod>
      <uka>u4</uka>
      <vec>v3</vec>
      <mj>m2</mj>
      <uze>p15</uze>
      <cas>c1</cas>
      <zdr>z1</zdr>
      <datOd>2023-08-31T09:00:00</datOd>
      <datDo>2060-08-31T09:00:00</datDo>
    </udaj>
    <udaj ID="1109802464">
      <hod>8</hod>
      <uka>u1</uka>
      <vec>v3</vec>
      <mj>m1</mj>
      <uze>p1</uze>
      <cas>c1</cas>
      <zdr>z1</zdr>
      <datOd>2023-08-31T09:00:00</datOd>
      <datDo>2060-08-31T09:00:00</datDo>
    </udaj>
    <udaj ID="1109802465">
      <hod>1755</hod>
      <uka>u2</uka>
      <vec>v3</vec>
      <mj>m2</mj>
      <uze>p1</uze>
      <cas>c1</cas>
      <zdr>z1</zdr>
      <datOd>2023-08-31T09:00:00</datOd>
      <datDo>2060-08-31T09:00:00</datDo>
    </udaj>
    <udaj ID="1109802466">
      <hod>1089</hod>
      <uka>u2</uka>
      <vec>v3</vec>
      <vec>v5</vec>
      <mj>m2</mj>
      <uze>p1</uze>
      <cas>c1</cas>
      <zdr>z1</zdr>
      <datOd>2023-08-31T09:00:00</datOd>
      <datDo>2060-08-31T09:00:00</datDo>
    </udaj>
    <udaj ID="1109802467">
      <hod>666</hod>
      <uka>u2</uka>
      <vec>v3</vec>
      <vec>v4</vec>
      <mj>m2</mj>
      <uze>p1</uze>
      <cas>c1</cas>
      <zdr>z1</zdr>
      <datOd>2023-08-31T09:00:00</datOd>
      <datDo>2060-08-31T09:00:00</datDo>
    </udaj>
    <udaj ID="1109802468">
      <hod>174</hod>
      <uka>u2</uka>
      <vec>v1</vec>
      <vec>v3</vec>
      <mj>m2</mj>
      <uze>p1</uze>
      <cas>c1</cas>
      <zdr>z1</zdr>
      <datOd>2023-08-31T09:00:00</datOd>
      <datDo>2060-08-31T09:00:00</datDo>
    </udaj>
    <udaj ID="1109802469">
      <hod>1581</hod>
      <uka>u2</uka>
      <vec>v2</vec>
      <vec>v3</vec>
      <mj>m2</mj>
      <uze>p1</uze>
      <cas>c1</cas>
      <zdr>z1</zdr>
      <datOd>2023-08-31T09:00:00</datOd>
      <datDo>2060-08-31T09:00:00</datDo>
    </udaj>
    <udaj ID="1109802470">
      <hod>296</hod>
      <uka>u3</uka>
      <vec>v3</vec>
      <mj>m2</mj>
      <uze>p1</uze>
      <cas>c1</cas>
      <zdr>z1</zdr>
      <datOd>2023-08-31T09:00:00</datOd>
      <datDo>2060-08-31T09:00:00</datDo>
    </udaj>
    <udaj ID="1109802471">
      <hod>165</hod>
      <uka>u4</uka>
      <vec>v3</vec>
      <mj>m2</mj>
      <uze>p1</uze>
      <cas>c1</cas>
      <zdr>z1</zdr>
      <datOd>2023-08-31T09:00:00</datOd>
      <datDo>2060-08-31T09:00:00</datDo>
    </udaj>
    <udaj ID="1109802472">
      <hod>0</hod>
      <uka>u1</uka>
      <vec>v3</vec>
      <mj>m1</mj>
      <uze>p2</uze>
      <cas>c1</cas>
      <zdr>z1</zdr>
      <datOd>2023-08-31T09:00:00</datOd>
      <datDo>2060-08-31T09:00:00</datDo>
    </udaj>
    <udaj ID="1109802473">
      <hod>0</hod>
      <uka>u2</uka>
      <vec>v3</vec>
      <mj>m2</mj>
      <uze>p2</uze>
      <cas>c1</cas>
      <zdr>z1</zdr>
      <datOd>2023-08-31T09:00:00</datOd>
      <datDo>2060-08-31T09:00:00</datDo>
    </udaj>
    <udaj ID="1109802474">
      <hod>0</hod>
      <uka>u2</uka>
      <vec>v3</vec>
      <vec>v5</vec>
      <mj>m2</mj>
      <uze>p2</uze>
      <cas>c1</cas>
      <zdr>z1</zdr>
      <datOd>2023-08-31T09:00:00</datOd>
      <datDo>2060-08-31T09:00:00</datDo>
    </udaj>
    <udaj ID="1109802475">
      <hod>0</hod>
      <uka>u2</uka>
      <vec>v3</vec>
      <vec>v4</vec>
      <mj>m2</mj>
      <uze>p2</uze>
      <cas>c1</cas>
      <zdr>z1</zdr>
      <datOd>2023-08-31T09:00:00</datOd>
      <datDo>2060-08-31T09:00:00</datDo>
    </udaj>
    <udaj ID="1109802476">
      <hod>0</hod>
      <uka>u2</uka>
      <vec>v1</vec>
      <vec>v3</vec>
      <mj>m2</mj>
      <uze>p2</uze>
      <cas>c1</cas>
      <zdr>z1</zdr>
      <datOd>2023-08-31T09:00:00</datOd>
      <datDo>2060-08-31T09:00:00</datDo>
    </udaj>
    <udaj ID="1109802477">
      <hod>0</hod>
      <uka>u2</uka>
      <vec>v2</vec>
      <vec>v3</vec>
      <mj>m2</mj>
      <uze>p2</uze>
      <cas>c1</cas>
      <zdr>z1</zdr>
      <datOd>2023-08-31T09:00:00</datOd>
      <datDo>2060-08-31T09:00:00</datDo>
    </udaj>
    <udaj ID="1109802478">
      <hod>0</hod>
      <uka>u3</uka>
      <vec>v3</vec>
      <mj>m2</mj>
      <uze>p2</uze>
      <cas>c1</cas>
      <zdr>z1</zdr>
      <datOd>2023-08-31T09:00:00</datOd>
      <datDo>2060-08-31T09:00:00</datDo>
    </udaj>
    <udaj ID="1109802479">
      <hod>0</hod>
      <uka>u4</uka>
      <vec>v3</vec>
      <mj>m2</mj>
      <uze>p2</uze>
      <cas>c1</cas>
      <zdr>z1</zdr>
      <datOd>2023-08-31T09:00:00</datOd>
      <datDo>2060-08-31T09:00:00</datDo>
    </udaj>
    <udaj ID="1109802480">
      <hod>1</hod>
      <uka>u1</uka>
      <vec>v3</vec>
      <mj>m1</mj>
      <uze>p3</uze>
      <cas>c1</cas>
      <zdr>z1</zdr>
      <datOd>2023-08-31T09:00:00</datOd>
      <datDo>2060-08-31T09:00:00</datDo>
    </udaj>
    <udaj ID="1109802481">
      <hod>153</hod>
      <uka>u2</uka>
      <vec>v3</vec>
      <mj>m2</mj>
      <uze>p3</uze>
      <cas>c1</cas>
      <zdr>z1</zdr>
      <datOd>2023-08-31T09:00:00</datOd>
      <datDo>2060-08-31T09:00:00</datDo>
    </udaj>
    <udaj ID="1109802482">
      <hod>105</hod>
      <uka>u2</uka>
      <vec>v3</vec>
      <vec>v5</vec>
      <mj>m2</mj>
      <uze>p3</uze>
      <cas>c1</cas>
      <zdr>z1</zdr>
      <datOd>2023-08-31T09:00:00</datOd>
      <datDo>2060-08-31T09:00:00</datDo>
    </udaj>
    <udaj ID="1109802483">
      <hod>48</hod>
      <uka>u2</uka>
      <vec>v3</vec>
      <vec>v4</vec>
      <mj>m2</mj>
      <uze>p3</uze>
      <cas>c1</cas>
      <zdr>z1</zdr>
      <datOd>2023-08-31T09:00:00</datOd>
      <datDo>2060-08-31T09:00:00</datDo>
    </udaj>
    <udaj ID="1109802484">
      <hod>0</hod>
      <uka>u2</uka>
      <vec>v1</vec>
      <vec>v3</vec>
      <mj>m2</mj>
      <uze>p3</uze>
      <cas>c1</cas>
      <zdr>z1</zdr>
      <datOd>2023-08-31T09:00:00</datOd>
      <datDo>2060-08-31T09:00:00</datDo>
    </udaj>
    <udaj ID="1109802485">
      <hod>153</hod>
      <uka>u2</uka>
      <vec>v2</vec>
      <vec>v3</vec>
      <mj>m2</mj>
      <uze>p3</uze>
      <cas>c1</cas>
      <zdr>z1</zdr>
      <datOd>2023-08-31T09:00:00</datOd>
      <datDo>2060-08-31T09:00:00</datDo>
    </udaj>
    <udaj ID="1109802486">
      <hod>29</hod>
      <uka>u3</uka>
      <vec>v3</vec>
      <mj>m2</mj>
      <uze>p3</uze>
      <cas>c1</cas>
      <zdr>z1</zdr>
      <datOd>2023-08-31T09:00:00</datOd>
      <datDo>2060-08-31T09:00:00</datDo>
    </udaj>
    <udaj ID="1109802546">
      <hod>20</hod>
      <uka>u4</uka>
      <vec>v3</vec>
      <mj>m2</mj>
      <uze>p3</uze>
      <cas>c1</cas>
      <zdr>z1</zdr>
      <datOd>2023-08-31T09:00:00</datOd>
      <datDo>2060-08-31T09:00:00</datDo>
    </udaj>
    <udaj ID="1109802547">
      <hod>1</hod>
      <uka>u1</uka>
      <vec>v3</vec>
      <mj>m1</mj>
      <uze>p4</uze>
      <cas>c1</cas>
      <zdr>z1</zdr>
      <datOd>2023-08-31T09:00:00</datOd>
      <datDo>2060-08-31T09:00:00</datDo>
    </udaj>
    <udaj ID="1109802548">
      <hod>214</hod>
      <uka>u2</uka>
      <vec>v3</vec>
      <mj>m2</mj>
      <uze>p4</uze>
      <cas>c1</cas>
      <zdr>z1</zdr>
      <datOd>2023-08-31T09:00:00</datOd>
      <datDo>2060-08-31T09:00:00</datDo>
    </udaj>
    <udaj ID="1109802549">
      <hod>139</hod>
      <uka>u2</uka>
      <vec>v3</vec>
      <vec>v5</vec>
      <mj>m2</mj>
      <uze>p4</uze>
      <cas>c1</cas>
      <zdr>z1</zdr>
      <datOd>2023-08-31T09:00:00</datOd>
      <datDo>2060-08-31T09:00:00</datDo>
    </udaj>
    <udaj ID="1109802550">
      <hod>75</hod>
      <uka>u2</uka>
      <vec>v3</vec>
      <vec>v4</vec>
      <mj>m2</mj>
      <uze>p4</uze>
      <cas>c1</cas>
      <zdr>z1</zdr>
      <datOd>2023-08-31T09:00:00</datOd>
      <datDo>2060-08-31T09:00:00</datDo>
    </udaj>
    <udaj ID="1109802551">
      <hod>0</hod>
      <uka>u2</uka>
      <vec>v1</vec>
      <vec>v3</vec>
      <mj>m2</mj>
      <uze>p4</uze>
      <cas>c1</cas>
      <zdr>z1</zdr>
      <datOd>2023-08-31T09:00:00</datOd>
      <datDo>2060-08-31T09:00:00</datDo>
    </udaj>
    <udaj ID="1109802552">
      <hod>214</hod>
      <uka>u2</uka>
      <vec>v2</vec>
      <vec>v3</vec>
      <mj>m2</mj>
      <uze>p4</uze>
      <cas>c1</cas>
      <zdr>z1</zdr>
      <datOd>2023-08-31T09:00:00</datOd>
      <datDo>2060-08-31T09:00:00</datDo>
    </udaj>
    <udaj ID="1109802553">
      <hod>27</hod>
      <uka>u3</uka>
      <vec>v3</vec>
      <mj>m2</mj>
      <uze>p4</uze>
      <cas>c1</cas>
      <zdr>z1</zdr>
      <datOd>2023-08-31T09:00:00</datOd>
      <datDo>2060-08-31T09:00:00</datDo>
    </udaj>
    <udaj ID="1109802554">
      <hod>17</hod>
      <uka>u4</uka>
      <vec>v3</vec>
      <mj>m2</mj>
      <uze>p4</uze>
      <cas>c1</cas>
      <zdr>z1</zdr>
      <datOd>2023-08-31T09:00:00</datOd>
      <datDo>2060-08-31T09:00:00</datDo>
    </udaj>
    <udaj ID="1109802555">
      <hod>0</hod>
      <uka>u1</uka>
      <vec>v3</vec>
      <mj>m1</mj>
      <uze>p5</uze>
      <cas>c1</cas>
      <zdr>z1</zdr>
      <datOd>2023-08-31T09:00:00</datOd>
      <datDo>2060-08-31T09:00:00</datDo>
    </udaj>
    <udaj ID="1109802556">
      <hod>0</hod>
      <uka>u2</uka>
      <vec>v3</vec>
      <mj>m2</mj>
      <uze>p5</uze>
      <cas>c1</cas>
      <zdr>z1</zdr>
      <datOd>2023-08-31T09:00:00</datOd>
      <datDo>2060-08-31T09:00:00</datDo>
    </udaj>
    <udaj ID="1109802557">
      <hod>0</hod>
      <uka>u2</uka>
      <vec>v3</vec>
      <vec>v5</vec>
      <mj>m2</mj>
      <uze>p5</uze>
      <cas>c1</cas>
      <zdr>z1</zdr>
      <datOd>2023-08-31T09:00:00</datOd>
      <datDo>2060-08-31T09:00:00</datDo>
    </udaj>
    <udaj ID="1109802558">
      <hod>0</hod>
      <uka>u2</uka>
      <vec>v3</vec>
      <vec>v4</vec>
      <mj>m2</mj>
      <uze>p5</uze>
      <cas>c1</cas>
      <zdr>z1</zdr>
      <datOd>2023-08-31T09:00:00</datOd>
      <datDo>2060-08-31T09:00:00</datDo>
    </udaj>
    <udaj ID="1109802559">
      <hod>0</hod>
      <uka>u2</uka>
      <vec>v1</vec>
      <vec>v3</vec>
      <mj>m2</mj>
      <uze>p5</uze>
      <cas>c1</cas>
      <zdr>z1</zdr>
      <datOd>2023-08-31T09:00:00</datOd>
      <datDo>2060-08-31T09:00:00</datDo>
    </udaj>
    <udaj ID="1109802560">
      <hod>0</hod>
      <uka>u2</uka>
      <vec>v2</vec>
      <vec>v3</vec>
      <mj>m2</mj>
      <uze>p5</uze>
      <cas>c1</cas>
      <zdr>z1</zdr>
      <datOd>2023-08-31T09:00:00</datOd>
      <datDo>2060-08-31T09:00:00</datDo>
    </udaj>
    <udaj ID="1109802561">
      <hod>0</hod>
      <uka>u3</uka>
      <vec>v3</vec>
      <mj>m2</mj>
      <uze>p5</uze>
      <cas>c1</cas>
      <zdr>z1</zdr>
      <datOd>2023-08-31T09:00:00</datOd>
      <datDo>2060-08-31T09:00:00</datDo>
    </udaj>
    <udaj ID="1109802562">
      <hod>0</hod>
      <uka>u4</uka>
      <vec>v3</vec>
      <mj>m2</mj>
      <uze>p5</uze>
      <cas>c1</cas>
      <zdr>z1</zdr>
      <datOd>2023-08-31T09:00:00</datOd>
      <datDo>2060-08-31T09:00:00</datDo>
    </udaj>
    <udaj ID="1109802563">
      <hod>1</hod>
      <uka>u1</uka>
      <vec>v3</vec>
      <mj>m1</mj>
      <uze>p6</uze>
      <cas>c1</cas>
      <zdr>z1</zdr>
      <datOd>2023-08-31T09:00:00</datOd>
      <datDo>2060-08-31T09:00:00</datDo>
    </udaj>
    <udaj ID="1109802564">
      <hod>204</hod>
      <uka>u2</uka>
      <vec>v3</vec>
      <mj>m2</mj>
      <uze>p6</uze>
      <cas>c1</cas>
      <zdr>z1</zdr>
      <datOd>2023-08-31T09:00:00</datOd>
      <datDo>2060-08-31T09:00:00</datDo>
    </udaj>
    <udaj ID="1109802565">
      <hod>109</hod>
      <uka>u2</uka>
      <vec>v3</vec>
      <vec>v5</vec>
      <mj>m2</mj>
      <uze>p6</uze>
      <cas>c1</cas>
      <zdr>z1</zdr>
      <datOd>2023-08-31T09:00:00</datOd>
      <datDo>2060-08-31T09:00:00</datDo>
    </udaj>
    <udaj ID="1109802566">
      <hod>95</hod>
      <uka>u2</uka>
      <vec>v3</vec>
      <vec>v4</vec>
      <mj>m2</mj>
      <uze>p6</uze>
      <cas>c1</cas>
      <zdr>z1</zdr>
      <datOd>2023-08-31T09:00:00</datOd>
      <datDo>2060-08-31T09:00:00</datDo>
    </udaj>
    <udaj ID="1109802567">
      <hod>0</hod>
      <uka>u2</uka>
      <vec>v1</vec>
      <vec>v3</vec>
      <mj>m2</mj>
      <uze>p6</uze>
      <cas>c1</cas>
      <zdr>z1</zdr>
      <datOd>2023-08-31T09:00:00</datOd>
      <datDo>2060-08-31T09:00:00</datDo>
    </udaj>
    <udaj ID="1109802568">
      <hod>204</hod>
      <uka>u2</uka>
      <vec>v2</vec>
      <vec>v3</vec>
      <mj>m2</mj>
      <uze>p6</uze>
      <cas>c1</cas>
      <zdr>z1</zdr>
      <datOd>2023-08-31T09:00:00</datOd>
      <datDo>2060-08-31T09:00:00</datDo>
    </udaj>
    <udaj ID="1109802569">
      <hod>41</hod>
      <uka>u3</uka>
      <vec>v3</vec>
      <mj>m2</mj>
      <uze>p6</uze>
      <cas>c1</cas>
      <zdr>z1</zdr>
      <datOd>2023-08-31T09:00:00</datOd>
      <datDo>2060-08-31T09:00:00</datDo>
    </udaj>
    <udaj ID="1109802570">
      <hod>26</hod>
      <uka>u4</uka>
      <vec>v3</vec>
      <mj>m2</mj>
      <uze>p6</uze>
      <cas>c1</cas>
      <zdr>z1</zdr>
      <datOd>2023-08-31T09:00:00</datOd>
      <datDo>2060-08-31T09:00:00</datDo>
    </udaj>
    <udaj ID="1109802571">
      <hod>0</hod>
      <uka>u1</uka>
      <vec>v3</vec>
      <mj>m1</mj>
      <uze>p7</uze>
      <cas>c1</cas>
      <zdr>z1</zdr>
      <datOd>2023-08-31T09:00:00</datOd>
      <datDo>2060-08-31T09:00:00</datDo>
    </udaj>
    <udaj ID="1109802632">
      <hod>0</hod>
      <uka>u2</uka>
      <vec>v3</vec>
      <mj>m2</mj>
      <uze>p7</uze>
      <cas>c1</cas>
      <zdr>z1</zdr>
      <datOd>2023-08-31T09:00:00</datOd>
      <datDo>2060-08-31T09:00:00</datDo>
    </udaj>
    <udaj ID="1109802633">
      <hod>0</hod>
      <uka>u2</uka>
      <vec>v3</vec>
      <vec>v5</vec>
      <mj>m2</mj>
      <uze>p7</uze>
      <cas>c1</cas>
      <zdr>z1</zdr>
      <datOd>2023-08-31T09:00:00</datOd>
      <datDo>2060-08-31T09:00:00</datDo>
    </udaj>
    <udaj ID="1109802634">
      <hod>0</hod>
      <uka>u2</uka>
      <vec>v3</vec>
      <vec>v4</vec>
      <mj>m2</mj>
      <uze>p7</uze>
      <cas>c1</cas>
      <zdr>z1</zdr>
      <datOd>2023-08-31T09:00:00</datOd>
      <datDo>2060-08-31T09:00:00</datDo>
    </udaj>
    <udaj ID="1109802635">
      <hod>0</hod>
      <uka>u2</uka>
      <vec>v1</vec>
      <vec>v3</vec>
      <mj>m2</mj>
      <uze>p7</uze>
      <cas>c1</cas>
      <zdr>z1</zdr>
      <datOd>2023-08-31T09:00:00</datOd>
      <datDo>2060-08-31T09:00:00</datDo>
    </udaj>
    <udaj ID="1109802636">
      <hod>0</hod>
      <uka>u2</uka>
      <vec>v2</vec>
      <vec>v3</vec>
      <mj>m2</mj>
      <uze>p7</uze>
      <cas>c1</cas>
      <zdr>z1</zdr>
      <datOd>2023-08-31T09:00:00</datOd>
      <datDo>2060-08-31T09:00:00</datDo>
    </udaj>
    <udaj ID="1109802637">
      <hod>0</hod>
      <uka>u3</uka>
      <vec>v3</vec>
      <mj>m2</mj>
      <uze>p7</uze>
      <cas>c1</cas>
      <zdr>z1</zdr>
      <datOd>2023-08-31T09:00:00</datOd>
      <datDo>2060-08-31T09:00:00</datDo>
    </udaj>
    <udaj ID="1109802638">
      <hod>0</hod>
      <uka>u4</uka>
      <vec>v3</vec>
      <mj>m2</mj>
      <uze>p7</uze>
      <cas>c1</cas>
      <zdr>z1</zdr>
      <datOd>2023-08-31T09:00:00</datOd>
      <datDo>2060-08-31T09:00:00</datDo>
    </udaj>
    <udaj ID="1109802639">
      <hod>0</hod>
      <uka>u1</uka>
      <vec>v3</vec>
      <mj>m1</mj>
      <uze>p8</uze>
      <cas>c1</cas>
      <zdr>z1</zdr>
      <datOd>2023-08-31T09:00:00</datOd>
      <datDo>2060-08-31T09:00:00</datDo>
    </udaj>
    <udaj ID="1109802640">
      <hod>0</hod>
      <uka>u2</uka>
      <vec>v3</vec>
      <mj>m2</mj>
      <uze>p8</uze>
      <cas>c1</cas>
      <zdr>z1</zdr>
      <datOd>2023-08-31T09:00:00</datOd>
      <datDo>2060-08-31T09:00:00</datDo>
    </udaj>
    <udaj ID="1109802641">
      <hod>0</hod>
      <uka>u2</uka>
      <vec>v3</vec>
      <vec>v5</vec>
      <mj>m2</mj>
      <uze>p8</uze>
      <cas>c1</cas>
      <zdr>z1</zdr>
      <datOd>2023-08-31T09:00:00</datOd>
      <datDo>2060-08-31T09:00:00</datDo>
    </udaj>
    <udaj ID="1109802642">
      <hod>0</hod>
      <uka>u2</uka>
      <vec>v3</vec>
      <vec>v4</vec>
      <mj>m2</mj>
      <uze>p8</uze>
      <cas>c1</cas>
      <zdr>z1</zdr>
      <datOd>2023-08-31T09:00:00</datOd>
      <datDo>2060-08-31T09:00:00</datDo>
    </udaj>
    <udaj ID="1109802643">
      <hod>0</hod>
      <uka>u2</uka>
      <vec>v1</vec>
      <vec>v3</vec>
      <mj>m2</mj>
      <uze>p8</uze>
      <cas>c1</cas>
      <zdr>z1</zdr>
      <datOd>2023-08-31T09:00:00</datOd>
      <datDo>2060-08-31T09:00:00</datDo>
    </udaj>
    <udaj ID="1109802644">
      <hod>0</hod>
      <uka>u2</uka>
      <vec>v2</vec>
      <vec>v3</vec>
      <mj>m2</mj>
      <uze>p8</uze>
      <cas>c1</cas>
      <zdr>z1</zdr>
      <datOd>2023-08-31T09:00:00</datOd>
      <datDo>2060-08-31T09:00:00</datDo>
    </udaj>
    <udaj ID="1109802645">
      <hod>0</hod>
      <uka>u3</uka>
      <vec>v3</vec>
      <mj>m2</mj>
      <uze>p8</uze>
      <cas>c1</cas>
      <zdr>z1</zdr>
      <datOd>2023-08-31T09:00:00</datOd>
      <datDo>2060-08-31T09:00:00</datDo>
    </udaj>
    <udaj ID="1109802646">
      <hod>0</hod>
      <uka>u4</uka>
      <vec>v3</vec>
      <mj>m2</mj>
      <uze>p8</uze>
      <cas>c1</cas>
      <zdr>z1</zdr>
      <datOd>2023-08-31T09:00:00</datOd>
      <datDo>2060-08-31T09:00:00</datDo>
    </udaj>
    <udaj ID="1109802647">
      <hod>1</hod>
      <uka>u1</uka>
      <vec>v3</vec>
      <mj>m1</mj>
      <uze>p9</uze>
      <cas>c1</cas>
      <zdr>z1</zdr>
      <datOd>2023-08-31T09:00:00</datOd>
      <datDo>2060-08-31T09:00:00</datDo>
    </udaj>
    <udaj ID="1109802648">
      <hod>249</hod>
      <uka>u2</uka>
      <vec>v3</vec>
      <mj>m2</mj>
      <uze>p9</uze>
      <cas>c1</cas>
      <zdr>z1</zdr>
      <datOd>2023-08-31T09:00:00</datOd>
      <datDo>2060-08-31T09:00:00</datDo>
    </udaj>
    <udaj ID="1109802649">
      <hod>152</hod>
      <uka>u2</uka>
      <vec>v3</vec>
      <vec>v5</vec>
      <mj>m2</mj>
      <uze>p9</uze>
      <cas>c1</cas>
      <zdr>z1</zdr>
      <datOd>2023-08-31T09:00:00</datOd>
      <datDo>2060-08-31T09:00:00</datDo>
    </udaj>
    <udaj ID="1109802650">
      <hod>97</hod>
      <uka>u2</uka>
      <vec>v3</vec>
      <vec>v4</vec>
      <mj>m2</mj>
      <uze>p9</uze>
      <cas>c1</cas>
      <zdr>z1</zdr>
      <datOd>2023-08-31T09:00:00</datOd>
      <datDo>2060-08-31T09:00:00</datDo>
    </udaj>
    <udaj ID="1109802651">
      <hod>0</hod>
      <uka>u2</uka>
      <vec>v1</vec>
      <vec>v3</vec>
      <mj>m2</mj>
      <uze>p9</uze>
      <cas>c1</cas>
      <zdr>z1</zdr>
      <datOd>2023-08-31T09:00:00</datOd>
      <datDo>2060-08-31T09:00:00</datDo>
    </udaj>
    <udaj ID="1109802652">
      <hod>249</hod>
      <uka>u2</uka>
      <vec>v2</vec>
      <vec>v3</vec>
      <mj>m2</mj>
      <uze>p9</uze>
      <cas>c1</cas>
      <zdr>z1</zdr>
      <datOd>2023-08-31T09:00:00</datOd>
      <datDo>2060-08-31T09:00:00</datDo>
    </udaj>
    <udaj ID="1109802653">
      <hod>40</hod>
      <uka>u3</uka>
      <vec>v3</vec>
      <mj>m2</mj>
      <uze>p9</uze>
      <cas>c1</cas>
      <zdr>z1</zdr>
      <datOd>2023-08-31T09:00:00</datOd>
      <datDo>2060-08-31T09:00:00</datDo>
    </udaj>
    <udaj ID="1109802654">
      <hod>35</hod>
      <uka>u4</uka>
      <vec>v3</vec>
      <mj>m2</mj>
      <uze>p9</uze>
      <cas>c1</cas>
      <zdr>z1</zdr>
      <datOd>2023-08-31T09:00:00</datOd>
      <datDo>2060-08-31T09:00:00</datDo>
    </udaj>
    <udaj ID="1109802655">
      <hod>0</hod>
      <uka>u1</uka>
      <vec>v3</vec>
      <mj>m1</mj>
      <uze>p10</uze>
      <cas>c1</cas>
      <zdr>z1</zdr>
      <datOd>2023-08-31T09:00:00</datOd>
      <datDo>2060-08-31T09:00:00</datDo>
    </udaj>
    <udaj ID="1109802656">
      <hod>0</hod>
      <uka>u2</uka>
      <vec>v3</vec>
      <mj>m2</mj>
      <uze>p10</uze>
      <cas>c1</cas>
      <zdr>z1</zdr>
      <datOd>2023-08-31T09:00:00</datOd>
      <datDo>2060-08-31T09:00:00</datDo>
    </udaj>
    <udaj ID="1109802657">
      <hod>0</hod>
      <uka>u2</uka>
      <vec>v3</vec>
      <vec>v5</vec>
      <mj>m2</mj>
      <uze>p10</uze>
      <cas>c1</cas>
      <zdr>z1</zdr>
      <datOd>2023-08-31T09:00:00</datOd>
      <datDo>2060-08-31T09:00:00</datDo>
    </udaj>
    <udaj ID="1109802721">
      <hod>0</hod>
      <uka>u2</uka>
      <vec>v3</vec>
      <vec>v4</vec>
      <mj>m2</mj>
      <uze>p10</uze>
      <cas>c1</cas>
      <zdr>z1</zdr>
      <datOd>2023-08-31T09:00:00</datOd>
      <datDo>2060-08-31T09:00:00</datDo>
    </udaj>
    <udaj ID="1109802722">
      <hod>0</hod>
      <uka>u2</uka>
      <vec>v1</vec>
      <vec>v3</vec>
      <mj>m2</mj>
      <uze>p10</uze>
      <cas>c1</cas>
      <zdr>z1</zdr>
      <datOd>2023-08-31T09:00:00</datOd>
      <datDo>2060-08-31T09:00:00</datDo>
    </udaj>
    <udaj ID="1109802723">
      <hod>0</hod>
      <uka>u2</uka>
      <vec>v2</vec>
      <vec>v3</vec>
      <mj>m2</mj>
      <uze>p10</uze>
      <cas>c1</cas>
      <zdr>z1</zdr>
      <datOd>2023-08-31T09:00:00</datOd>
      <datDo>2060-08-31T09:00:00</datDo>
    </udaj>
    <udaj ID="1109802724">
      <hod>0</hod>
      <uka>u3</uka>
      <vec>v3</vec>
      <mj>m2</mj>
      <uze>p10</uze>
      <cas>c1</cas>
      <zdr>z1</zdr>
      <datOd>2023-08-31T09:00:00</datOd>
      <datDo>2060-08-31T09:00:00</datDo>
    </udaj>
    <udaj ID="1109802725">
      <hod>0</hod>
      <uka>u4</uka>
      <vec>v3</vec>
      <mj>m2</mj>
      <uze>p10</uze>
      <cas>c1</cas>
      <zdr>z1</zdr>
      <datOd>2023-08-31T09:00:00</datOd>
      <datDo>2060-08-31T09:00:00</datDo>
    </udaj>
    <udaj ID="1109802726">
      <hod>2</hod>
      <uka>u1</uka>
      <vec>v3</vec>
      <mj>m1</mj>
      <uze>p11</uze>
      <cas>c1</cas>
      <zdr>z1</zdr>
      <datOd>2023-08-31T09:00:00</datOd>
      <datDo>2060-08-31T09:00:00</datDo>
    </udaj>
    <udaj ID="1109802727">
      <hod>486</hod>
      <uka>u2</uka>
      <vec>v3</vec>
      <mj>m2</mj>
      <uze>p11</uze>
      <cas>c1</cas>
      <zdr>z1</zdr>
      <datOd>2023-08-31T09:00:00</datOd>
      <datDo>2060-08-31T09:00:00</datDo>
    </udaj>
    <udaj ID="1109802728">
      <hod>330</hod>
      <uka>u2</uka>
      <vec>v3</vec>
      <vec>v5</vec>
      <mj>m2</mj>
      <uze>p11</uze>
      <cas>c1</cas>
      <zdr>z1</zdr>
      <datOd>2023-08-31T09:00:00</datOd>
      <datDo>2060-08-31T09:00:00</datDo>
    </udaj>
    <udaj ID="1109802729">
      <hod>156</hod>
      <uka>u2</uka>
      <vec>v3</vec>
      <vec>v4</vec>
      <mj>m2</mj>
      <uze>p11</uze>
      <cas>c1</cas>
      <zdr>z1</zdr>
      <datOd>2023-08-31T09:00:00</datOd>
      <datDo>2060-08-31T09:00:00</datDo>
    </udaj>
    <udaj ID="1109802730">
      <hod>77</hod>
      <uka>u2</uka>
      <vec>v1</vec>
      <vec>v3</vec>
      <mj>m2</mj>
      <uze>p11</uze>
      <cas>c1</cas>
      <zdr>z1</zdr>
      <datOd>2023-08-31T09:00:00</datOd>
      <datDo>2060-08-31T09:00:00</datDo>
    </udaj>
    <udaj ID="1109802731">
      <hod>409</hod>
      <uka>u2</uka>
      <vec>v2</vec>
      <vec>v3</vec>
      <mj>m2</mj>
      <uze>p11</uze>
      <cas>c1</cas>
      <zdr>z1</zdr>
      <datOd>2023-08-31T09:00:00</datOd>
      <datDo>2060-08-31T09:00:00</datDo>
    </udaj>
    <udaj ID="1109802732">
      <hod>77</hod>
      <uka>u3</uka>
      <vec>v3</vec>
      <mj>m2</mj>
      <uze>p11</uze>
      <cas>c1</cas>
      <zdr>z1</zdr>
      <datOd>2023-08-31T09:00:00</datOd>
      <datDo>2060-08-31T09:00:00</datDo>
    </udaj>
    <udaj ID="1109802733">
      <hod>53</hod>
      <uka>u4</uka>
      <vec>v3</vec>
      <mj>m2</mj>
      <uze>p11</uze>
      <cas>c1</cas>
      <zdr>z1</zdr>
      <datOd>2023-08-31T09:00:00</datOd>
      <datDo>2060-08-31T09:00:00</datDo>
    </udaj>
    <udaj ID="1109802734">
      <hod>1</hod>
      <uka>u1</uka>
      <vec>v3</vec>
      <mj>m1</mj>
      <uze>p12</uze>
      <cas>c1</cas>
      <zdr>z1</zdr>
      <datOd>2023-08-31T09:00:00</datOd>
      <datDo>2060-08-31T09:00:00</datDo>
    </udaj>
    <udaj ID="1109802735">
      <hod>122</hod>
      <uka>u2</uka>
      <vec>v3</vec>
      <mj>m2</mj>
      <uze>p12</uze>
      <cas>c1</cas>
      <zdr>z1</zdr>
      <datOd>2023-08-31T09:00:00</datOd>
      <datDo>2060-08-31T09:00:00</datDo>
    </udaj>
    <udaj ID="1109802736">
      <hod>90</hod>
      <uka>u2</uka>
      <vec>v3</vec>
      <vec>v5</vec>
      <mj>m2</mj>
      <uze>p12</uze>
      <cas>c1</cas>
      <zdr>z1</zdr>
      <datOd>2023-08-31T09:00:00</datOd>
      <datDo>2060-08-31T09:00:00</datDo>
    </udaj>
    <udaj ID="1109802737">
      <hod>32</hod>
      <uka>u2</uka>
      <vec>v3</vec>
      <vec>v4</vec>
      <mj>m2</mj>
      <uze>p12</uze>
      <cas>c1</cas>
      <zdr>z1</zdr>
      <datOd>2023-08-31T09:00:00</datOd>
      <datDo>2060-08-31T09:00:00</datDo>
    </udaj>
    <udaj ID="1109802738">
      <hod>0</hod>
      <uka>u2</uka>
      <vec>v1</vec>
      <vec>v3</vec>
      <mj>m2</mj>
      <uze>p12</uze>
      <cas>c1</cas>
      <zdr>z1</zdr>
      <datOd>2023-08-31T09:00:00</datOd>
      <datDo>2060-08-31T09:00:00</datDo>
    </udaj>
    <udaj ID="1109802739">
      <hod>122</hod>
      <uka>u2</uka>
      <vec>v2</vec>
      <vec>v3</vec>
      <mj>m2</mj>
      <uze>p12</uze>
      <cas>c1</cas>
      <zdr>z1</zdr>
      <datOd>2023-08-31T09:00:00</datOd>
      <datDo>2060-08-31T09:00:00</datDo>
    </udaj>
    <udaj ID="1109802740">
      <hod>18</hod>
      <uka>u3</uka>
      <vec>v3</vec>
      <mj>m2</mj>
      <uze>p12</uze>
      <cas>c1</cas>
      <zdr>z1</zdr>
      <datOd>2023-08-31T09:00:00</datOd>
      <datDo>2060-08-31T09:00:00</datDo>
    </udaj>
    <udaj ID="1109802741">
      <hod>13</hod>
      <uka>u4</uka>
      <vec>v3</vec>
      <mj>m2</mj>
      <uze>p12</uze>
      <cas>c1</cas>
      <zdr>z1</zdr>
      <datOd>2023-08-31T09:00:00</datOd>
      <datDo>2060-08-31T09:00:00</datDo>
    </udaj>
    <udaj ID="1109802742">
      <hod>1</hod>
      <uka>u1</uka>
      <vec>v3</vec>
      <mj>m1</mj>
      <uze>p13</uze>
      <cas>c1</cas>
      <zdr>z1</zdr>
      <datOd>2023-08-31T09:00:00</datOd>
      <datDo>2060-08-31T09:00:00</datDo>
    </udaj>
    <udaj ID="1109802743">
      <hod>186</hod>
      <uka>u2</uka>
      <vec>v3</vec>
      <mj>m2</mj>
      <uze>p13</uze>
      <cas>c1</cas>
      <zdr>z1</zdr>
      <datOd>2023-08-31T09:00:00</datOd>
      <datDo>2060-08-31T09:00:00</datDo>
    </udaj>
    <udaj ID="1109802744">
      <hod>114</hod>
      <uka>u2</uka>
      <vec>v3</vec>
      <vec>v5</vec>
      <mj>m2</mj>
      <uze>p13</uze>
      <cas>c1</cas>
      <zdr>z1</zdr>
      <datOd>2023-08-31T09:00:00</datOd>
      <datDo>2060-08-31T09:00:00</datDo>
    </udaj>
    <udaj ID="1109802745">
      <hod>72</hod>
      <uka>u2</uka>
      <vec>v3</vec>
      <vec>v4</vec>
      <mj>m2</mj>
      <uze>p13</uze>
      <cas>c1</cas>
      <zdr>z1</zdr>
      <datOd>2023-08-31T09:00:00</datOd>
      <datDo>2060-08-31T09:00:00</datDo>
    </udaj>
    <udaj ID="1109802803">
      <hod>0</hod>
      <uka>u2</uka>
      <vec>v1</vec>
      <vec>v3</vec>
      <mj>m2</mj>
      <uze>p13</uze>
      <cas>c1</cas>
      <zdr>z1</zdr>
      <datOd>2023-08-31T09:00:00</datOd>
      <datDo>2060-08-31T09:00:00</datDo>
    </udaj>
    <udaj ID="1109802804">
      <hod>186</hod>
      <uka>u2</uka>
      <vec>v2</vec>
      <vec>v3</vec>
      <mj>m2</mj>
      <uze>p13</uze>
      <cas>c1</cas>
      <zdr>z1</zdr>
      <datOd>2023-08-31T09:00:00</datOd>
      <datDo>2060-08-31T09:00:00</datDo>
    </udaj>
    <udaj ID="1109802805">
      <hod>24</hod>
      <uka>u3</uka>
      <vec>v3</vec>
      <mj>m2</mj>
      <uze>p13</uze>
      <cas>c1</cas>
      <zdr>z1</zdr>
      <datOd>2023-08-31T09:00:00</datOd>
      <datDo>2060-08-31T09:00:00</datDo>
    </udaj>
    <udaj ID="1109802806">
      <hod>22</hod>
      <uka>u4</uka>
      <vec>v3</vec>
      <mj>m2</mj>
      <uze>p13</uze>
      <cas>c1</cas>
      <zdr>z1</zdr>
      <datOd>2023-08-31T09:00:00</datOd>
      <datDo>2060-08-31T09:00:00</datDo>
    </udaj>
    <udaj ID="1109802807">
      <hod>2</hod>
      <uka>u1</uka>
      <vec>v3</vec>
      <mj>m1</mj>
      <uze>p14</uze>
      <cas>c1</cas>
      <zdr>z1</zdr>
      <datOd>2023-08-31T09:00:00</datOd>
      <datDo>2060-08-31T09:00:00</datDo>
    </udaj>
    <udaj ID="1109802808">
      <hod>468</hod>
      <uka>u2</uka>
      <vec>v3</vec>
      <mj>m2</mj>
      <uze>p14</uze>
      <cas>c1</cas>
      <zdr>z1</zdr>
      <datOd>2023-08-31T09:00:00</datOd>
      <datDo>2060-08-31T09:00:00</datDo>
    </udaj>
    <udaj ID="1109802809">
      <hod>322</hod>
      <uka>u2</uka>
      <vec>v3</vec>
      <vec>v5</vec>
      <mj>m2</mj>
      <uze>p14</uze>
      <cas>c1</cas>
      <zdr>z1</zdr>
      <datOd>2023-08-31T09:00:00</datOd>
      <datDo>2060-08-31T09:00:00</datDo>
    </udaj>
    <udaj ID="1109802810">
      <hod>146</hod>
      <uka>u2</uka>
      <vec>v3</vec>
      <vec>v4</vec>
      <mj>m2</mj>
      <uze>p14</uze>
      <cas>c1</cas>
      <zdr>z1</zdr>
      <datOd>2023-08-31T09:00:00</datOd>
      <datDo>2060-08-31T09:00:00</datDo>
    </udaj>
    <udaj ID="1109802811">
      <hod>35</hod>
      <uka>u2</uka>
      <vec>v1</vec>
      <vec>v3</vec>
      <mj>m2</mj>
      <uze>p14</uze>
      <cas>c1</cas>
      <zdr>z1</zdr>
      <datOd>2023-08-31T09:00:00</datOd>
      <datDo>2060-08-31T09:00:00</datDo>
    </udaj>
    <udaj ID="1109802812">
      <hod>433</hod>
      <uka>u2</uka>
      <vec>v2</vec>
      <vec>v3</vec>
      <mj>m2</mj>
      <uze>p14</uze>
      <cas>c1</cas>
      <zdr>z1</zdr>
      <datOd>2023-08-31T09:00:00</datOd>
      <datDo>2060-08-31T09:00:00</datDo>
    </udaj>
    <udaj ID="1109802813">
      <hod>90</hod>
      <uka>u3</uka>
      <vec>v3</vec>
      <mj>m2</mj>
      <uze>p14</uze>
      <cas>c1</cas>
      <zdr>z1</zdr>
      <datOd>2023-08-31T09:00:00</datOd>
      <datDo>2060-08-31T09:00:00</datDo>
    </udaj>
    <udaj ID="1109802814">
      <hod>36</hod>
      <uka>u4</uka>
      <vec>v3</vec>
      <mj>m2</mj>
      <uze>p14</uze>
      <cas>c1</cas>
      <zdr>z1</zdr>
      <datOd>2023-08-31T09:00:00</datOd>
      <datDo>2060-08-31T09:00:00</datDo>
    </udaj>
  </data>
</vdbData>
