<?xml version="1.0" encoding="UTF-8" standalone="yes"?>
<vdbData xmlns="http://vdb.czso.cz/xml/export" xmlns:xsi="http://www.w3.org/2001/XMLSchema-instance" VERZE="1.1" JAZYK="cs" xsi:schemaLocation="http://vdb.czso.cz/xml/VdbData.xsd">
  <pruvodka>
    <copyright ROK="2023">© Český statistický úřad</copyright>
    <disclaimer>Poskytovatel neodpovídá za případné škody vzniklé v souvislosti s poskytnutými statistickými informacemi.</disclaimer>
    <ident>VZD06</ident>
    <nazev>Střední odborné vzdělávání bez oborů nástavbového studia - územní srovnání</nazev>
    <nastaveniExportu>
      <parametry>ZVOLENE</parametry>
      <rozsah>T</rozsah>
      <definice>N</definice>
      <atributy>N</atributy>
      <typDat>N</typDat>
      <casAktDB>N</casAktDB>
    </nastaveniExportu>
    <zdrojoveURI>https://vdb.czso.cz/vdbvo2/faces/cs/index.jsf?page=vystup-objekt&amp;z=T&amp;f=TABULKA&amp;pvo=VZD06&amp;katalog=30848&amp;&amp;c=v3~1__RP2022RK2023MP09MK06DP01DK30&amp;str=v117&amp;kodjaz=203</zdrojoveURI>
    <generator>VdbExporty: 1.1.11</generator>
    <casExportu>2023-10-21T00:51:15</casExportu>
    <pocetUdaju>105</pocetUdaju>
  </pruvodka>
  <metaSlovnik>
    <ukazatel>
      <uka ID="u1">
        <kod>6043</kod>
        <text>Počet škol</text>
      </uka>
      <uka ID="u2">
        <kod>6053</kod>
        <text>Počet tříd nebo studijních skupin</text>
      </uka>
      <uka ID="u3">
        <kod>6057</kod>
        <text>Počet žáků</text>
      </uka>
      <uka ID="u4">
        <kod>6056</kod>
        <text>Počet nově přijatých žáků/studentů do prvního ročníku</text>
      </uka>
      <uka ID="u5">
        <kod>6061</kod>
        <text>Počet absolventů středního, vyššího odborného a vysokoškolského vzdělávání</text>
      </uka>
    </ukazatel>
    <vecneUpresneni>
      <element ID="v1">
        <dim>DRUHSKOLZAR</dim>
        <dimText>Druh školy a školského zařízení</dimText>
        <ciselnik>340</ciselnik>
        <kod>3</kod>
        <text>Střední škola</text>
      </element>
      <element ID="v2">
        <dim>DRUHSTUDIA</dim>
        <dimText>Druh studia a studijního programu</dimText>
        <ciselnik>345</ciselnik>
        <kod>1</kod>
        <text>Střední odborné vzdělávání</text>
      </element>
      <element ID="v3">
        <dim>POHLAVI</dim>
        <dimText>Pohlaví</dimText>
        <ciselnik>102</ciselnik>
        <kod>1</kod>
        <text>muž</text>
      </element>
      <element ID="v4">
        <dim>POHLAVI</dim>
        <dimText>Pohlaví</dimText>
        <ciselnik>102</ciselnik>
        <kod>2</kod>
        <text>žena</text>
      </element>
    </vecneUpresneni>
    <mericiJednotka>
      <element ID="m1">
        <dim>MJ_SKUTEC</dim>
        <dimText>Skutečná měřicí jednotka</dimText>
        <ciselnik>78</ciselnik>
        <kod>99998</kod>
        <text>četnostní jednotka</text>
      </element>
      <element ID="m2">
        <dim>MJ_SKUTEC</dim>
        <dimText>Skutečná měřicí jednotka</dimText>
        <ciselnik>78</ciselnik>
        <kod>80400</kod>
        <text>osoba</text>
      </element>
    </mericiJednotka>
    <uzemi>
      <element ID="p1">
        <dim>VUZEMI</dim>
        <dimText>V území</dimText>
        <ciselnik>100</ciselnik>
        <kod>3018</kod>
        <text>Hlavní město Praha</text>
      </element>
      <element ID="p2">
        <dim>VUZEMI</dim>
        <dimText>V území</dimText>
        <ciselnik>100</ciselnik>
        <kod>3026</kod>
        <text>Středočeský kraj</text>
      </element>
      <element ID="p3">
        <dim>VUZEMI</dim>
        <dimText>V území</dimText>
        <ciselnik>100</ciselnik>
        <kod>3034</kod>
        <text>Jihočeský kraj</text>
      </element>
      <element ID="p4">
        <dim>VUZEMI</dim>
        <dimText>V území</dimText>
        <ciselnik>100</ciselnik>
        <kod>3042</kod>
        <text>Plzeňský kraj</text>
      </element>
      <element ID="p5">
        <dim>VUZEMI</dim>
        <dimText>V území</dimText>
        <ciselnik>100</ciselnik>
        <kod>3051</kod>
        <text>Karlovarský kraj</text>
      </element>
      <element ID="p6">
        <dim>VUZEMI</dim>
        <dimText>V území</dimText>
        <ciselnik>100</ciselnik>
        <kod>3069</kod>
        <text>Ústecký kraj</text>
      </element>
      <element ID="p7">
        <dim>VUZEMI</dim>
        <dimText>V území</dimText>
        <ciselnik>100</ciselnik>
        <kod>3077</kod>
        <text>Liberecký kraj</text>
      </element>
      <element ID="p8">
        <dim>VUZEMI</dim>
        <dimText>V území</dimText>
        <ciselnik>100</ciselnik>
        <kod>3085</kod>
        <text>Královéhradecký kraj</text>
      </element>
      <element ID="p9">
        <dim>VUZEMI</dim>
        <dimText>V území</dimText>
        <ciselnik>100</ciselnik>
        <kod>3093</kod>
        <text>Pardubický kraj</text>
      </element>
      <element ID="p10">
        <dim>VUZEMI</dim>
        <dimText>V území</dimText>
        <ciselnik>100</ciselnik>
        <kod>3107</kod>
        <text>Kraj Vysočina</text>
      </element>
      <element ID="p11">
        <dim>VUZEMI</dim>
        <dimText>V území</dimText>
        <ciselnik>100</ciselnik>
        <kod>3115</kod>
        <text>Jihomoravský kraj</text>
      </element>
      <element ID="p12">
        <dim>VUZEMI</dim>
        <dimText>V území</dimText>
        <ciselnik>100</ciselnik>
        <kod>3123</kod>
        <text>Olomoucký kraj</text>
      </element>
      <element ID="p13">
        <dim>VUZEMI</dim>
        <dimText>V území</dimText>
        <ciselnik>100</ciselnik>
        <kod>3131</kod>
        <text>Zlínský kraj</text>
      </element>
      <element ID="p14">
        <dim>VUZEMI</dim>
        <dimText>V území</dimText>
        <ciselnik>100</ciselnik>
        <kod>3140</kod>
        <text>Moravskoslezský kraj</text>
      </element>
      <element ID="p15">
        <dim>VUZEMI</dim>
        <dimText>V území</dimText>
        <ciselnik>97</ciselnik>
        <kod>19</kod>
        <text>Česká republika</text>
      </element>
    </uzemi>
    <obdobi>
      <cas ID="c1">
        <casOd>2022-09-01</casOd>
        <casDo>2023-06-30</casDo>
      </cas>
    </obdobi>
    <zdrojovaUloha>
      <zdr ID="z1">
        <kod>ADMMSMTVZD</kod>
        <text>Adm. zdroj dat z MŠMT - Vzdělávání</text>
        <verze>1900100</verze>
        <verzeText>roční (leden - prosinec) zpracování - 1. verze</verzeText>
        <obdobiOd>2022-01-01</obdobiOd>
        <obdobiDo>2022-12-31</obdobiDo>
      </zdr>
    </zdrojovaUloha>
  </metaSlovnik>
  <data>
    <udaj ID="1139548486">
      <hod>992</hod>
      <uka>u1</uka>
      <vec>v1</vec>
      <vec>v2</vec>
      <mj>m1</mj>
      <uze>p15</uze>
      <cas>c1</cas>
      <zdr>z1</zdr>
      <datOd>2023-08-31T09:00:00</datOd>
      <datDo>2065-12-31T00:00:00</datDo>
    </udaj>
    <udaj ID="1139548487">
      <hod>13940.11</hod>
      <uka>u2</uka>
      <vec>v1</vec>
      <vec>v2</vec>
      <mj>m1</mj>
      <uze>p15</uze>
      <cas>c1</cas>
      <zdr>z1</zdr>
      <datOd>2023-08-31T09:00:00</datOd>
      <datDo>2065-12-31T00:00:00</datDo>
    </udaj>
    <udaj ID="1139548488">
      <hod>312810</hod>
      <uka>u3</uka>
      <vec>v1</vec>
      <vec>v2</vec>
      <mj>m2</mj>
      <uze>p15</uze>
      <cas>c1</cas>
      <zdr>z1</zdr>
      <datOd>2023-08-31T09:00:00</datOd>
      <datDo>2065-12-31T00:00:00</datDo>
    </udaj>
    <udaj ID="1139548489">
      <hod>145722</hod>
      <uka>u3</uka>
      <vec>v1</vec>
      <vec>v2</vec>
      <vec>v4</vec>
      <mj>m2</mj>
      <uze>p15</uze>
      <cas>c1</cas>
      <zdr>z1</zdr>
      <datOd>2023-08-31T09:00:00</datOd>
      <datDo>2065-12-31T00:00:00</datDo>
    </udaj>
    <udaj ID="1139548490">
      <hod>167088</hod>
      <uka>u3</uka>
      <vec>v1</vec>
      <vec>v2</vec>
      <vec>v3</vec>
      <mj>m2</mj>
      <uze>p15</uze>
      <cas>c1</cas>
      <zdr>z1</zdr>
      <datOd>2023-08-31T09:00:00</datOd>
      <datDo>2065-12-31T00:00:00</datDo>
    </udaj>
    <udaj ID="1139548491">
      <hod>100543</hod>
      <uka>u4</uka>
      <vec>v1</vec>
      <vec>v2</vec>
      <mj>m2</mj>
      <uze>p15</uze>
      <cas>c1</cas>
      <zdr>z1</zdr>
      <datOd>2023-08-31T09:00:00</datOd>
      <datDo>2065-12-31T00:00:00</datDo>
    </udaj>
    <udaj ID="1139548492">
      <hod>61605</hod>
      <uka>u5</uka>
      <vec>v1</vec>
      <vec>v2</vec>
      <mj>m2</mj>
      <uze>p15</uze>
      <cas>c1</cas>
      <zdr>z1</zdr>
      <datOd>2023-08-31T09:00:00</datOd>
      <datDo>2065-12-31T00:00:00</datDo>
    </udaj>
    <udaj ID="1139548493">
      <hod>125</hod>
      <uka>u1</uka>
      <vec>v1</vec>
      <vec>v2</vec>
      <mj>m1</mj>
      <uze>p1</uze>
      <cas>c1</cas>
      <zdr>z1</zdr>
      <datOd>2023-08-31T09:00:00</datOd>
      <datDo>2065-12-31T00:00:00</datDo>
    </udaj>
    <udaj ID="1139548494">
      <hod>1795.98</hod>
      <uka>u2</uka>
      <vec>v1</vec>
      <vec>v2</vec>
      <mj>m1</mj>
      <uze>p1</uze>
      <cas>c1</cas>
      <zdr>z1</zdr>
      <datOd>2023-08-31T09:00:00</datOd>
      <datDo>2065-12-31T00:00:00</datDo>
    </udaj>
    <udaj ID="1139548495">
      <hod>44394</hod>
      <uka>u3</uka>
      <vec>v1</vec>
      <vec>v2</vec>
      <mj>m2</mj>
      <uze>p1</uze>
      <cas>c1</cas>
      <zdr>z1</zdr>
      <datOd>2023-08-31T09:00:00</datOd>
      <datDo>2065-12-31T00:00:00</datDo>
    </udaj>
    <udaj ID="1139548497">
      <hod>20982</hod>
      <uka>u3</uka>
      <vec>v1</vec>
      <vec>v2</vec>
      <vec>v4</vec>
      <mj>m2</mj>
      <uze>p1</uze>
      <cas>c1</cas>
      <zdr>z1</zdr>
      <datOd>2023-08-31T09:00:00</datOd>
      <datDo>2065-12-31T00:00:00</datDo>
    </udaj>
    <udaj ID="1139548498">
      <hod>23412</hod>
      <uka>u3</uka>
      <vec>v1</vec>
      <vec>v2</vec>
      <vec>v3</vec>
      <mj>m2</mj>
      <uze>p1</uze>
      <cas>c1</cas>
      <zdr>z1</zdr>
      <datOd>2023-08-31T09:00:00</datOd>
      <datDo>2065-12-31T00:00:00</datDo>
    </udaj>
    <udaj ID="1139548499">
      <hod>13691</hod>
      <uka>u4</uka>
      <vec>v1</vec>
      <vec>v2</vec>
      <mj>m2</mj>
      <uze>p1</uze>
      <cas>c1</cas>
      <zdr>z1</zdr>
      <datOd>2023-08-31T09:00:00</datOd>
      <datDo>2065-12-31T00:00:00</datDo>
    </udaj>
    <udaj ID="1139548500">
      <hod>8580</hod>
      <uka>u5</uka>
      <vec>v1</vec>
      <vec>v2</vec>
      <mj>m2</mj>
      <uze>p1</uze>
      <cas>c1</cas>
      <zdr>z1</zdr>
      <datOd>2023-08-31T09:00:00</datOd>
      <datDo>2065-12-31T00:00:00</datDo>
    </udaj>
    <udaj ID="1139548501">
      <hod>115</hod>
      <uka>u1</uka>
      <vec>v1</vec>
      <vec>v2</vec>
      <mj>m1</mj>
      <uze>p2</uze>
      <cas>c1</cas>
      <zdr>z1</zdr>
      <datOd>2023-08-31T09:00:00</datOd>
      <datDo>2065-12-31T00:00:00</datDo>
    </udaj>
    <udaj ID="1139548502">
      <hod>1377.03</hod>
      <uka>u2</uka>
      <vec>v1</vec>
      <vec>v2</vec>
      <mj>m1</mj>
      <uze>p2</uze>
      <cas>c1</cas>
      <zdr>z1</zdr>
      <datOd>2023-08-31T09:00:00</datOd>
      <datDo>2065-12-31T00:00:00</datDo>
    </udaj>
    <udaj ID="1139548503">
      <hod>30204</hod>
      <uka>u3</uka>
      <vec>v1</vec>
      <vec>v2</vec>
      <mj>m2</mj>
      <uze>p2</uze>
      <cas>c1</cas>
      <zdr>z1</zdr>
      <datOd>2023-08-31T09:00:00</datOd>
      <datDo>2065-12-31T00:00:00</datDo>
    </udaj>
    <udaj ID="1139548504">
      <hod>14323</hod>
      <uka>u3</uka>
      <vec>v1</vec>
      <vec>v2</vec>
      <vec>v4</vec>
      <mj>m2</mj>
      <uze>p2</uze>
      <cas>c1</cas>
      <zdr>z1</zdr>
      <datOd>2023-08-31T09:00:00</datOd>
      <datDo>2065-12-31T00:00:00</datDo>
    </udaj>
    <udaj ID="1139548505">
      <hod>15881</hod>
      <uka>u3</uka>
      <vec>v1</vec>
      <vec>v2</vec>
      <vec>v3</vec>
      <mj>m2</mj>
      <uze>p2</uze>
      <cas>c1</cas>
      <zdr>z1</zdr>
      <datOd>2023-08-31T09:00:00</datOd>
      <datDo>2065-12-31T00:00:00</datDo>
    </udaj>
    <udaj ID="1139548506">
      <hod>10440</hod>
      <uka>u4</uka>
      <vec>v1</vec>
      <vec>v2</vec>
      <mj>m2</mj>
      <uze>p2</uze>
      <cas>c1</cas>
      <zdr>z1</zdr>
      <datOd>2023-08-31T09:00:00</datOd>
      <datDo>2065-12-31T00:00:00</datDo>
    </udaj>
    <udaj ID="1139548508">
      <hod>5715</hod>
      <uka>u5</uka>
      <vec>v1</vec>
      <vec>v2</vec>
      <mj>m2</mj>
      <uze>p2</uze>
      <cas>c1</cas>
      <zdr>z1</zdr>
      <datOd>2023-08-31T09:00:00</datOd>
      <datDo>2065-12-31T00:00:00</datDo>
    </udaj>
    <udaj ID="1139548509">
      <hod>67</hod>
      <uka>u1</uka>
      <vec>v1</vec>
      <vec>v2</vec>
      <mj>m1</mj>
      <uze>p3</uze>
      <cas>c1</cas>
      <zdr>z1</zdr>
      <datOd>2023-08-31T09:00:00</datOd>
      <datDo>2065-12-31T00:00:00</datDo>
    </udaj>
    <udaj ID="1139548510">
      <hod>890.97</hod>
      <uka>u2</uka>
      <vec>v1</vec>
      <vec>v2</vec>
      <mj>m1</mj>
      <uze>p3</uze>
      <cas>c1</cas>
      <zdr>z1</zdr>
      <datOd>2023-08-31T09:00:00</datOd>
      <datDo>2065-12-31T00:00:00</datDo>
    </udaj>
    <udaj ID="1139548511">
      <hod>20221</hod>
      <uka>u3</uka>
      <vec>v1</vec>
      <vec>v2</vec>
      <mj>m2</mj>
      <uze>p3</uze>
      <cas>c1</cas>
      <zdr>z1</zdr>
      <datOd>2023-08-31T09:00:00</datOd>
      <datDo>2065-12-31T00:00:00</datDo>
    </udaj>
    <udaj ID="1139548512">
      <hod>8948</hod>
      <uka>u3</uka>
      <vec>v1</vec>
      <vec>v2</vec>
      <vec>v4</vec>
      <mj>m2</mj>
      <uze>p3</uze>
      <cas>c1</cas>
      <zdr>z1</zdr>
      <datOd>2023-08-31T09:00:00</datOd>
      <datDo>2065-12-31T00:00:00</datDo>
    </udaj>
    <udaj ID="1139548513">
      <hod>11273</hod>
      <uka>u3</uka>
      <vec>v1</vec>
      <vec>v2</vec>
      <vec>v3</vec>
      <mj>m2</mj>
      <uze>p3</uze>
      <cas>c1</cas>
      <zdr>z1</zdr>
      <datOd>2023-08-31T09:00:00</datOd>
      <datDo>2065-12-31T00:00:00</datDo>
    </udaj>
    <udaj ID="1139548514">
      <hod>6492</hod>
      <uka>u4</uka>
      <vec>v1</vec>
      <vec>v2</vec>
      <mj>m2</mj>
      <uze>p3</uze>
      <cas>c1</cas>
      <zdr>z1</zdr>
      <datOd>2023-08-31T09:00:00</datOd>
      <datDo>2065-12-31T00:00:00</datDo>
    </udaj>
    <udaj ID="1139548515">
      <hod>4126</hod>
      <uka>u5</uka>
      <vec>v1</vec>
      <vec>v2</vec>
      <mj>m2</mj>
      <uze>p3</uze>
      <cas>c1</cas>
      <zdr>z1</zdr>
      <datOd>2023-08-31T09:00:00</datOd>
      <datDo>2065-12-31T00:00:00</datDo>
    </udaj>
    <udaj ID="1139548516">
      <hod>45</hod>
      <uka>u1</uka>
      <vec>v1</vec>
      <vec>v2</vec>
      <mj>m1</mj>
      <uze>p4</uze>
      <cas>c1</cas>
      <zdr>z1</zdr>
      <datOd>2023-08-31T09:00:00</datOd>
      <datDo>2065-12-31T00:00:00</datDo>
    </udaj>
    <udaj ID="1139548517">
      <hod>749.99</hod>
      <uka>u2</uka>
      <vec>v1</vec>
      <vec>v2</vec>
      <mj>m1</mj>
      <uze>p4</uze>
      <cas>c1</cas>
      <zdr>z1</zdr>
      <datOd>2023-08-31T09:00:00</datOd>
      <datDo>2065-12-31T00:00:00</datDo>
    </udaj>
    <udaj ID="1139548519">
      <hod>17561</hod>
      <uka>u3</uka>
      <vec>v1</vec>
      <vec>v2</vec>
      <mj>m2</mj>
      <uze>p4</uze>
      <cas>c1</cas>
      <zdr>z1</zdr>
      <datOd>2023-08-31T09:00:00</datOd>
      <datDo>2065-12-31T00:00:00</datDo>
    </udaj>
    <udaj ID="1139548520">
      <hod>8197</hod>
      <uka>u3</uka>
      <vec>v1</vec>
      <vec>v2</vec>
      <vec>v4</vec>
      <mj>m2</mj>
      <uze>p4</uze>
      <cas>c1</cas>
      <zdr>z1</zdr>
      <datOd>2023-08-31T09:00:00</datOd>
      <datDo>2065-12-31T00:00:00</datDo>
    </udaj>
    <udaj ID="1139548521">
      <hod>9364</hod>
      <uka>u3</uka>
      <vec>v1</vec>
      <vec>v2</vec>
      <vec>v3</vec>
      <mj>m2</mj>
      <uze>p4</uze>
      <cas>c1</cas>
      <zdr>z1</zdr>
      <datOd>2023-08-31T09:00:00</datOd>
      <datDo>2065-12-31T00:00:00</datDo>
    </udaj>
    <udaj ID="1139548522">
      <hod>5769</hod>
      <uka>u4</uka>
      <vec>v1</vec>
      <vec>v2</vec>
      <mj>m2</mj>
      <uze>p4</uze>
      <cas>c1</cas>
      <zdr>z1</zdr>
      <datOd>2023-08-31T09:00:00</datOd>
      <datDo>2065-12-31T00:00:00</datDo>
    </udaj>
    <udaj ID="1139548523">
      <hod>3448</hod>
      <uka>u5</uka>
      <vec>v1</vec>
      <vec>v2</vec>
      <mj>m2</mj>
      <uze>p4</uze>
      <cas>c1</cas>
      <zdr>z1</zdr>
      <datOd>2023-08-31T09:00:00</datOd>
      <datDo>2065-12-31T00:00:00</datDo>
    </udaj>
    <udaj ID="1139548524">
      <hod>24</hod>
      <uka>u1</uka>
      <vec>v1</vec>
      <vec>v2</vec>
      <mj>m1</mj>
      <uze>p5</uze>
      <cas>c1</cas>
      <zdr>z1</zdr>
      <datOd>2023-08-31T09:00:00</datOd>
      <datDo>2065-12-31T00:00:00</datDo>
    </udaj>
    <udaj ID="1139548525">
      <hod>346.01</hod>
      <uka>u2</uka>
      <vec>v1</vec>
      <vec>v2</vec>
      <mj>m1</mj>
      <uze>p5</uze>
      <cas>c1</cas>
      <zdr>z1</zdr>
      <datOd>2023-08-31T09:00:00</datOd>
      <datDo>2065-12-31T00:00:00</datDo>
    </udaj>
    <udaj ID="1139548526">
      <hod>7653</hod>
      <uka>u3</uka>
      <vec>v1</vec>
      <vec>v2</vec>
      <mj>m2</mj>
      <uze>p5</uze>
      <cas>c1</cas>
      <zdr>z1</zdr>
      <datOd>2023-08-31T09:00:00</datOd>
      <datDo>2065-12-31T00:00:00</datDo>
    </udaj>
    <udaj ID="1139548527">
      <hod>3733</hod>
      <uka>u3</uka>
      <vec>v1</vec>
      <vec>v2</vec>
      <vec>v4</vec>
      <mj>m2</mj>
      <uze>p5</uze>
      <cas>c1</cas>
      <zdr>z1</zdr>
      <datOd>2023-08-31T09:00:00</datOd>
      <datDo>2065-12-31T00:00:00</datDo>
    </udaj>
    <udaj ID="1139548528">
      <hod>3920</hod>
      <uka>u3</uka>
      <vec>v1</vec>
      <vec>v2</vec>
      <vec>v3</vec>
      <mj>m2</mj>
      <uze>p5</uze>
      <cas>c1</cas>
      <zdr>z1</zdr>
      <datOd>2023-08-31T09:00:00</datOd>
      <datDo>2065-12-31T00:00:00</datDo>
    </udaj>
    <udaj ID="1139548530">
      <hod>2595</hod>
      <uka>u4</uka>
      <vec>v1</vec>
      <vec>v2</vec>
      <mj>m2</mj>
      <uze>p5</uze>
      <cas>c1</cas>
      <zdr>z1</zdr>
      <datOd>2023-08-31T09:00:00</datOd>
      <datDo>2065-12-31T00:00:00</datDo>
    </udaj>
    <udaj ID="1139548531">
      <hod>1380</hod>
      <uka>u5</uka>
      <vec>v1</vec>
      <vec>v2</vec>
      <mj>m2</mj>
      <uze>p5</uze>
      <cas>c1</cas>
      <zdr>z1</zdr>
      <datOd>2023-08-31T09:00:00</datOd>
      <datDo>2065-12-31T00:00:00</datDo>
    </udaj>
    <udaj ID="1139548532">
      <hod>77</hod>
      <uka>u1</uka>
      <vec>v1</vec>
      <vec>v2</vec>
      <mj>m1</mj>
      <uze>p6</uze>
      <cas>c1</cas>
      <zdr>z1</zdr>
      <datOd>2023-08-31T09:00:00</datOd>
      <datDo>2065-12-31T00:00:00</datDo>
    </udaj>
    <udaj ID="1139548533">
      <hod>1237.95</hod>
      <uka>u2</uka>
      <vec>v1</vec>
      <vec>v2</vec>
      <mj>m1</mj>
      <uze>p6</uze>
      <cas>c1</cas>
      <zdr>z1</zdr>
      <datOd>2023-08-31T09:00:00</datOd>
      <datDo>2065-12-31T00:00:00</datDo>
    </udaj>
    <udaj ID="1139548534">
      <hod>25435</hod>
      <uka>u3</uka>
      <vec>v1</vec>
      <vec>v2</vec>
      <mj>m2</mj>
      <uze>p6</uze>
      <cas>c1</cas>
      <zdr>z1</zdr>
      <datOd>2023-08-31T09:00:00</datOd>
      <datDo>2065-12-31T00:00:00</datDo>
    </udaj>
    <udaj ID="1139548535">
      <hod>12019</hod>
      <uka>u3</uka>
      <vec>v1</vec>
      <vec>v2</vec>
      <vec>v4</vec>
      <mj>m2</mj>
      <uze>p6</uze>
      <cas>c1</cas>
      <zdr>z1</zdr>
      <datOd>2023-08-31T09:00:00</datOd>
      <datDo>2065-12-31T00:00:00</datDo>
    </udaj>
    <udaj ID="1139548536">
      <hod>13416</hod>
      <uka>u3</uka>
      <vec>v1</vec>
      <vec>v2</vec>
      <vec>v3</vec>
      <mj>m2</mj>
      <uze>p6</uze>
      <cas>c1</cas>
      <zdr>z1</zdr>
      <datOd>2023-08-31T09:00:00</datOd>
      <datDo>2065-12-31T00:00:00</datDo>
    </udaj>
    <udaj ID="1139548537">
      <hod>8440</hod>
      <uka>u4</uka>
      <vec>v1</vec>
      <vec>v2</vec>
      <mj>m2</mj>
      <uze>p6</uze>
      <cas>c1</cas>
      <zdr>z1</zdr>
      <datOd>2023-08-31T09:00:00</datOd>
      <datDo>2065-12-31T00:00:00</datDo>
    </udaj>
    <udaj ID="1139548538">
      <hod>4693</hod>
      <uka>u5</uka>
      <vec>v1</vec>
      <vec>v2</vec>
      <mj>m2</mj>
      <uze>p6</uze>
      <cas>c1</cas>
      <zdr>z1</zdr>
      <datOd>2023-08-31T09:00:00</datOd>
      <datDo>2065-12-31T00:00:00</datDo>
    </udaj>
    <udaj ID="1139548539">
      <hod>39</hod>
      <uka>u1</uka>
      <vec>v1</vec>
      <vec>v2</vec>
      <mj>m1</mj>
      <uze>p7</uze>
      <cas>c1</cas>
      <zdr>z1</zdr>
      <datOd>2023-08-31T09:00:00</datOd>
      <datDo>2065-12-31T00:00:00</datDo>
    </udaj>
    <udaj ID="1139548542">
      <hod>537.01</hod>
      <uka>u2</uka>
      <vec>v1</vec>
      <vec>v2</vec>
      <mj>m1</mj>
      <uze>p7</uze>
      <cas>c1</cas>
      <zdr>z1</zdr>
      <datOd>2023-08-31T09:00:00</datOd>
      <datDo>2065-12-31T00:00:00</datDo>
    </udaj>
    <udaj ID="1139548543">
      <hod>12672</hod>
      <uka>u3</uka>
      <vec>v1</vec>
      <vec>v2</vec>
      <mj>m2</mj>
      <uze>p7</uze>
      <cas>c1</cas>
      <zdr>z1</zdr>
      <datOd>2023-08-31T09:00:00</datOd>
      <datDo>2065-12-31T00:00:00</datDo>
    </udaj>
    <udaj ID="1139548544">
      <hod>6023</hod>
      <uka>u3</uka>
      <vec>v1</vec>
      <vec>v2</vec>
      <vec>v4</vec>
      <mj>m2</mj>
      <uze>p7</uze>
      <cas>c1</cas>
      <zdr>z1</zdr>
      <datOd>2023-08-31T09:00:00</datOd>
      <datDo>2065-12-31T00:00:00</datDo>
    </udaj>
    <udaj ID="1139548545">
      <hod>6649</hod>
      <uka>u3</uka>
      <vec>v1</vec>
      <vec>v2</vec>
      <vec>v3</vec>
      <mj>m2</mj>
      <uze>p7</uze>
      <cas>c1</cas>
      <zdr>z1</zdr>
      <datOd>2023-08-31T09:00:00</datOd>
      <datDo>2065-12-31T00:00:00</datDo>
    </udaj>
    <udaj ID="1139548546">
      <hod>4184</hod>
      <uka>u4</uka>
      <vec>v1</vec>
      <vec>v2</vec>
      <mj>m2</mj>
      <uze>p7</uze>
      <cas>c1</cas>
      <zdr>z1</zdr>
      <datOd>2023-08-31T09:00:00</datOd>
      <datDo>2065-12-31T00:00:00</datDo>
    </udaj>
    <udaj ID="1139548547">
      <hod>2364</hod>
      <uka>u5</uka>
      <vec>v1</vec>
      <vec>v2</vec>
      <mj>m2</mj>
      <uze>p7</uze>
      <cas>c1</cas>
      <zdr>z1</zdr>
      <datOd>2023-08-31T09:00:00</datOd>
      <datDo>2065-12-31T00:00:00</datDo>
    </udaj>
    <udaj ID="1139548548">
      <hod>62</hod>
      <uka>u1</uka>
      <vec>v1</vec>
      <vec>v2</vec>
      <mj>m1</mj>
      <uze>p8</uze>
      <cas>c1</cas>
      <zdr>z1</zdr>
      <datOd>2023-08-31T09:00:00</datOd>
      <datDo>2065-12-31T00:00:00</datDo>
    </udaj>
    <udaj ID="1139548549">
      <hod>819.07</hod>
      <uka>u2</uka>
      <vec>v1</vec>
      <vec>v2</vec>
      <mj>m1</mj>
      <uze>p8</uze>
      <cas>c1</cas>
      <zdr>z1</zdr>
      <datOd>2023-08-31T09:00:00</datOd>
      <datDo>2065-12-31T00:00:00</datDo>
    </udaj>
    <udaj ID="1139548550">
      <hod>17319</hod>
      <uka>u3</uka>
      <vec>v1</vec>
      <vec>v2</vec>
      <mj>m2</mj>
      <uze>p8</uze>
      <cas>c1</cas>
      <zdr>z1</zdr>
      <datOd>2023-08-31T09:00:00</datOd>
      <datDo>2065-12-31T00:00:00</datDo>
    </udaj>
    <udaj ID="1139548551">
      <hod>7845</hod>
      <uka>u3</uka>
      <vec>v1</vec>
      <vec>v2</vec>
      <vec>v4</vec>
      <mj>m2</mj>
      <uze>p8</uze>
      <cas>c1</cas>
      <zdr>z1</zdr>
      <datOd>2023-08-31T09:00:00</datOd>
      <datDo>2065-12-31T00:00:00</datDo>
    </udaj>
    <udaj ID="1139548553">
      <hod>9474</hod>
      <uka>u3</uka>
      <vec>v1</vec>
      <vec>v2</vec>
      <vec>v3</vec>
      <mj>m2</mj>
      <uze>p8</uze>
      <cas>c1</cas>
      <zdr>z1</zdr>
      <datOd>2023-08-31T09:00:00</datOd>
      <datDo>2065-12-31T00:00:00</datDo>
    </udaj>
    <udaj ID="1139548554">
      <hod>5397</hod>
      <uka>u4</uka>
      <vec>v1</vec>
      <vec>v2</vec>
      <mj>m2</mj>
      <uze>p8</uze>
      <cas>c1</cas>
      <zdr>z1</zdr>
      <datOd>2023-08-31T09:00:00</datOd>
      <datDo>2065-12-31T00:00:00</datDo>
    </udaj>
    <udaj ID="1139548555">
      <hod>3236</hod>
      <uka>u5</uka>
      <vec>v1</vec>
      <vec>v2</vec>
      <mj>m2</mj>
      <uze>p8</uze>
      <cas>c1</cas>
      <zdr>z1</zdr>
      <datOd>2023-08-31T09:00:00</datOd>
      <datDo>2065-12-31T00:00:00</datDo>
    </udaj>
    <udaj ID="1139548556">
      <hod>62</hod>
      <uka>u1</uka>
      <vec>v1</vec>
      <vec>v2</vec>
      <mj>m1</mj>
      <uze>p9</uze>
      <cas>c1</cas>
      <zdr>z1</zdr>
      <datOd>2023-08-31T09:00:00</datOd>
      <datDo>2065-12-31T00:00:00</datDo>
    </udaj>
    <udaj ID="1139548557">
      <hod>781.07</hod>
      <uka>u2</uka>
      <vec>v1</vec>
      <vec>v2</vec>
      <mj>m1</mj>
      <uze>p9</uze>
      <cas>c1</cas>
      <zdr>z1</zdr>
      <datOd>2023-08-31T09:00:00</datOd>
      <datDo>2065-12-31T00:00:00</datDo>
    </udaj>
    <udaj ID="1139548558">
      <hod>17429</hod>
      <uka>u3</uka>
      <vec>v1</vec>
      <vec>v2</vec>
      <mj>m2</mj>
      <uze>p9</uze>
      <cas>c1</cas>
      <zdr>z1</zdr>
      <datOd>2023-08-31T09:00:00</datOd>
      <datDo>2065-12-31T00:00:00</datDo>
    </udaj>
    <udaj ID="1139548559">
      <hod>8077</hod>
      <uka>u3</uka>
      <vec>v1</vec>
      <vec>v2</vec>
      <vec>v4</vec>
      <mj>m2</mj>
      <uze>p9</uze>
      <cas>c1</cas>
      <zdr>z1</zdr>
      <datOd>2023-08-31T09:00:00</datOd>
      <datDo>2065-12-31T00:00:00</datDo>
    </udaj>
    <udaj ID="1139548560">
      <hod>9352</hod>
      <uka>u3</uka>
      <vec>v1</vec>
      <vec>v2</vec>
      <vec>v3</vec>
      <mj>m2</mj>
      <uze>p9</uze>
      <cas>c1</cas>
      <zdr>z1</zdr>
      <datOd>2023-08-31T09:00:00</datOd>
      <datDo>2065-12-31T00:00:00</datDo>
    </udaj>
    <udaj ID="1139548561">
      <hod>5539</hod>
      <uka>u4</uka>
      <vec>v1</vec>
      <vec>v2</vec>
      <mj>m2</mj>
      <uze>p9</uze>
      <cas>c1</cas>
      <zdr>z1</zdr>
      <datOd>2023-08-31T09:00:00</datOd>
      <datDo>2065-12-31T00:00:00</datDo>
    </udaj>
    <udaj ID="1139548562">
      <hod>3236</hod>
      <uka>u5</uka>
      <vec>v1</vec>
      <vec>v2</vec>
      <mj>m2</mj>
      <uze>p9</uze>
      <cas>c1</cas>
      <zdr>z1</zdr>
      <datOd>2023-08-31T09:00:00</datOd>
      <datDo>2065-12-31T00:00:00</datDo>
    </udaj>
    <udaj ID="1139548564">
      <hod>50</hod>
      <uka>u1</uka>
      <vec>v1</vec>
      <vec>v2</vec>
      <mj>m1</mj>
      <uze>p10</uze>
      <cas>c1</cas>
      <zdr>z1</zdr>
      <datOd>2023-08-31T09:00:00</datOd>
      <datDo>2065-12-31T00:00:00</datDo>
    </udaj>
    <udaj ID="1139548565">
      <hod>682.99</hod>
      <uka>u2</uka>
      <vec>v1</vec>
      <vec>v2</vec>
      <mj>m1</mj>
      <uze>p10</uze>
      <cas>c1</cas>
      <zdr>z1</zdr>
      <datOd>2023-08-31T09:00:00</datOd>
      <datDo>2065-12-31T00:00:00</datDo>
    </udaj>
    <udaj ID="1139548566">
      <hod>15959</hod>
      <uka>u3</uka>
      <vec>v1</vec>
      <vec>v2</vec>
      <mj>m2</mj>
      <uze>p10</uze>
      <cas>c1</cas>
      <zdr>z1</zdr>
      <datOd>2023-08-31T09:00:00</datOd>
      <datDo>2065-12-31T00:00:00</datDo>
    </udaj>
    <udaj ID="1139548567">
      <hod>7718</hod>
      <uka>u3</uka>
      <vec>v1</vec>
      <vec>v2</vec>
      <vec>v4</vec>
      <mj>m2</mj>
      <uze>p10</uze>
      <cas>c1</cas>
      <zdr>z1</zdr>
      <datOd>2023-08-31T09:00:00</datOd>
      <datDo>2065-12-31T00:00:00</datDo>
    </udaj>
    <udaj ID="1139548568">
      <hod>8241</hod>
      <uka>u3</uka>
      <vec>v1</vec>
      <vec>v2</vec>
      <vec>v3</vec>
      <mj>m2</mj>
      <uze>p10</uze>
      <cas>c1</cas>
      <zdr>z1</zdr>
      <datOd>2023-08-31T09:00:00</datOd>
      <datDo>2065-12-31T00:00:00</datDo>
    </udaj>
    <udaj ID="1139548569">
      <hod>5080</hod>
      <uka>u4</uka>
      <vec>v1</vec>
      <vec>v2</vec>
      <mj>m2</mj>
      <uze>p10</uze>
      <cas>c1</cas>
      <zdr>z1</zdr>
      <datOd>2023-08-31T09:00:00</datOd>
      <datDo>2065-12-31T00:00:00</datDo>
    </udaj>
    <udaj ID="1139548570">
      <hod>3591</hod>
      <uka>u5</uka>
      <vec>v1</vec>
      <vec>v2</vec>
      <mj>m2</mj>
      <uze>p10</uze>
      <cas>c1</cas>
      <zdr>z1</zdr>
      <datOd>2023-08-31T09:00:00</datOd>
      <datDo>2065-12-31T00:00:00</datDo>
    </udaj>
    <udaj ID="1139548571">
      <hod>92</hod>
      <uka>u1</uka>
      <vec>v1</vec>
      <vec>v2</vec>
      <mj>m1</mj>
      <uze>p11</uze>
      <cas>c1</cas>
      <zdr>z1</zdr>
      <datOd>2023-08-31T09:00:00</datOd>
      <datDo>2065-12-31T00:00:00</datDo>
    </udaj>
    <udaj ID="1139548572">
      <hod>1438.99</hod>
      <uka>u2</uka>
      <vec>v1</vec>
      <vec>v2</vec>
      <mj>m1</mj>
      <uze>p11</uze>
      <cas>c1</cas>
      <zdr>z1</zdr>
      <datOd>2023-08-31T09:00:00</datOd>
      <datDo>2065-12-31T00:00:00</datDo>
    </udaj>
    <udaj ID="1139548573">
      <hod>32247</hod>
      <uka>u3</uka>
      <vec>v1</vec>
      <vec>v2</vec>
      <mj>m2</mj>
      <uze>p11</uze>
      <cas>c1</cas>
      <zdr>z1</zdr>
      <datOd>2023-08-31T09:00:00</datOd>
      <datDo>2065-12-31T00:00:00</datDo>
    </udaj>
    <udaj ID="1139548575">
      <hod>14719</hod>
      <uka>u3</uka>
      <vec>v1</vec>
      <vec>v2</vec>
      <vec>v4</vec>
      <mj>m2</mj>
      <uze>p11</uze>
      <cas>c1</cas>
      <zdr>z1</zdr>
      <datOd>2023-08-31T09:00:00</datOd>
      <datDo>2065-12-31T00:00:00</datDo>
    </udaj>
    <udaj ID="1139548576">
      <hod>17528</hod>
      <uka>u3</uka>
      <vec>v1</vec>
      <vec>v2</vec>
      <vec>v3</vec>
      <mj>m2</mj>
      <uze>p11</uze>
      <cas>c1</cas>
      <zdr>z1</zdr>
      <datOd>2023-08-31T09:00:00</datOd>
      <datDo>2065-12-31T00:00:00</datDo>
    </udaj>
    <udaj ID="1139548577">
      <hod>10629</hod>
      <uka>u4</uka>
      <vec>v1</vec>
      <vec>v2</vec>
      <mj>m2</mj>
      <uze>p11</uze>
      <cas>c1</cas>
      <zdr>z1</zdr>
      <datOd>2023-08-31T09:00:00</datOd>
      <datDo>2065-12-31T00:00:00</datDo>
    </udaj>
    <udaj ID="1139548578">
      <hod>6593</hod>
      <uka>u5</uka>
      <vec>v1</vec>
      <vec>v2</vec>
      <mj>m2</mj>
      <uze>p11</uze>
      <cas>c1</cas>
      <zdr>z1</zdr>
      <datOd>2023-08-31T09:00:00</datOd>
      <datDo>2065-12-31T00:00:00</datDo>
    </udaj>
    <udaj ID="1139548579">
      <hod>74</hod>
      <uka>u1</uka>
      <vec>v1</vec>
      <vec>v2</vec>
      <mj>m1</mj>
      <uze>p12</uze>
      <cas>c1</cas>
      <zdr>z1</zdr>
      <datOd>2023-08-31T09:00:00</datOd>
      <datDo>2065-12-31T00:00:00</datDo>
    </udaj>
    <udaj ID="1139548580">
      <hod>946.05</hod>
      <uka>u2</uka>
      <vec>v1</vec>
      <vec>v2</vec>
      <mj>m1</mj>
      <uze>p12</uze>
      <cas>c1</cas>
      <zdr>z1</zdr>
      <datOd>2023-08-31T09:00:00</datOd>
      <datDo>2065-12-31T00:00:00</datDo>
    </udaj>
    <udaj ID="1139548581">
      <hod>19587</hod>
      <uka>u3</uka>
      <vec>v1</vec>
      <vec>v2</vec>
      <mj>m2</mj>
      <uze>p12</uze>
      <cas>c1</cas>
      <zdr>z1</zdr>
      <datOd>2023-08-31T09:00:00</datOd>
      <datDo>2065-12-31T00:00:00</datDo>
    </udaj>
    <udaj ID="1139548582">
      <hod>9136</hod>
      <uka>u3</uka>
      <vec>v1</vec>
      <vec>v2</vec>
      <vec>v4</vec>
      <mj>m2</mj>
      <uze>p12</uze>
      <cas>c1</cas>
      <zdr>z1</zdr>
      <datOd>2023-08-31T09:00:00</datOd>
      <datDo>2065-12-31T00:00:00</datDo>
    </udaj>
    <udaj ID="1139548583">
      <hod>10451</hod>
      <uka>u3</uka>
      <vec>v1</vec>
      <vec>v2</vec>
      <vec>v3</vec>
      <mj>m2</mj>
      <uze>p12</uze>
      <cas>c1</cas>
      <zdr>z1</zdr>
      <datOd>2023-08-31T09:00:00</datOd>
      <datDo>2065-12-31T00:00:00</datDo>
    </udaj>
    <udaj ID="1139548584">
      <hod>6158</hod>
      <uka>u4</uka>
      <vec>v1</vec>
      <vec>v2</vec>
      <mj>m2</mj>
      <uze>p12</uze>
      <cas>c1</cas>
      <zdr>z1</zdr>
      <datOd>2023-08-31T09:00:00</datOd>
      <datDo>2065-12-31T00:00:00</datDo>
    </udaj>
    <udaj ID="1139548586">
      <hod>4068</hod>
      <uka>u5</uka>
      <vec>v1</vec>
      <vec>v2</vec>
      <mj>m2</mj>
      <uze>p12</uze>
      <cas>c1</cas>
      <zdr>z1</zdr>
      <datOd>2023-08-31T09:00:00</datOd>
      <datDo>2065-12-31T00:00:00</datDo>
    </udaj>
    <udaj ID="1139548587">
      <hod>59</hod>
      <uka>u1</uka>
      <vec>v1</vec>
      <vec>v2</vec>
      <mj>m1</mj>
      <uze>p13</uze>
      <cas>c1</cas>
      <zdr>z1</zdr>
      <datOd>2023-08-31T09:00:00</datOd>
      <datDo>2065-12-31T00:00:00</datDo>
    </udaj>
    <udaj ID="1139548588">
      <hod>784</hod>
      <uka>u2</uka>
      <vec>v1</vec>
      <vec>v2</vec>
      <mj>m1</mj>
      <uze>p13</uze>
      <cas>c1</cas>
      <zdr>z1</zdr>
      <datOd>2023-08-31T09:00:00</datOd>
      <datDo>2065-12-31T00:00:00</datDo>
    </udaj>
    <udaj ID="1139548589">
      <hod>17568</hod>
      <uka>u3</uka>
      <vec>v1</vec>
      <vec>v2</vec>
      <mj>m2</mj>
      <uze>p13</uze>
      <cas>c1</cas>
      <zdr>z1</zdr>
      <datOd>2023-08-31T09:00:00</datOd>
      <datDo>2065-12-31T00:00:00</datDo>
    </udaj>
    <udaj ID="1139548590">
      <hod>7968</hod>
      <uka>u3</uka>
      <vec>v1</vec>
      <vec>v2</vec>
      <vec>v4</vec>
      <mj>m2</mj>
      <uze>p13</uze>
      <cas>c1</cas>
      <zdr>z1</zdr>
      <datOd>2023-08-31T09:00:00</datOd>
      <datDo>2065-12-31T00:00:00</datDo>
    </udaj>
    <udaj ID="1139548591">
      <hod>9600</hod>
      <uka>u3</uka>
      <vec>v1</vec>
      <vec>v2</vec>
      <vec>v3</vec>
      <mj>m2</mj>
      <uze>p13</uze>
      <cas>c1</cas>
      <zdr>z1</zdr>
      <datOd>2023-08-31T09:00:00</datOd>
      <datDo>2065-12-31T00:00:00</datDo>
    </udaj>
    <udaj ID="1139548592">
      <hod>5295</hod>
      <uka>u4</uka>
      <vec>v1</vec>
      <vec>v2</vec>
      <mj>m2</mj>
      <uze>p13</uze>
      <cas>c1</cas>
      <zdr>z1</zdr>
      <datOd>2023-08-31T09:00:00</datOd>
      <datDo>2065-12-31T00:00:00</datDo>
    </udaj>
    <udaj ID="1139548593">
      <hod>3865</hod>
      <uka>u5</uka>
      <vec>v1</vec>
      <vec>v2</vec>
      <mj>m2</mj>
      <uze>p13</uze>
      <cas>c1</cas>
      <zdr>z1</zdr>
      <datOd>2023-08-31T09:00:00</datOd>
      <datDo>2065-12-31T00:00:00</datDo>
    </udaj>
    <udaj ID="1139548594">
      <hod>101</hod>
      <uka>u1</uka>
      <vec>v1</vec>
      <vec>v2</vec>
      <mj>m1</mj>
      <uze>p14</uze>
      <cas>c1</cas>
      <zdr>z1</zdr>
      <datOd>2023-08-31T09:00:00</datOd>
      <datDo>2065-12-31T00:00:00</datDo>
    </udaj>
    <udaj ID="1139548595">
      <hod>1553</hod>
      <uka>u2</uka>
      <vec>v1</vec>
      <vec>v2</vec>
      <mj>m1</mj>
      <uze>p14</uze>
      <cas>c1</cas>
      <zdr>z1</zdr>
      <datOd>2023-08-31T09:00:00</datOd>
      <datDo>2065-12-31T00:00:00</datDo>
    </udaj>
    <udaj ID="1139548597">
      <hod>34561</hod>
      <uka>u3</uka>
      <vec>v1</vec>
      <vec>v2</vec>
      <mj>m2</mj>
      <uze>p14</uze>
      <cas>c1</cas>
      <zdr>z1</zdr>
      <datOd>2023-08-31T09:00:00</datOd>
      <datDo>2065-12-31T00:00:00</datDo>
    </udaj>
    <udaj ID="1139548598">
      <hod>16034</hod>
      <uka>u3</uka>
      <vec>v1</vec>
      <vec>v2</vec>
      <vec>v4</vec>
      <mj>m2</mj>
      <uze>p14</uze>
      <cas>c1</cas>
      <zdr>z1</zdr>
      <datOd>2023-08-31T09:00:00</datOd>
      <datDo>2065-12-31T00:00:00</datDo>
    </udaj>
    <udaj ID="1139548599">
      <hod>18527</hod>
      <uka>u3</uka>
      <vec>v1</vec>
      <vec>v2</vec>
      <vec>v3</vec>
      <mj>m2</mj>
      <uze>p14</uze>
      <cas>c1</cas>
      <zdr>z1</zdr>
      <datOd>2023-08-31T09:00:00</datOd>
      <datDo>2065-12-31T00:00:00</datDo>
    </udaj>
    <udaj ID="1139548600">
      <hod>10834</hod>
      <uka>u4</uka>
      <vec>v1</vec>
      <vec>v2</vec>
      <mj>m2</mj>
      <uze>p14</uze>
      <cas>c1</cas>
      <zdr>z1</zdr>
      <datOd>2023-08-31T09:00:00</datOd>
      <datDo>2065-12-31T00:00:00</datDo>
    </udaj>
    <udaj ID="1139548601">
      <hod>6710</hod>
      <uka>u5</uka>
      <vec>v1</vec>
      <vec>v2</vec>
      <mj>m2</mj>
      <uze>p14</uze>
      <cas>c1</cas>
      <zdr>z1</zdr>
      <datOd>2023-08-31T09:00:00</datOd>
      <datDo>2065-12-31T00:00:00</datDo>
    </udaj>
  </data>
</vdbData>
