<?xml version="1.0" encoding="UTF-8" standalone="yes"?>
<vdbData xmlns="http://vdb.czso.cz/xml/export" xmlns:xsi="http://www.w3.org/2001/XMLSchema-instance" VERZE="1.1" JAZYK="cs" xsi:schemaLocation="http://vdb.czso.cz/xml/VdbData.xsd">
  <pruvodka>
    <copyright ROK="2023">© Český statistický úřad</copyright>
    <disclaimer>Poskytovatel neodpovídá za případné škody vzniklé v souvislosti s poskytnutými statistickými informacemi.</disclaimer>
    <ident>VZD04b</ident>
    <nazev>Přehled vzdělávání ve středních školách (bez konzervatoří)</nazev>
    <nastaveniExportu>
      <parametry>ZVOLENE</parametry>
      <rozsah>T</rozsah>
      <definice>N</definice>
      <atributy>N</atributy>
      <typDat>N</typDat>
      <casAktDB>N</casAktDB>
    </nastaveniExportu>
    <zdrojoveURI>https://vdb.czso.cz/vdbvo2/faces/cs/index.jsf?page=vystup-objekt&amp;z=T&amp;f=TABULKA&amp;pvo=VZD04b&amp;skupId=1107&amp;katalog=30848&amp;&amp;c=v3~1__RP2022RK2023MP09MK06DP01DK30&amp;u=v63__VUZEMI__100__3051&amp;str=v63&amp;kodjaz=203</zdrojoveURI>
    <generator>VdbExporty: 1.1.11</generator>
    <casExportu>2023-10-21T01:03:25</casExportu>
    <pocetUdaju>63</pocetUdaju>
  </pruvodka>
  <metaSlovnik>
    <ukazatel>
      <uka ID="u1">
        <kod>6043</kod>
        <text>Počet škol</text>
      </uka>
      <uka ID="u2">
        <kod>6053</kod>
        <text>Počet tříd nebo studijních skupin</text>
      </uka>
      <uka ID="u3">
        <kod>6057</kod>
        <text>Počet žáků</text>
      </uka>
      <uka ID="u4">
        <kod>6056</kod>
        <text>Počet nově přijatých žáků/studentů do prvního ročníku</text>
      </uka>
      <uka ID="u5">
        <kod>6061</kod>
        <text>Počet absolventů středního, vyššího odborného a vysokoškolského vzdělávání</text>
      </uka>
    </ukazatel>
    <vecneUpresneni>
      <element ID="v1">
        <dim>DOBATRSTUDIA</dim>
        <dimText>Doba trvání studia (roky)</dimText>
        <ciselnik>7700</ciselnik>
        <kod>400004400004000</kod>
        <text>4</text>
      </element>
      <element ID="v2">
        <dim>DOBATRSTUDIA</dim>
        <dimText>Doba trvání studia (roky)</dimText>
        <ciselnik>7700</ciselnik>
        <kod>400006400006000</kod>
        <text>6</text>
      </element>
      <element ID="v3">
        <dim>DOBATRSTUDIA</dim>
        <dimText>Doba trvání studia (roky)</dimText>
        <ciselnik>7700</ciselnik>
        <kod>400008400008000</kod>
        <text>8</text>
      </element>
      <element ID="v4">
        <dim>DRUHSKOLZAR</dim>
        <dimText>Druh školy a školského zařízení</dimText>
        <ciselnik>340</ciselnik>
        <kod>3</kod>
        <text>Střední škola</text>
      </element>
      <element ID="v5">
        <dim>DRUHSTUDIA</dim>
        <dimText>Druh studia a studijního programu</dimText>
        <ciselnik>344</ciselnik>
        <kod>32</kod>
        <text>Střední odborné vzdělávání bez výučního listu a bez maturity</text>
      </element>
      <element ID="v6">
        <dim>DRUHSTUDIA</dim>
        <dimText>Druh studia a studijního programu</dimText>
        <ciselnik>344</ciselnik>
        <kod>35</kod>
        <text>Střední všeobecné vzdělávání (gymnázia)</text>
      </element>
      <element ID="v7">
        <dim>DRUHSTUDIA</dim>
        <dimText>Druh studia a studijního programu</dimText>
        <ciselnik>344</ciselnik>
        <kod>39</kod>
        <text>Nástavbové studium</text>
      </element>
      <element ID="v8">
        <dim>DRUHSTUDIA</dim>
        <dimText>Druh studia a studijního programu</dimText>
        <ciselnik>345</ciselnik>
        <kod>2</kod>
        <text>Střední odborné vzdělávání s výučním listem (vč. zkráceného studia)</text>
      </element>
      <element ID="v9">
        <dim>DRUHSTUDIA</dim>
        <dimText>Druh studia a studijního programu</dimText>
        <ciselnik>345</ciselnik>
        <kod>3</kod>
        <text>Střední odborné vzdělávání s maturitní zkouškou (včetně zkráceného studia)</text>
      </element>
      <element ID="v10">
        <dim>POHLAVI</dim>
        <dimText>Pohlaví</dimText>
        <ciselnik>102</ciselnik>
        <kod>1</kod>
        <text>muž</text>
      </element>
      <element ID="v11">
        <dim>POHLAVI</dim>
        <dimText>Pohlaví</dimText>
        <ciselnik>102</ciselnik>
        <kod>2</kod>
        <text>žena</text>
      </element>
    </vecneUpresneni>
    <mericiJednotka>
      <element ID="m1">
        <dim>MJ_SKUTEC</dim>
        <dimText>Skutečná měřicí jednotka</dimText>
        <ciselnik>78</ciselnik>
        <kod>99998</kod>
        <text>četnostní jednotka</text>
      </element>
      <element ID="m2">
        <dim>MJ_SKUTEC</dim>
        <dimText>Skutečná měřicí jednotka</dimText>
        <ciselnik>78</ciselnik>
        <kod>80400</kod>
        <text>osoba</text>
      </element>
    </mericiJednotka>
    <uzemi>
      <element ID="p1">
        <dim>VUZEMI</dim>
        <dimText>V území</dimText>
        <ciselnik>100</ciselnik>
        <kod>3051</kod>
        <text>Karlovarský kraj</text>
      </element>
    </uzemi>
    <obdobi>
      <cas ID="c1">
        <casOd>2022-09-01</casOd>
        <casDo>2023-06-30</casDo>
      </cas>
    </obdobi>
    <zdrojovaUloha>
      <zdr ID="z1">
        <kod>ADMMSMTVZD</kod>
        <text>Adm. zdroj dat z MŠMT - Vzdělávání</text>
        <verze>1900100</verze>
        <verzeText>roční (leden - prosinec) zpracování - 1. verze</verzeText>
        <obdobiOd>2022-01-01</obdobiOd>
        <obdobiDo>2022-12-31</obdobiDo>
      </zdr>
    </zdrojovaUloha>
  </metaSlovnik>
  <data>
    <udaj ID="1109802582">
      <hod>31</hod>
      <uka>u1</uka>
      <vec>v4</vec>
      <mj>m1</mj>
      <uze>p1</uze>
      <cas>c1</cas>
      <zdr>z1</zdr>
      <datOd>2023-08-31T09:00:00</datOd>
      <datDo>2060-08-31T09:00:00</datDo>
    </udaj>
    <udaj ID="1109802583">
      <hod>489</hod>
      <uka>u2</uka>
      <vec>v4</vec>
      <mj>m1</mj>
      <uze>p1</uze>
      <cas>c1</cas>
      <zdr>z1</zdr>
      <datOd>2023-08-31T09:00:00</datOd>
      <datDo>2060-08-31T09:00:00</datDo>
    </udaj>
    <udaj ID="1139549335">
      <hod>10987</hod>
      <uka>u3</uka>
      <vec>v4</vec>
      <mj>m2</mj>
      <uze>p1</uze>
      <cas>c1</cas>
      <zdr>z1</zdr>
      <datOd>2023-08-31T09:00:00</datOd>
      <datDo>2065-12-31T00:00:00</datDo>
    </udaj>
    <udaj ID="1109802585">
      <hod>5558</hod>
      <uka>u3</uka>
      <vec>v4</vec>
      <vec>v11</vec>
      <mj>m2</mj>
      <uze>p1</uze>
      <cas>c1</cas>
      <zdr>z1</zdr>
      <datOd>2023-08-31T09:00:00</datOd>
      <datDo>2060-08-31T09:00:00</datDo>
    </udaj>
    <udaj ID="1109802586">
      <hod>5429</hod>
      <uka>u3</uka>
      <vec>v4</vec>
      <vec>v10</vec>
      <mj>m2</mj>
      <uze>p1</uze>
      <cas>c1</cas>
      <zdr>z1</zdr>
      <datOd>2023-08-31T09:00:00</datOd>
      <datDo>2060-08-31T09:00:00</datDo>
    </udaj>
    <udaj ID="1109802587">
      <hod>3192</hod>
      <uka>u4</uka>
      <vec>v4</vec>
      <mj>m2</mj>
      <uze>p1</uze>
      <cas>c1</cas>
      <zdr>z1</zdr>
      <datOd>2023-08-31T09:00:00</datOd>
      <datDo>2060-08-31T09:00:00</datDo>
    </udaj>
    <udaj ID="1109802588">
      <hod>1856</hod>
      <uka>u5</uka>
      <vec>v4</vec>
      <mj>m2</mj>
      <uze>p1</uze>
      <cas>c1</cas>
      <zdr>z1</zdr>
      <datOd>2023-08-31T09:00:00</datOd>
      <datDo>2060-08-31T09:00:00</datDo>
    </udaj>
    <udaj ID="1109802589">
      <hod>3</hod>
      <uka>u1</uka>
      <vec>v4</vec>
      <vec>v5</vec>
      <mj>m1</mj>
      <uze>p1</uze>
      <cas>c1</cas>
      <zdr>z1</zdr>
      <datOd>2023-08-31T09:00:00</datOd>
      <datDo>2060-08-31T09:00:00</datDo>
    </udaj>
    <udaj ID="1109802590">
      <hod>11</hod>
      <uka>u2</uka>
      <vec>v4</vec>
      <vec>v5</vec>
      <mj>m1</mj>
      <uze>p1</uze>
      <cas>c1</cas>
      <zdr>z1</zdr>
      <datOd>2023-08-31T09:00:00</datOd>
      <datDo>2060-08-31T09:00:00</datDo>
    </udaj>
    <udaj ID="1109802591">
      <hod>98</hod>
      <uka>u3</uka>
      <vec>v4</vec>
      <vec>v5</vec>
      <mj>m2</mj>
      <uze>p1</uze>
      <cas>c1</cas>
      <zdr>z1</zdr>
      <datOd>2023-08-31T09:00:00</datOd>
      <datDo>2060-08-31T09:00:00</datDo>
    </udaj>
    <udaj ID="1109802592">
      <hod>53</hod>
      <uka>u3</uka>
      <vec>v4</vec>
      <vec>v5</vec>
      <vec>v11</vec>
      <mj>m2</mj>
      <uze>p1</uze>
      <cas>c1</cas>
      <zdr>z1</zdr>
      <datOd>2023-08-31T09:00:00</datOd>
      <datDo>2060-08-31T09:00:00</datDo>
    </udaj>
    <udaj ID="1109802658">
      <hod>45</hod>
      <uka>u3</uka>
      <vec>v4</vec>
      <vec>v5</vec>
      <vec>v10</vec>
      <mj>m2</mj>
      <uze>p1</uze>
      <cas>c1</cas>
      <zdr>z1</zdr>
      <datOd>2023-08-31T09:00:00</datOd>
      <datDo>2060-08-31T09:00:00</datDo>
    </udaj>
    <udaj ID="1109802659">
      <hod>40</hod>
      <uka>u4</uka>
      <vec>v4</vec>
      <vec>v5</vec>
      <mj>m2</mj>
      <uze>p1</uze>
      <cas>c1</cas>
      <zdr>z1</zdr>
      <datOd>2023-08-31T09:00:00</datOd>
      <datDo>2060-08-31T09:00:00</datDo>
    </udaj>
    <udaj ID="1109802660">
      <hod>20</hod>
      <uka>u5</uka>
      <vec>v4</vec>
      <vec>v5</vec>
      <mj>m2</mj>
      <uze>p1</uze>
      <cas>c1</cas>
      <zdr>z1</zdr>
      <datOd>2023-08-31T09:00:00</datOd>
      <datDo>2060-08-31T09:00:00</datDo>
    </udaj>
    <udaj ID="1109802661">
      <hod>16</hod>
      <uka>u1</uka>
      <vec>v4</vec>
      <vec>v8</vec>
      <mj>m1</mj>
      <uze>p1</uze>
      <cas>c1</cas>
      <zdr>z1</zdr>
      <datOd>2023-08-31T09:00:00</datOd>
      <datDo>2060-08-31T09:00:00</datDo>
    </udaj>
    <udaj ID="1109802662">
      <hod>143.01</hod>
      <uka>u2</uka>
      <vec>v4</vec>
      <vec>v8</vec>
      <mj>m1</mj>
      <uze>p1</uze>
      <cas>c1</cas>
      <zdr>z1</zdr>
      <datOd>2023-08-31T09:00:00</datOd>
      <datDo>2060-08-31T09:00:00</datDo>
    </udaj>
    <udaj ID="1109802663">
      <hod>2772</hod>
      <uka>u3</uka>
      <vec>v4</vec>
      <vec>v8</vec>
      <mj>m2</mj>
      <uze>p1</uze>
      <cas>c1</cas>
      <zdr>z1</zdr>
      <datOd>2023-08-31T09:00:00</datOd>
      <datDo>2060-08-31T09:00:00</datDo>
    </udaj>
    <udaj ID="1109802664">
      <hod>1007</hod>
      <uka>u3</uka>
      <vec>v4</vec>
      <vec>v8</vec>
      <vec>v11</vec>
      <mj>m2</mj>
      <uze>p1</uze>
      <cas>c1</cas>
      <zdr>z1</zdr>
      <datOd>2023-08-31T09:00:00</datOd>
      <datDo>2060-08-31T09:00:00</datDo>
    </udaj>
    <udaj ID="1109802665">
      <hod>1765</hod>
      <uka>u3</uka>
      <vec>v4</vec>
      <vec>v8</vec>
      <vec>v10</vec>
      <mj>m2</mj>
      <uze>p1</uze>
      <cas>c1</cas>
      <zdr>z1</zdr>
      <datOd>2023-08-31T09:00:00</datOd>
      <datDo>2060-08-31T09:00:00</datDo>
    </udaj>
    <udaj ID="1109802666">
      <hod>1157</hod>
      <uka>u4</uka>
      <vec>v4</vec>
      <vec>v8</vec>
      <mj>m2</mj>
      <uze>p1</uze>
      <cas>c1</cas>
      <zdr>z1</zdr>
      <datOd>2023-08-31T09:00:00</datOd>
      <datDo>2060-08-31T09:00:00</datDo>
    </udaj>
    <udaj ID="1109802667">
      <hod>590</hod>
      <uka>u5</uka>
      <vec>v4</vec>
      <vec>v8</vec>
      <mj>m2</mj>
      <uze>p1</uze>
      <cas>c1</cas>
      <zdr>z1</zdr>
      <datOd>2023-08-31T09:00:00</datOd>
      <datDo>2060-08-31T09:00:00</datDo>
    </udaj>
    <udaj ID="1109802668">
      <hod>21</hod>
      <uka>u1</uka>
      <vec>v4</vec>
      <vec>v9</vec>
      <mj>m1</mj>
      <uze>p1</uze>
      <cas>c1</cas>
      <zdr>z1</zdr>
      <datOd>2023-08-31T09:00:00</datOd>
      <datDo>2060-08-31T09:00:00</datDo>
    </udaj>
    <udaj ID="1109802669">
      <hod>192</hod>
      <uka>u2</uka>
      <vec>v4</vec>
      <vec>v9</vec>
      <mj>m1</mj>
      <uze>p1</uze>
      <cas>c1</cas>
      <zdr>z1</zdr>
      <datOd>2023-08-31T09:00:00</datOd>
      <datDo>2060-08-31T09:00:00</datDo>
    </udaj>
    <udaj ID="1109802670">
      <hod>4783</hod>
      <uka>u3</uka>
      <vec>v4</vec>
      <vec>v9</vec>
      <mj>m2</mj>
      <uze>p1</uze>
      <cas>c1</cas>
      <zdr>z1</zdr>
      <datOd>2023-08-31T09:00:00</datOd>
      <datDo>2060-08-31T09:00:00</datDo>
    </udaj>
    <udaj ID="1109802671">
      <hod>2673</hod>
      <uka>u3</uka>
      <vec>v4</vec>
      <vec>v9</vec>
      <vec>v11</vec>
      <mj>m2</mj>
      <uze>p1</uze>
      <cas>c1</cas>
      <zdr>z1</zdr>
      <datOd>2023-08-31T09:00:00</datOd>
      <datDo>2060-08-31T09:00:00</datDo>
    </udaj>
    <udaj ID="1109802672">
      <hod>2110</hod>
      <uka>u3</uka>
      <vec>v4</vec>
      <vec>v9</vec>
      <vec>v10</vec>
      <mj>m2</mj>
      <uze>p1</uze>
      <cas>c1</cas>
      <zdr>z1</zdr>
      <datOd>2023-08-31T09:00:00</datOd>
      <datDo>2060-08-31T09:00:00</datDo>
    </udaj>
    <udaj ID="1109802673">
      <hod>1398</hod>
      <uka>u4</uka>
      <vec>v4</vec>
      <vec>v9</vec>
      <mj>m2</mj>
      <uze>p1</uze>
      <cas>c1</cas>
      <zdr>z1</zdr>
      <datOd>2023-08-31T09:00:00</datOd>
      <datDo>2060-08-31T09:00:00</datDo>
    </udaj>
    <udaj ID="1109802674">
      <hod>770</hod>
      <uka>u5</uka>
      <vec>v4</vec>
      <vec>v9</vec>
      <mj>m2</mj>
      <uze>p1</uze>
      <cas>c1</cas>
      <zdr>z1</zdr>
      <datOd>2023-08-31T09:00:00</datOd>
      <datDo>2060-08-31T09:00:00</datDo>
    </udaj>
    <udaj ID="1109802675">
      <hod>9</hod>
      <uka>u1</uka>
      <vec>v4</vec>
      <vec>v6</vec>
      <mj>m1</mj>
      <uze>p1</uze>
      <cas>c1</cas>
      <zdr>z1</zdr>
      <datOd>2023-08-31T09:00:00</datOd>
      <datDo>2060-08-31T09:00:00</datDo>
    </udaj>
    <udaj ID="1109802676">
      <hod>120</hod>
      <uka>u2</uka>
      <vec>v4</vec>
      <vec>v6</vec>
      <mj>m1</mj>
      <uze>p1</uze>
      <cas>c1</cas>
      <zdr>z1</zdr>
      <datOd>2023-08-31T09:00:00</datOd>
      <datDo>2060-08-31T09:00:00</datDo>
    </udaj>
    <udaj ID="1109802677">
      <hod>3126</hod>
      <uka>u3</uka>
      <vec>v4</vec>
      <vec>v6</vec>
      <mj>m2</mj>
      <uze>p1</uze>
      <cas>c1</cas>
      <zdr>z1</zdr>
      <datOd>2023-08-31T09:00:00</datOd>
      <datDo>2060-08-31T09:00:00</datDo>
    </udaj>
    <udaj ID="1109802678">
      <hod>1713</hod>
      <uka>u3</uka>
      <vec>v4</vec>
      <vec>v6</vec>
      <vec>v11</vec>
      <mj>m2</mj>
      <uze>p1</uze>
      <cas>c1</cas>
      <zdr>z1</zdr>
      <datOd>2023-08-31T09:00:00</datOd>
      <datDo>2060-08-31T09:00:00</datDo>
    </udaj>
    <udaj ID="1109802746">
      <hod>1413</hod>
      <uka>u3</uka>
      <vec>v4</vec>
      <vec>v6</vec>
      <vec>v10</vec>
      <mj>m2</mj>
      <uze>p1</uze>
      <cas>c1</cas>
      <zdr>z1</zdr>
      <datOd>2023-08-31T09:00:00</datOd>
      <datDo>2060-08-31T09:00:00</datDo>
    </udaj>
    <udaj ID="1109802747">
      <hod>494</hod>
      <uka>u4</uka>
      <vec>v4</vec>
      <vec>v6</vec>
      <mj>m2</mj>
      <uze>p1</uze>
      <cas>c1</cas>
      <zdr>z1</zdr>
      <datOd>2023-08-31T09:00:00</datOd>
      <datDo>2060-08-31T09:00:00</datDo>
    </udaj>
    <udaj ID="1109802748">
      <hod>432</hod>
      <uka>u5</uka>
      <vec>v4</vec>
      <vec>v6</vec>
      <mj>m2</mj>
      <uze>p1</uze>
      <cas>c1</cas>
      <zdr>z1</zdr>
      <datOd>2023-08-31T09:00:00</datOd>
      <datDo>2060-08-31T09:00:00</datDo>
    </udaj>
    <udaj ID="1109802749">
      <hod>7</hod>
      <uka>u1</uka>
      <vec>v3</vec>
      <vec>v4</vec>
      <vec>v6</vec>
      <mj>m1</mj>
      <uze>p1</uze>
      <cas>c1</cas>
      <zdr>z1</zdr>
      <datOd>2023-08-31T09:00:00</datOd>
      <datDo>2060-08-31T09:00:00</datDo>
    </udaj>
    <udaj ID="1109802750">
      <hod>85</hod>
      <uka>u2</uka>
      <vec>v3</vec>
      <vec>v4</vec>
      <vec>v6</vec>
      <mj>m1</mj>
      <uze>p1</uze>
      <cas>c1</cas>
      <zdr>z1</zdr>
      <datOd>2023-08-31T09:00:00</datOd>
      <datDo>2060-08-31T09:00:00</datDo>
    </udaj>
    <udaj ID="1109802751">
      <hod>2249</hod>
      <uka>u3</uka>
      <vec>v3</vec>
      <vec>v4</vec>
      <vec>v6</vec>
      <mj>m2</mj>
      <uze>p1</uze>
      <cas>c1</cas>
      <zdr>z1</zdr>
      <datOd>2023-08-31T09:00:00</datOd>
      <datDo>2060-08-31T09:00:00</datDo>
    </udaj>
    <udaj ID="1139548413">
      <hod>1219</hod>
      <uka>u3</uka>
      <vec>v3</vec>
      <vec>v4</vec>
      <vec>v6</vec>
      <vec>v11</vec>
      <mj>m2</mj>
      <uze>p1</uze>
      <cas>c1</cas>
      <zdr>z1</zdr>
      <datOd>2023-08-31T09:00:00</datOd>
      <datDo>2065-12-31T00:00:00</datDo>
    </udaj>
    <udaj ID="1139548414">
      <hod>1030</hod>
      <uka>u3</uka>
      <vec>v3</vec>
      <vec>v4</vec>
      <vec>v6</vec>
      <vec>v10</vec>
      <mj>m2</mj>
      <uze>p1</uze>
      <cas>c1</cas>
      <zdr>z1</zdr>
      <datOd>2023-08-31T09:00:00</datOd>
      <datDo>2065-12-31T00:00:00</datDo>
    </udaj>
    <udaj ID="1109802752">
      <hod>282</hod>
      <uka>u4</uka>
      <vec>v3</vec>
      <vec>v4</vec>
      <vec>v6</vec>
      <mj>m2</mj>
      <uze>p1</uze>
      <cas>c1</cas>
      <zdr>z1</zdr>
      <datOd>2023-08-31T09:00:00</datOd>
      <datDo>2060-08-31T09:00:00</datDo>
    </udaj>
    <udaj ID="1109802753">
      <hod>260</hod>
      <uka>u5</uka>
      <vec>v3</vec>
      <vec>v4</vec>
      <vec>v6</vec>
      <mj>m2</mj>
      <uze>p1</uze>
      <cas>c1</cas>
      <zdr>z1</zdr>
      <datOd>2023-08-31T09:00:00</datOd>
      <datDo>2060-08-31T09:00:00</datDo>
    </udaj>
    <udaj ID="1109802754">
      <hod>1</hod>
      <uka>u1</uka>
      <vec>v2</vec>
      <vec>v4</vec>
      <vec>v6</vec>
      <mj>m1</mj>
      <uze>p1</uze>
      <cas>c1</cas>
      <zdr>z1</zdr>
      <datOd>2023-08-31T09:00:00</datOd>
      <datDo>2060-08-31T09:00:00</datDo>
    </udaj>
    <udaj ID="1109802755">
      <hod>6</hod>
      <uka>u2</uka>
      <vec>v2</vec>
      <vec>v4</vec>
      <vec>v6</vec>
      <mj>m1</mj>
      <uze>p1</uze>
      <cas>c1</cas>
      <zdr>z1</zdr>
      <datOd>2023-08-31T09:00:00</datOd>
      <datDo>2060-08-31T09:00:00</datDo>
    </udaj>
    <udaj ID="1109802756">
      <hod>139</hod>
      <uka>u3</uka>
      <vec>v2</vec>
      <vec>v4</vec>
      <vec>v6</vec>
      <mj>m2</mj>
      <uze>p1</uze>
      <cas>c1</cas>
      <zdr>z1</zdr>
      <datOd>2023-08-31T09:00:00</datOd>
      <datDo>2060-08-31T09:00:00</datDo>
    </udaj>
    <udaj ID="1139548415">
      <hod>78</hod>
      <uka>u3</uka>
      <vec>v2</vec>
      <vec>v4</vec>
      <vec>v6</vec>
      <vec>v11</vec>
      <mj>m2</mj>
      <uze>p1</uze>
      <cas>c1</cas>
      <zdr>z1</zdr>
      <datOd>2023-08-31T09:00:00</datOd>
      <datDo>2065-12-31T00:00:00</datDo>
    </udaj>
    <udaj ID="1139548416">
      <hod>61</hod>
      <uka>u3</uka>
      <vec>v2</vec>
      <vec>v4</vec>
      <vec>v6</vec>
      <vec>v10</vec>
      <mj>m2</mj>
      <uze>p1</uze>
      <cas>c1</cas>
      <zdr>z1</zdr>
      <datOd>2023-08-31T09:00:00</datOd>
      <datDo>2065-12-31T00:00:00</datDo>
    </udaj>
    <udaj ID="1109802757">
      <hod>22</hod>
      <uka>u4</uka>
      <vec>v2</vec>
      <vec>v4</vec>
      <vec>v6</vec>
      <mj>m2</mj>
      <uze>p1</uze>
      <cas>c1</cas>
      <zdr>z1</zdr>
      <datOd>2023-08-31T09:00:00</datOd>
      <datDo>2060-08-31T09:00:00</datDo>
    </udaj>
    <udaj ID="1109802758">
      <hod>17</hod>
      <uka>u5</uka>
      <vec>v2</vec>
      <vec>v4</vec>
      <vec>v6</vec>
      <mj>m2</mj>
      <uze>p1</uze>
      <cas>c1</cas>
      <zdr>z1</zdr>
      <datOd>2023-08-31T09:00:00</datOd>
      <datDo>2060-08-31T09:00:00</datDo>
    </udaj>
    <udaj ID="1109802759">
      <hod>7</hod>
      <uka>u1</uka>
      <vec>v1</vec>
      <vec>v4</vec>
      <vec>v6</vec>
      <mj>m1</mj>
      <uze>p1</uze>
      <cas>c1</cas>
      <zdr>z1</zdr>
      <datOd>2023-08-31T09:00:00</datOd>
      <datDo>2060-08-31T09:00:00</datDo>
    </udaj>
    <udaj ID="1109802760">
      <hod>29</hod>
      <uka>u2</uka>
      <vec>v1</vec>
      <vec>v4</vec>
      <vec>v6</vec>
      <mj>m1</mj>
      <uze>p1</uze>
      <cas>c1</cas>
      <zdr>z1</zdr>
      <datOd>2023-08-31T09:00:00</datOd>
      <datDo>2060-08-31T09:00:00</datDo>
    </udaj>
    <udaj ID="1109802761">
      <hod>738</hod>
      <uka>u3</uka>
      <vec>v1</vec>
      <vec>v4</vec>
      <vec>v6</vec>
      <mj>m2</mj>
      <uze>p1</uze>
      <cas>c1</cas>
      <zdr>z1</zdr>
      <datOd>2023-08-31T09:00:00</datOd>
      <datDo>2060-08-31T09:00:00</datDo>
    </udaj>
    <udaj ID="1139548417">
      <hod>416</hod>
      <uka>u3</uka>
      <vec>v1</vec>
      <vec>v4</vec>
      <vec>v6</vec>
      <vec>v11</vec>
      <mj>m2</mj>
      <uze>p1</uze>
      <cas>c1</cas>
      <zdr>z1</zdr>
      <datOd>2023-08-31T09:00:00</datOd>
      <datDo>2065-12-31T00:00:00</datDo>
    </udaj>
    <udaj ID="1139548418">
      <hod>322</hod>
      <uka>u3</uka>
      <vec>v1</vec>
      <vec>v4</vec>
      <vec>v6</vec>
      <vec>v10</vec>
      <mj>m2</mj>
      <uze>p1</uze>
      <cas>c1</cas>
      <zdr>z1</zdr>
      <datOd>2023-08-31T09:00:00</datOd>
      <datDo>2065-12-31T00:00:00</datDo>
    </udaj>
    <udaj ID="1109802762">
      <hod>190</hod>
      <uka>u4</uka>
      <vec>v1</vec>
      <vec>v4</vec>
      <vec>v6</vec>
      <mj>m2</mj>
      <uze>p1</uze>
      <cas>c1</cas>
      <zdr>z1</zdr>
      <datOd>2023-08-31T09:00:00</datOd>
      <datDo>2060-08-31T09:00:00</datDo>
    </udaj>
    <udaj ID="1109802763">
      <hod>155</hod>
      <uka>u5</uka>
      <vec>v1</vec>
      <vec>v4</vec>
      <vec>v6</vec>
      <mj>m2</mj>
      <uze>p1</uze>
      <cas>c1</cas>
      <zdr>z1</zdr>
      <datOd>2023-08-31T09:00:00</datOd>
      <datDo>2060-08-31T09:00:00</datDo>
    </udaj>
    <udaj ID="1109802826">
      <hod>5</hod>
      <uka>u1</uka>
      <vec>v4</vec>
      <vec>v7</vec>
      <mj>m1</mj>
      <uze>p1</uze>
      <cas>c1</cas>
      <zdr>z1</zdr>
      <datOd>2023-08-31T09:00:00</datOd>
      <datDo>2060-08-31T09:00:00</datDo>
    </udaj>
    <udaj ID="1109802827">
      <hod>5</hod>
      <uka>u2</uka>
      <vec>v4</vec>
      <vec>v7</vec>
      <mj>m1</mj>
      <uze>p1</uze>
      <cas>c1</cas>
      <zdr>z1</zdr>
      <datOd>2023-08-31T09:00:00</datOd>
      <datDo>2060-08-31T09:00:00</datDo>
    </udaj>
    <udaj ID="1109802828">
      <hod>208</hod>
      <uka>u3</uka>
      <vec>v4</vec>
      <vec>v7</vec>
      <mj>m2</mj>
      <uze>p1</uze>
      <cas>c1</cas>
      <zdr>z1</zdr>
      <datOd>2023-08-31T09:00:00</datOd>
      <datDo>2060-08-31T09:00:00</datDo>
    </udaj>
    <udaj ID="1109802829">
      <hod>112</hod>
      <uka>u3</uka>
      <vec>v4</vec>
      <vec>v7</vec>
      <vec>v11</vec>
      <mj>m2</mj>
      <uze>p1</uze>
      <cas>c1</cas>
      <zdr>z1</zdr>
      <datOd>2023-08-31T09:00:00</datOd>
      <datDo>2060-08-31T09:00:00</datDo>
    </udaj>
    <udaj ID="1109802830">
      <hod>96</hod>
      <uka>u3</uka>
      <vec>v4</vec>
      <vec>v7</vec>
      <vec>v10</vec>
      <mj>m2</mj>
      <uze>p1</uze>
      <cas>c1</cas>
      <zdr>z1</zdr>
      <datOd>2023-08-31T09:00:00</datOd>
      <datDo>2060-08-31T09:00:00</datDo>
    </udaj>
    <udaj ID="1109802831">
      <hod>103</hod>
      <uka>u4</uka>
      <vec>v4</vec>
      <vec>v7</vec>
      <mj>m2</mj>
      <uze>p1</uze>
      <cas>c1</cas>
      <zdr>z1</zdr>
      <datOd>2023-08-31T09:00:00</datOd>
      <datDo>2060-08-31T09:00:00</datDo>
    </udaj>
    <udaj ID="1109802832">
      <hod>44</hod>
      <uka>u5</uka>
      <vec>v4</vec>
      <vec>v7</vec>
      <mj>m2</mj>
      <uze>p1</uze>
      <cas>c1</cas>
      <zdr>z1</zdr>
      <datOd>2023-08-31T09:00:00</datOd>
      <datDo>2060-08-31T09:00:00</datDo>
    </udaj>
  </data>
</vdbData>
