<?xml version="1.0" encoding="UTF-8" standalone="yes"?>
<vdbData xmlns="http://vdb.czso.cz/xml/export" xmlns:xsi="http://www.w3.org/2001/XMLSchema-instance" VERZE="1.1" JAZYK="cs" xsi:schemaLocation="http://vdb.czso.cz/xml/VdbData.xsd">
  <pruvodka>
    <copyright ROK="2023">© Český statistický úřad</copyright>
    <disclaimer>Poskytovatel neodpovídá za případné škody vzniklé v souvislosti s poskytnutými statistickými informacemi.</disclaimer>
    <ident>VZD03</ident>
    <nazev>Vzdělávání v základních školách - územní srovnání</nazev>
    <nastaveniExportu>
      <parametry>ZVOLENE</parametry>
      <rozsah>T</rozsah>
      <definice>N</definice>
      <atributy>N</atributy>
      <typDat>N</typDat>
      <casAktDB>N</casAktDB>
    </nastaveniExportu>
    <zdrojoveURI>https://vdb.czso.cz/vdbvo2/faces/cs/index.jsf?page=vystup-objekt&amp;z=T&amp;f=TABULKA&amp;pvo=VZD03&amp;katalog=30848&amp;&amp;c=v3~1__RP2022RK2023MP09MK06DP01DK30&amp;str=v383&amp;kodjaz=203</zdrojoveURI>
    <generator>VdbExporty: 1.1.11</generator>
    <casExportu>2023-10-21T00:50:00</casExportu>
    <pocetUdaju>135</pocetUdaju>
  </pruvodka>
  <metaSlovnik>
    <ukazatel>
      <uka ID="u1">
        <kod>6043</kod>
        <text>Počet škol</text>
      </uka>
      <uka ID="u2">
        <kod>6053</kod>
        <text>Počet tříd nebo studijních skupin</text>
      </uka>
      <uka ID="u3">
        <kod>6057</kod>
        <text>Počet žáků</text>
      </uka>
    </ukazatel>
    <vecneUpresneni>
      <element ID="v1">
        <dim>CZISCEDP</dim>
        <dimText>Klasifikace vzdělání (CZ-ISCED 2011) - vzdělávací programy</dimText>
        <ciselnik>5172</ciselnik>
        <kod>1</kod>
        <text>Primární vzdělávání</text>
      </element>
      <element ID="v2">
        <dim>CZISCEDP</dim>
        <dimText>Klasifikace vzdělání (CZ-ISCED 2011) - vzdělávací programy</dimText>
        <ciselnik>5172</ciselnik>
        <kod>2</kod>
        <text>Nižší sekundární vzdělávání</text>
      </element>
      <element ID="v3">
        <dim>DRUHSKOLZAR</dim>
        <dimText>Druh školy a školského zařízení</dimText>
        <ciselnik>340</ciselnik>
        <kod>2</kod>
        <text>Základní škola</text>
      </element>
      <element ID="v4">
        <dim>POHLAVI</dim>
        <dimText>Pohlaví</dimText>
        <ciselnik>102</ciselnik>
        <kod>1</kod>
        <text>muž</text>
      </element>
      <element ID="v5">
        <dim>POHLAVI</dim>
        <dimText>Pohlaví</dimText>
        <ciselnik>102</ciselnik>
        <kod>2</kod>
        <text>žena</text>
      </element>
    </vecneUpresneni>
    <mericiJednotka>
      <element ID="m1">
        <dim>MJ_SKUTEC</dim>
        <dimText>Skutečná měřicí jednotka</dimText>
        <ciselnik>78</ciselnik>
        <kod>99998</kod>
        <text>četnostní jednotka</text>
      </element>
      <element ID="m2">
        <dim>MJ_SKUTEC</dim>
        <dimText>Skutečná měřicí jednotka</dimText>
        <ciselnik>78</ciselnik>
        <kod>80400</kod>
        <text>osoba</text>
      </element>
    </mericiJednotka>
    <uzemi>
      <element ID="p1">
        <dim>VUZEMI</dim>
        <dimText>V území</dimText>
        <ciselnik>100</ciselnik>
        <kod>3018</kod>
        <text>Hlavní město Praha</text>
      </element>
      <element ID="p2">
        <dim>VUZEMI</dim>
        <dimText>V území</dimText>
        <ciselnik>100</ciselnik>
        <kod>3026</kod>
        <text>Středočeský kraj</text>
      </element>
      <element ID="p3">
        <dim>VUZEMI</dim>
        <dimText>V území</dimText>
        <ciselnik>100</ciselnik>
        <kod>3034</kod>
        <text>Jihočeský kraj</text>
      </element>
      <element ID="p4">
        <dim>VUZEMI</dim>
        <dimText>V území</dimText>
        <ciselnik>100</ciselnik>
        <kod>3042</kod>
        <text>Plzeňský kraj</text>
      </element>
      <element ID="p5">
        <dim>VUZEMI</dim>
        <dimText>V území</dimText>
        <ciselnik>100</ciselnik>
        <kod>3051</kod>
        <text>Karlovarský kraj</text>
      </element>
      <element ID="p6">
        <dim>VUZEMI</dim>
        <dimText>V území</dimText>
        <ciselnik>100</ciselnik>
        <kod>3069</kod>
        <text>Ústecký kraj</text>
      </element>
      <element ID="p7">
        <dim>VUZEMI</dim>
        <dimText>V území</dimText>
        <ciselnik>100</ciselnik>
        <kod>3077</kod>
        <text>Liberecký kraj</text>
      </element>
      <element ID="p8">
        <dim>VUZEMI</dim>
        <dimText>V území</dimText>
        <ciselnik>100</ciselnik>
        <kod>3085</kod>
        <text>Královéhradecký kraj</text>
      </element>
      <element ID="p9">
        <dim>VUZEMI</dim>
        <dimText>V území</dimText>
        <ciselnik>100</ciselnik>
        <kod>3093</kod>
        <text>Pardubický kraj</text>
      </element>
      <element ID="p10">
        <dim>VUZEMI</dim>
        <dimText>V území</dimText>
        <ciselnik>100</ciselnik>
        <kod>3107</kod>
        <text>Kraj Vysočina</text>
      </element>
      <element ID="p11">
        <dim>VUZEMI</dim>
        <dimText>V území</dimText>
        <ciselnik>100</ciselnik>
        <kod>3115</kod>
        <text>Jihomoravský kraj</text>
      </element>
      <element ID="p12">
        <dim>VUZEMI</dim>
        <dimText>V území</dimText>
        <ciselnik>100</ciselnik>
        <kod>3123</kod>
        <text>Olomoucký kraj</text>
      </element>
      <element ID="p13">
        <dim>VUZEMI</dim>
        <dimText>V území</dimText>
        <ciselnik>100</ciselnik>
        <kod>3131</kod>
        <text>Zlínský kraj</text>
      </element>
      <element ID="p14">
        <dim>VUZEMI</dim>
        <dimText>V území</dimText>
        <ciselnik>100</ciselnik>
        <kod>3140</kod>
        <text>Moravskoslezský kraj</text>
      </element>
      <element ID="p15">
        <dim>VUZEMI</dim>
        <dimText>V území</dimText>
        <ciselnik>97</ciselnik>
        <kod>19</kod>
        <text>Česká republika</text>
      </element>
    </uzemi>
    <obdobi>
      <cas ID="c1">
        <casOd>2022-09-01</casOd>
        <casDo>2023-06-30</casDo>
      </cas>
    </obdobi>
    <zdrojovaUloha>
      <zdr ID="z1">
        <kod>ADMMSMTVZD</kod>
        <text>Adm. zdroj dat z MŠMT - Vzdělávání</text>
        <verze>1900100</verze>
        <verzeText>roční (leden - prosinec) zpracování - 1. verze</verzeText>
        <obdobiOd>2022-01-01</obdobiOd>
        <obdobiDo>2022-12-31</obdobiDo>
      </zdr>
    </zdrojovaUloha>
  </metaSlovnik>
  <data>
    <udaj ID="1109803866">
      <hod>4261</hod>
      <uka>u1</uka>
      <vec>v3</vec>
      <mj>m1</mj>
      <uze>p15</uze>
      <cas>c1</cas>
      <zdr>z1</zdr>
      <datOd>2023-08-31T09:00:00</datOd>
      <datDo>2060-08-31T09:00:00</datDo>
    </udaj>
    <udaj ID="1109803867">
      <hod>51190</hod>
      <uka>u2</uka>
      <vec>v3</vec>
      <mj>m1</mj>
      <uze>p15</uze>
      <cas>c1</cas>
      <zdr>z1</zdr>
      <datOd>2023-08-31T09:00:00</datOd>
      <datDo>2060-08-31T09:00:00</datDo>
    </udaj>
    <udaj ID="1109803868">
      <hod>29924</hod>
      <uka>u2</uka>
      <vec>v1</vec>
      <vec>v3</vec>
      <mj>m1</mj>
      <uze>p15</uze>
      <cas>c1</cas>
      <zdr>z1</zdr>
      <datOd>2023-08-31T09:00:00</datOd>
      <datDo>2060-08-31T09:00:00</datDo>
    </udaj>
    <udaj ID="1109803869">
      <hod>21266</hod>
      <uka>u2</uka>
      <vec>v2</vec>
      <vec>v3</vec>
      <mj>m1</mj>
      <uze>p15</uze>
      <cas>c1</cas>
      <zdr>z1</zdr>
      <datOd>2023-08-31T09:00:00</datOd>
      <datDo>2060-08-31T09:00:00</datDo>
    </udaj>
    <udaj ID="1139549413">
      <hod>1007778</hod>
      <uka>u3</uka>
      <vec>v3</vec>
      <mj>m2</mj>
      <uze>p15</uze>
      <cas>c1</cas>
      <zdr>z1</zdr>
      <datOd>2023-08-31T09:00:00</datOd>
      <datDo>2065-12-31T00:00:00</datDo>
    </udaj>
    <udaj ID="1109803871">
      <hod>490531</hod>
      <uka>u3</uka>
      <vec>v3</vec>
      <vec>v5</vec>
      <mj>m2</mj>
      <uze>p15</uze>
      <cas>c1</cas>
      <zdr>z1</zdr>
      <datOd>2023-08-31T09:00:00</datOd>
      <datDo>2060-08-31T09:00:00</datDo>
    </udaj>
    <udaj ID="1109803872">
      <hod>517247</hod>
      <uka>u3</uka>
      <vec>v3</vec>
      <vec>v4</vec>
      <mj>m2</mj>
      <uze>p15</uze>
      <cas>c1</cas>
      <zdr>z1</zdr>
      <datOd>2023-08-31T09:00:00</datOd>
      <datDo>2060-08-31T09:00:00</datDo>
    </udaj>
    <udaj ID="1109803873">
      <hod>569927</hod>
      <uka>u3</uka>
      <vec>v1</vec>
      <vec>v3</vec>
      <mj>m2</mj>
      <uze>p15</uze>
      <cas>c1</cas>
      <zdr>z1</zdr>
      <datOd>2023-08-31T09:00:00</datOd>
      <datDo>2060-08-31T09:00:00</datDo>
    </udaj>
    <udaj ID="1109803874">
      <hod>437851</hod>
      <uka>u3</uka>
      <vec>v2</vec>
      <vec>v3</vec>
      <mj>m2</mj>
      <uze>p15</uze>
      <cas>c1</cas>
      <zdr>z1</zdr>
      <datOd>2023-08-31T09:00:00</datOd>
      <datDo>2060-08-31T09:00:00</datDo>
    </udaj>
    <udaj ID="1109803875">
      <hod>291</hod>
      <uka>u1</uka>
      <vec>v3</vec>
      <mj>m1</mj>
      <uze>p1</uze>
      <cas>c1</cas>
      <zdr>z1</zdr>
      <datOd>2023-08-31T09:00:00</datOd>
      <datDo>2060-08-31T09:00:00</datDo>
    </udaj>
    <udaj ID="1109803876">
      <hod>5568</hod>
      <uka>u2</uka>
      <vec>v3</vec>
      <mj>m1</mj>
      <uze>p1</uze>
      <cas>c1</cas>
      <zdr>z1</zdr>
      <datOd>2023-08-31T09:00:00</datOd>
      <datDo>2060-08-31T09:00:00</datDo>
    </udaj>
    <udaj ID="1109803877">
      <hod>3253</hod>
      <uka>u2</uka>
      <vec>v1</vec>
      <vec>v3</vec>
      <mj>m1</mj>
      <uze>p1</uze>
      <cas>c1</cas>
      <zdr>z1</zdr>
      <datOd>2023-08-31T09:00:00</datOd>
      <datDo>2060-08-31T09:00:00</datDo>
    </udaj>
    <udaj ID="1109803934">
      <hod>2315</hod>
      <uka>u2</uka>
      <vec>v2</vec>
      <vec>v3</vec>
      <mj>m1</mj>
      <uze>p1</uze>
      <cas>c1</cas>
      <zdr>z1</zdr>
      <datOd>2023-08-31T09:00:00</datOd>
      <datDo>2060-08-31T09:00:00</datDo>
    </udaj>
    <udaj ID="1139549547">
      <hod>121401</hod>
      <uka>u3</uka>
      <vec>v3</vec>
      <mj>m2</mj>
      <uze>p1</uze>
      <cas>c1</cas>
      <zdr>z1</zdr>
      <datOd>2023-08-31T09:00:00</datOd>
      <datDo>2065-12-31T00:00:00</datDo>
    </udaj>
    <udaj ID="1109803936">
      <hod>59126</hod>
      <uka>u3</uka>
      <vec>v3</vec>
      <vec>v5</vec>
      <mj>m2</mj>
      <uze>p1</uze>
      <cas>c1</cas>
      <zdr>z1</zdr>
      <datOd>2023-08-31T09:00:00</datOd>
      <datDo>2060-08-31T09:00:00</datDo>
    </udaj>
    <udaj ID="1109803937">
      <hod>62275</hod>
      <uka>u3</uka>
      <vec>v3</vec>
      <vec>v4</vec>
      <mj>m2</mj>
      <uze>p1</uze>
      <cas>c1</cas>
      <zdr>z1</zdr>
      <datOd>2023-08-31T09:00:00</datOd>
      <datDo>2060-08-31T09:00:00</datDo>
    </udaj>
    <udaj ID="1109803938">
      <hod>70792</hod>
      <uka>u3</uka>
      <vec>v1</vec>
      <vec>v3</vec>
      <mj>m2</mj>
      <uze>p1</uze>
      <cas>c1</cas>
      <zdr>z1</zdr>
      <datOd>2023-08-31T09:00:00</datOd>
      <datDo>2060-08-31T09:00:00</datDo>
    </udaj>
    <udaj ID="1109803939">
      <hod>50609</hod>
      <uka>u3</uka>
      <vec>v2</vec>
      <vec>v3</vec>
      <mj>m2</mj>
      <uze>p1</uze>
      <cas>c1</cas>
      <zdr>z1</zdr>
      <datOd>2023-08-31T09:00:00</datOd>
      <datDo>2060-08-31T09:00:00</datDo>
    </udaj>
    <udaj ID="1109803940">
      <hod>579</hod>
      <uka>u1</uka>
      <vec>v3</vec>
      <mj>m1</mj>
      <uze>p2</uze>
      <cas>c1</cas>
      <zdr>z1</zdr>
      <datOd>2023-08-31T09:00:00</datOd>
      <datDo>2060-08-31T09:00:00</datDo>
    </udaj>
    <udaj ID="1109803941">
      <hod>7062</hod>
      <uka>u2</uka>
      <vec>v3</vec>
      <mj>m1</mj>
      <uze>p2</uze>
      <cas>c1</cas>
      <zdr>z1</zdr>
      <datOd>2023-08-31T09:00:00</datOd>
      <datDo>2060-08-31T09:00:00</datDo>
    </udaj>
    <udaj ID="1109803942">
      <hod>4209</hod>
      <uka>u2</uka>
      <vec>v1</vec>
      <vec>v3</vec>
      <mj>m1</mj>
      <uze>p2</uze>
      <cas>c1</cas>
      <zdr>z1</zdr>
      <datOd>2023-08-31T09:00:00</datOd>
      <datDo>2060-08-31T09:00:00</datDo>
    </udaj>
    <udaj ID="1109803943">
      <hod>2853</hod>
      <uka>u2</uka>
      <vec>v2</vec>
      <vec>v3</vec>
      <mj>m1</mj>
      <uze>p2</uze>
      <cas>c1</cas>
      <zdr>z1</zdr>
      <datOd>2023-08-31T09:00:00</datOd>
      <datDo>2060-08-31T09:00:00</datDo>
    </udaj>
    <udaj ID="1139549620">
      <hod>146883</hod>
      <uka>u3</uka>
      <vec>v3</vec>
      <mj>m2</mj>
      <uze>p2</uze>
      <cas>c1</cas>
      <zdr>z1</zdr>
      <datOd>2023-08-31T09:00:00</datOd>
      <datDo>2065-12-31T00:00:00</datDo>
    </udaj>
    <udaj ID="1109803945">
      <hod>71722</hod>
      <uka>u3</uka>
      <vec>v3</vec>
      <vec>v5</vec>
      <mj>m2</mj>
      <uze>p2</uze>
      <cas>c1</cas>
      <zdr>z1</zdr>
      <datOd>2023-08-31T09:00:00</datOd>
      <datDo>2060-08-31T09:00:00</datDo>
    </udaj>
    <udaj ID="1109803946">
      <hod>75161</hod>
      <uka>u3</uka>
      <vec>v3</vec>
      <vec>v4</vec>
      <mj>m2</mj>
      <uze>p2</uze>
      <cas>c1</cas>
      <zdr>z1</zdr>
      <datOd>2023-08-31T09:00:00</datOd>
      <datDo>2060-08-31T09:00:00</datDo>
    </udaj>
    <udaj ID="1109803947">
      <hod>84695</hod>
      <uka>u3</uka>
      <vec>v1</vec>
      <vec>v3</vec>
      <mj>m2</mj>
      <uze>p2</uze>
      <cas>c1</cas>
      <zdr>z1</zdr>
      <datOd>2023-08-31T09:00:00</datOd>
      <datDo>2060-08-31T09:00:00</datDo>
    </udaj>
    <udaj ID="1109803948">
      <hod>62188</hod>
      <uka>u3</uka>
      <vec>v2</vec>
      <vec>v3</vec>
      <mj>m2</mj>
      <uze>p2</uze>
      <cas>c1</cas>
      <zdr>z1</zdr>
      <datOd>2023-08-31T09:00:00</datOd>
      <datDo>2060-08-31T09:00:00</datDo>
    </udaj>
    <udaj ID="1109803949">
      <hod>271</hod>
      <uka>u1</uka>
      <vec>v3</vec>
      <mj>m1</mj>
      <uze>p3</uze>
      <cas>c1</cas>
      <zdr>z1</zdr>
      <datOd>2023-08-31T09:00:00</datOd>
      <datDo>2060-08-31T09:00:00</datDo>
    </udaj>
    <udaj ID="1109803950">
      <hod>3158</hod>
      <uka>u2</uka>
      <vec>v3</vec>
      <mj>m1</mj>
      <uze>p3</uze>
      <cas>c1</cas>
      <zdr>z1</zdr>
      <datOd>2023-08-31T09:00:00</datOd>
      <datDo>2060-08-31T09:00:00</datDo>
    </udaj>
    <udaj ID="1109803951">
      <hod>1827</hod>
      <uka>u2</uka>
      <vec>v1</vec>
      <vec>v3</vec>
      <mj>m1</mj>
      <uze>p3</uze>
      <cas>c1</cas>
      <zdr>z1</zdr>
      <datOd>2023-08-31T09:00:00</datOd>
      <datDo>2060-08-31T09:00:00</datDo>
    </udaj>
    <udaj ID="1109803952">
      <hod>1331</hod>
      <uka>u2</uka>
      <vec>v2</vec>
      <vec>v3</vec>
      <mj>m1</mj>
      <uze>p3</uze>
      <cas>c1</cas>
      <zdr>z1</zdr>
      <datOd>2023-08-31T09:00:00</datOd>
      <datDo>2060-08-31T09:00:00</datDo>
    </udaj>
    <udaj ID="1139549647">
      <hod>60610</hod>
      <uka>u3</uka>
      <vec>v3</vec>
      <mj>m2</mj>
      <uze>p3</uze>
      <cas>c1</cas>
      <zdr>z1</zdr>
      <datOd>2023-08-31T09:00:00</datOd>
      <datDo>2065-12-31T00:00:00</datDo>
    </udaj>
    <udaj ID="1109803954">
      <hod>29382</hod>
      <uka>u3</uka>
      <vec>v3</vec>
      <vec>v5</vec>
      <mj>m2</mj>
      <uze>p3</uze>
      <cas>c1</cas>
      <zdr>z1</zdr>
      <datOd>2023-08-31T09:00:00</datOd>
      <datDo>2060-08-31T09:00:00</datDo>
    </udaj>
    <udaj ID="1109803955">
      <hod>31228</hod>
      <uka>u3</uka>
      <vec>v3</vec>
      <vec>v4</vec>
      <mj>m2</mj>
      <uze>p3</uze>
      <cas>c1</cas>
      <zdr>z1</zdr>
      <datOd>2023-08-31T09:00:00</datOd>
      <datDo>2060-08-31T09:00:00</datDo>
    </udaj>
    <udaj ID="1109803956">
      <hod>34370</hod>
      <uka>u3</uka>
      <vec>v1</vec>
      <vec>v3</vec>
      <mj>m2</mj>
      <uze>p3</uze>
      <cas>c1</cas>
      <zdr>z1</zdr>
      <datOd>2023-08-31T09:00:00</datOd>
      <datDo>2060-08-31T09:00:00</datDo>
    </udaj>
    <udaj ID="1109803957">
      <hod>26240</hod>
      <uka>u3</uka>
      <vec>v2</vec>
      <vec>v3</vec>
      <mj>m2</mj>
      <uze>p3</uze>
      <cas>c1</cas>
      <zdr>z1</zdr>
      <datOd>2023-08-31T09:00:00</datOd>
      <datDo>2060-08-31T09:00:00</datDo>
    </udaj>
    <udaj ID="1109804013">
      <hod>226</hod>
      <uka>u1</uka>
      <vec>v3</vec>
      <mj>m1</mj>
      <uze>p4</uze>
      <cas>c1</cas>
      <zdr>z1</zdr>
      <datOd>2023-08-31T09:00:00</datOd>
      <datDo>2060-08-31T09:00:00</datDo>
    </udaj>
    <udaj ID="1109804014">
      <hod>2701</hod>
      <uka>u2</uka>
      <vec>v3</vec>
      <mj>m1</mj>
      <uze>p4</uze>
      <cas>c1</cas>
      <zdr>z1</zdr>
      <datOd>2023-08-31T09:00:00</datOd>
      <datDo>2060-08-31T09:00:00</datDo>
    </udaj>
    <udaj ID="1109804015">
      <hod>1562</hod>
      <uka>u2</uka>
      <vec>v1</vec>
      <vec>v3</vec>
      <mj>m1</mj>
      <uze>p4</uze>
      <cas>c1</cas>
      <zdr>z1</zdr>
      <datOd>2023-08-31T09:00:00</datOd>
      <datDo>2060-08-31T09:00:00</datDo>
    </udaj>
    <udaj ID="1109804016">
      <hod>1139</hod>
      <uka>u2</uka>
      <vec>v2</vec>
      <vec>v3</vec>
      <mj>m1</mj>
      <uze>p4</uze>
      <cas>c1</cas>
      <zdr>z1</zdr>
      <datOd>2023-08-31T09:00:00</datOd>
      <datDo>2060-08-31T09:00:00</datDo>
    </udaj>
    <udaj ID="1139549308">
      <hod>55392</hod>
      <uka>u3</uka>
      <vec>v3</vec>
      <mj>m2</mj>
      <uze>p4</uze>
      <cas>c1</cas>
      <zdr>z1</zdr>
      <datOd>2023-08-31T09:00:00</datOd>
      <datDo>2065-12-31T00:00:00</datDo>
    </udaj>
    <udaj ID="1109804018">
      <hod>27176</hod>
      <uka>u3</uka>
      <vec>v3</vec>
      <vec>v5</vec>
      <mj>m2</mj>
      <uze>p4</uze>
      <cas>c1</cas>
      <zdr>z1</zdr>
      <datOd>2023-08-31T09:00:00</datOd>
      <datDo>2060-08-31T09:00:00</datDo>
    </udaj>
    <udaj ID="1109804019">
      <hod>28216</hod>
      <uka>u3</uka>
      <vec>v3</vec>
      <vec>v4</vec>
      <mj>m2</mj>
      <uze>p4</uze>
      <cas>c1</cas>
      <zdr>z1</zdr>
      <datOd>2023-08-31T09:00:00</datOd>
      <datDo>2060-08-31T09:00:00</datDo>
    </udaj>
    <udaj ID="1109804020">
      <hod>30966</hod>
      <uka>u3</uka>
      <vec>v1</vec>
      <vec>v3</vec>
      <mj>m2</mj>
      <uze>p4</uze>
      <cas>c1</cas>
      <zdr>z1</zdr>
      <datOd>2023-08-31T09:00:00</datOd>
      <datDo>2060-08-31T09:00:00</datDo>
    </udaj>
    <udaj ID="1109804021">
      <hod>24426</hod>
      <uka>u3</uka>
      <vec>v2</vec>
      <vec>v3</vec>
      <mj>m2</mj>
      <uze>p4</uze>
      <cas>c1</cas>
      <zdr>z1</zdr>
      <datOd>2023-08-31T09:00:00</datOd>
      <datDo>2060-08-31T09:00:00</datDo>
    </udaj>
    <udaj ID="1109804022">
      <hod>108</hod>
      <uka>u1</uka>
      <vec>v3</vec>
      <mj>m1</mj>
      <uze>p5</uze>
      <cas>c1</cas>
      <zdr>z1</zdr>
      <datOd>2023-08-31T09:00:00</datOd>
      <datDo>2060-08-31T09:00:00</datDo>
    </udaj>
    <udaj ID="1109804023">
      <hod>1366</hod>
      <uka>u2</uka>
      <vec>v3</vec>
      <mj>m1</mj>
      <uze>p5</uze>
      <cas>c1</cas>
      <zdr>z1</zdr>
      <datOd>2023-08-31T09:00:00</datOd>
      <datDo>2060-08-31T09:00:00</datDo>
    </udaj>
    <udaj ID="1109804024">
      <hod>780</hod>
      <uka>u2</uka>
      <vec>v1</vec>
      <vec>v3</vec>
      <mj>m1</mj>
      <uze>p5</uze>
      <cas>c1</cas>
      <zdr>z1</zdr>
      <datOd>2023-08-31T09:00:00</datOd>
      <datDo>2060-08-31T09:00:00</datDo>
    </udaj>
    <udaj ID="1109804025">
      <hod>586</hod>
      <uka>u2</uka>
      <vec>v2</vec>
      <vec>v3</vec>
      <mj>m1</mj>
      <uze>p5</uze>
      <cas>c1</cas>
      <zdr>z1</zdr>
      <datOd>2023-08-31T09:00:00</datOd>
      <datDo>2060-08-31T09:00:00</datDo>
    </udaj>
    <udaj ID="1139549334">
      <hod>26090</hod>
      <uka>u3</uka>
      <vec>v3</vec>
      <mj>m2</mj>
      <uze>p5</uze>
      <cas>c1</cas>
      <zdr>z1</zdr>
      <datOd>2023-08-31T09:00:00</datOd>
      <datDo>2065-12-31T00:00:00</datDo>
    </udaj>
    <udaj ID="1109804027">
      <hod>12675</hod>
      <uka>u3</uka>
      <vec>v3</vec>
      <vec>v5</vec>
      <mj>m2</mj>
      <uze>p5</uze>
      <cas>c1</cas>
      <zdr>z1</zdr>
      <datOd>2023-08-31T09:00:00</datOd>
      <datDo>2060-08-31T09:00:00</datDo>
    </udaj>
    <udaj ID="1109804028">
      <hod>13415</hod>
      <uka>u3</uka>
      <vec>v3</vec>
      <vec>v4</vec>
      <mj>m2</mj>
      <uze>p5</uze>
      <cas>c1</cas>
      <zdr>z1</zdr>
      <datOd>2023-08-31T09:00:00</datOd>
      <datDo>2060-08-31T09:00:00</datDo>
    </udaj>
    <udaj ID="1109804029">
      <hod>14352</hod>
      <uka>u3</uka>
      <vec>v1</vec>
      <vec>v3</vec>
      <mj>m2</mj>
      <uze>p5</uze>
      <cas>c1</cas>
      <zdr>z1</zdr>
      <datOd>2023-08-31T09:00:00</datOd>
      <datDo>2060-08-31T09:00:00</datDo>
    </udaj>
    <udaj ID="1109804030">
      <hod>11738</hod>
      <uka>u3</uka>
      <vec>v2</vec>
      <vec>v3</vec>
      <mj>m2</mj>
      <uze>p5</uze>
      <cas>c1</cas>
      <zdr>z1</zdr>
      <datOd>2023-08-31T09:00:00</datOd>
      <datDo>2060-08-31T09:00:00</datDo>
    </udaj>
    <udaj ID="1109804031">
      <hod>284</hod>
      <uka>u1</uka>
      <vec>v3</vec>
      <mj>m1</mj>
      <uze>p6</uze>
      <cas>c1</cas>
      <zdr>z1</zdr>
      <datOd>2023-08-31T09:00:00</datOd>
      <datDo>2060-08-31T09:00:00</datDo>
    </udaj>
    <udaj ID="1109804032">
      <hod>3964</hod>
      <uka>u2</uka>
      <vec>v3</vec>
      <mj>m1</mj>
      <uze>p6</uze>
      <cas>c1</cas>
      <zdr>z1</zdr>
      <datOd>2023-08-31T09:00:00</datOd>
      <datDo>2060-08-31T09:00:00</datDo>
    </udaj>
    <udaj ID="1109804033">
      <hod>2224</hod>
      <uka>u2</uka>
      <vec>v1</vec>
      <vec>v3</vec>
      <mj>m1</mj>
      <uze>p6</uze>
      <cas>c1</cas>
      <zdr>z1</zdr>
      <datOd>2023-08-31T09:00:00</datOd>
      <datDo>2060-08-31T09:00:00</datDo>
    </udaj>
    <udaj ID="1109804034">
      <hod>1740</hod>
      <uka>u2</uka>
      <vec>v2</vec>
      <vec>v3</vec>
      <mj>m1</mj>
      <uze>p6</uze>
      <cas>c1</cas>
      <zdr>z1</zdr>
      <datOd>2023-08-31T09:00:00</datOd>
      <datDo>2060-08-31T09:00:00</datDo>
    </udaj>
    <udaj ID="1139549361">
      <hod>77219</hod>
      <uka>u3</uka>
      <vec>v3</vec>
      <mj>m2</mj>
      <uze>p6</uze>
      <cas>c1</cas>
      <zdr>z1</zdr>
      <datOd>2023-08-31T09:00:00</datOd>
      <datDo>2065-12-31T00:00:00</datDo>
    </udaj>
    <udaj ID="1109804036">
      <hod>37514</hod>
      <uka>u3</uka>
      <vec>v3</vec>
      <vec>v5</vec>
      <mj>m2</mj>
      <uze>p6</uze>
      <cas>c1</cas>
      <zdr>z1</zdr>
      <datOd>2023-08-31T09:00:00</datOd>
      <datDo>2060-08-31T09:00:00</datDo>
    </udaj>
    <udaj ID="1109804037">
      <hod>39705</hod>
      <uka>u3</uka>
      <vec>v3</vec>
      <vec>v4</vec>
      <mj>m2</mj>
      <uze>p6</uze>
      <cas>c1</cas>
      <zdr>z1</zdr>
      <datOd>2023-08-31T09:00:00</datOd>
      <datDo>2060-08-31T09:00:00</datDo>
    </udaj>
    <udaj ID="1109804094">
      <hod>42366</hod>
      <uka>u3</uka>
      <vec>v1</vec>
      <vec>v3</vec>
      <mj>m2</mj>
      <uze>p6</uze>
      <cas>c1</cas>
      <zdr>z1</zdr>
      <datOd>2023-08-31T09:00:00</datOd>
      <datDo>2060-08-31T09:00:00</datDo>
    </udaj>
    <udaj ID="1109804095">
      <hod>34853</hod>
      <uka>u3</uka>
      <vec>v2</vec>
      <vec>v3</vec>
      <mj>m2</mj>
      <uze>p6</uze>
      <cas>c1</cas>
      <zdr>z1</zdr>
      <datOd>2023-08-31T09:00:00</datOd>
      <datDo>2060-08-31T09:00:00</datDo>
    </udaj>
    <udaj ID="1109804096">
      <hod>202</hod>
      <uka>u1</uka>
      <vec>v3</vec>
      <mj>m1</mj>
      <uze>p7</uze>
      <cas>c1</cas>
      <zdr>z1</zdr>
      <datOd>2023-08-31T09:00:00</datOd>
      <datDo>2060-08-31T09:00:00</datDo>
    </udaj>
    <udaj ID="1109804097">
      <hod>2236</hod>
      <uka>u2</uka>
      <vec>v3</vec>
      <mj>m1</mj>
      <uze>p7</uze>
      <cas>c1</cas>
      <zdr>z1</zdr>
      <datOd>2023-08-31T09:00:00</datOd>
      <datDo>2060-08-31T09:00:00</datDo>
    </udaj>
    <udaj ID="1109804098">
      <hod>1286</hod>
      <uka>u2</uka>
      <vec>v1</vec>
      <vec>v3</vec>
      <mj>m1</mj>
      <uze>p7</uze>
      <cas>c1</cas>
      <zdr>z1</zdr>
      <datOd>2023-08-31T09:00:00</datOd>
      <datDo>2060-08-31T09:00:00</datDo>
    </udaj>
    <udaj ID="1109804099">
      <hod>950</hod>
      <uka>u2</uka>
      <vec>v2</vec>
      <vec>v3</vec>
      <mj>m1</mj>
      <uze>p7</uze>
      <cas>c1</cas>
      <zdr>z1</zdr>
      <datOd>2023-08-31T09:00:00</datOd>
      <datDo>2060-08-31T09:00:00</datDo>
    </udaj>
    <udaj ID="1139549387">
      <hod>43662</hod>
      <uka>u3</uka>
      <vec>v3</vec>
      <mj>m2</mj>
      <uze>p7</uze>
      <cas>c1</cas>
      <zdr>z1</zdr>
      <datOd>2023-08-31T09:00:00</datOd>
      <datDo>2065-12-31T00:00:00</datDo>
    </udaj>
    <udaj ID="1109804101">
      <hod>21208</hod>
      <uka>u3</uka>
      <vec>v3</vec>
      <vec>v5</vec>
      <mj>m2</mj>
      <uze>p7</uze>
      <cas>c1</cas>
      <zdr>z1</zdr>
      <datOd>2023-08-31T09:00:00</datOd>
      <datDo>2060-08-31T09:00:00</datDo>
    </udaj>
    <udaj ID="1109804102">
      <hod>22454</hod>
      <uka>u3</uka>
      <vec>v3</vec>
      <vec>v4</vec>
      <mj>m2</mj>
      <uze>p7</uze>
      <cas>c1</cas>
      <zdr>z1</zdr>
      <datOd>2023-08-31T09:00:00</datOd>
      <datDo>2060-08-31T09:00:00</datDo>
    </udaj>
    <udaj ID="1109804103">
      <hod>24002</hod>
      <uka>u3</uka>
      <vec>v1</vec>
      <vec>v3</vec>
      <mj>m2</mj>
      <uze>p7</uze>
      <cas>c1</cas>
      <zdr>z1</zdr>
      <datOd>2023-08-31T09:00:00</datOd>
      <datDo>2060-08-31T09:00:00</datDo>
    </udaj>
    <udaj ID="1109804104">
      <hod>19660</hod>
      <uka>u3</uka>
      <vec>v2</vec>
      <vec>v3</vec>
      <mj>m2</mj>
      <uze>p7</uze>
      <cas>c1</cas>
      <zdr>z1</zdr>
      <datOd>2023-08-31T09:00:00</datOd>
      <datDo>2060-08-31T09:00:00</datDo>
    </udaj>
    <udaj ID="1109804105">
      <hod>272</hod>
      <uka>u1</uka>
      <vec>v3</vec>
      <mj>m1</mj>
      <uze>p8</uze>
      <cas>c1</cas>
      <zdr>z1</zdr>
      <datOd>2023-08-31T09:00:00</datOd>
      <datDo>2060-08-31T09:00:00</datDo>
    </udaj>
    <udaj ID="1109804106">
      <hod>2734</hod>
      <uka>u2</uka>
      <vec>v3</vec>
      <mj>m1</mj>
      <uze>p8</uze>
      <cas>c1</cas>
      <zdr>z1</zdr>
      <datOd>2023-08-31T09:00:00</datOd>
      <datDo>2060-08-31T09:00:00</datDo>
    </udaj>
    <udaj ID="1109804107">
      <hod>1582</hod>
      <uka>u2</uka>
      <vec>v1</vec>
      <vec>v3</vec>
      <mj>m1</mj>
      <uze>p8</uze>
      <cas>c1</cas>
      <zdr>z1</zdr>
      <datOd>2023-08-31T09:00:00</datOd>
      <datDo>2060-08-31T09:00:00</datDo>
    </udaj>
    <udaj ID="1109804108">
      <hod>1152</hod>
      <uka>u2</uka>
      <vec>v2</vec>
      <vec>v3</vec>
      <mj>m1</mj>
      <uze>p8</uze>
      <cas>c1</cas>
      <zdr>z1</zdr>
      <datOd>2023-08-31T09:00:00</datOd>
      <datDo>2060-08-31T09:00:00</datDo>
    </udaj>
    <udaj ID="1139549415">
      <hod>51513</hod>
      <uka>u3</uka>
      <vec>v3</vec>
      <mj>m2</mj>
      <uze>p8</uze>
      <cas>c1</cas>
      <zdr>z1</zdr>
      <datOd>2023-08-31T09:00:00</datOd>
      <datDo>2065-12-31T00:00:00</datDo>
    </udaj>
    <udaj ID="1109804110">
      <hod>25011</hod>
      <uka>u3</uka>
      <vec>v3</vec>
      <vec>v5</vec>
      <mj>m2</mj>
      <uze>p8</uze>
      <cas>c1</cas>
      <zdr>z1</zdr>
      <datOd>2023-08-31T09:00:00</datOd>
      <datDo>2060-08-31T09:00:00</datDo>
    </udaj>
    <udaj ID="1109804111">
      <hod>26502</hod>
      <uka>u3</uka>
      <vec>v3</vec>
      <vec>v4</vec>
      <mj>m2</mj>
      <uze>p8</uze>
      <cas>c1</cas>
      <zdr>z1</zdr>
      <datOd>2023-08-31T09:00:00</datOd>
      <datDo>2060-08-31T09:00:00</datDo>
    </udaj>
    <udaj ID="1109804112">
      <hod>28711</hod>
      <uka>u3</uka>
      <vec>v1</vec>
      <vec>v3</vec>
      <mj>m2</mj>
      <uze>p8</uze>
      <cas>c1</cas>
      <zdr>z1</zdr>
      <datOd>2023-08-31T09:00:00</datOd>
      <datDo>2060-08-31T09:00:00</datDo>
    </udaj>
    <udaj ID="1109804113">
      <hod>22802</hod>
      <uka>u3</uka>
      <vec>v2</vec>
      <vec>v3</vec>
      <mj>m2</mj>
      <uze>p8</uze>
      <cas>c1</cas>
      <zdr>z1</zdr>
      <datOd>2023-08-31T09:00:00</datOd>
      <datDo>2060-08-31T09:00:00</datDo>
    </udaj>
    <udaj ID="1109804114">
      <hod>252</hod>
      <uka>u1</uka>
      <vec>v3</vec>
      <mj>m1</mj>
      <uze>p9</uze>
      <cas>c1</cas>
      <zdr>z1</zdr>
      <datOd>2023-08-31T09:00:00</datOd>
      <datDo>2060-08-31T09:00:00</datDo>
    </udaj>
    <udaj ID="1109804115">
      <hod>2546</hod>
      <uka>u2</uka>
      <vec>v3</vec>
      <mj>m1</mj>
      <uze>p9</uze>
      <cas>c1</cas>
      <zdr>z1</zdr>
      <datOd>2023-08-31T09:00:00</datOd>
      <datDo>2060-08-31T09:00:00</datDo>
    </udaj>
    <udaj ID="1109804116">
      <hod>1497</hod>
      <uka>u2</uka>
      <vec>v1</vec>
      <vec>v3</vec>
      <mj>m1</mj>
      <uze>p9</uze>
      <cas>c1</cas>
      <zdr>z1</zdr>
      <datOd>2023-08-31T09:00:00</datOd>
      <datDo>2060-08-31T09:00:00</datDo>
    </udaj>
    <udaj ID="1109804117">
      <hod>1049</hod>
      <uka>u2</uka>
      <vec>v2</vec>
      <vec>v3</vec>
      <mj>m1</mj>
      <uze>p9</uze>
      <cas>c1</cas>
      <zdr>z1</zdr>
      <datOd>2023-08-31T09:00:00</datOd>
      <datDo>2060-08-31T09:00:00</datDo>
    </udaj>
    <udaj ID="1139549441">
      <hod>49451</hod>
      <uka>u3</uka>
      <vec>v3</vec>
      <mj>m2</mj>
      <uze>p9</uze>
      <cas>c1</cas>
      <zdr>z1</zdr>
      <datOd>2023-08-31T09:00:00</datOd>
      <datDo>2065-12-31T00:00:00</datDo>
    </udaj>
    <udaj ID="1109804174">
      <hod>24117</hod>
      <uka>u3</uka>
      <vec>v3</vec>
      <vec>v5</vec>
      <mj>m2</mj>
      <uze>p9</uze>
      <cas>c1</cas>
      <zdr>z1</zdr>
      <datOd>2023-08-31T09:00:00</datOd>
      <datDo>2060-08-31T09:00:00</datDo>
    </udaj>
    <udaj ID="1109804175">
      <hod>25334</hod>
      <uka>u3</uka>
      <vec>v3</vec>
      <vec>v4</vec>
      <mj>m2</mj>
      <uze>p9</uze>
      <cas>c1</cas>
      <zdr>z1</zdr>
      <datOd>2023-08-31T09:00:00</datOd>
      <datDo>2060-08-31T09:00:00</datDo>
    </udaj>
    <udaj ID="1109804176">
      <hod>28019</hod>
      <uka>u3</uka>
      <vec>v1</vec>
      <vec>v3</vec>
      <mj>m2</mj>
      <uze>p9</uze>
      <cas>c1</cas>
      <zdr>z1</zdr>
      <datOd>2023-08-31T09:00:00</datOd>
      <datDo>2060-08-31T09:00:00</datDo>
    </udaj>
    <udaj ID="1109804177">
      <hod>21432</hod>
      <uka>u3</uka>
      <vec>v2</vec>
      <vec>v3</vec>
      <mj>m2</mj>
      <uze>p9</uze>
      <cas>c1</cas>
      <zdr>z1</zdr>
      <datOd>2023-08-31T09:00:00</datOd>
      <datDo>2060-08-31T09:00:00</datDo>
    </udaj>
    <udaj ID="1109804178">
      <hod>273</hod>
      <uka>u1</uka>
      <vec>v3</vec>
      <mj>m1</mj>
      <uze>p10</uze>
      <cas>c1</cas>
      <zdr>z1</zdr>
      <datOd>2023-08-31T09:00:00</datOd>
      <datDo>2060-08-31T09:00:00</datDo>
    </udaj>
    <udaj ID="1109804179">
      <hod>2468</hod>
      <uka>u2</uka>
      <vec>v3</vec>
      <mj>m1</mj>
      <uze>p10</uze>
      <cas>c1</cas>
      <zdr>z1</zdr>
      <datOd>2023-08-31T09:00:00</datOd>
      <datDo>2060-08-31T09:00:00</datDo>
    </udaj>
    <udaj ID="1109804180">
      <hod>1455</hod>
      <uka>u2</uka>
      <vec>v1</vec>
      <vec>v3</vec>
      <mj>m1</mj>
      <uze>p10</uze>
      <cas>c1</cas>
      <zdr>z1</zdr>
      <datOd>2023-08-31T09:00:00</datOd>
      <datDo>2060-08-31T09:00:00</datDo>
    </udaj>
    <udaj ID="1109804181">
      <hod>1013</hod>
      <uka>u2</uka>
      <vec>v2</vec>
      <vec>v3</vec>
      <mj>m1</mj>
      <uze>p10</uze>
      <cas>c1</cas>
      <zdr>z1</zdr>
      <datOd>2023-08-31T09:00:00</datOd>
      <datDo>2060-08-31T09:00:00</datDo>
    </udaj>
    <udaj ID="1139549467">
      <hod>47175</hod>
      <uka>u3</uka>
      <vec>v3</vec>
      <mj>m2</mj>
      <uze>p10</uze>
      <cas>c1</cas>
      <zdr>z1</zdr>
      <datOd>2023-08-31T09:00:00</datOd>
      <datDo>2065-12-31T00:00:00</datDo>
    </udaj>
    <udaj ID="1109804183">
      <hod>22919</hod>
      <uka>u3</uka>
      <vec>v3</vec>
      <vec>v5</vec>
      <mj>m2</mj>
      <uze>p10</uze>
      <cas>c1</cas>
      <zdr>z1</zdr>
      <datOd>2023-08-31T09:00:00</datOd>
      <datDo>2060-08-31T09:00:00</datDo>
    </udaj>
    <udaj ID="1109804184">
      <hod>24256</hod>
      <uka>u3</uka>
      <vec>v3</vec>
      <vec>v4</vec>
      <mj>m2</mj>
      <uze>p10</uze>
      <cas>c1</cas>
      <zdr>z1</zdr>
      <datOd>2023-08-31T09:00:00</datOd>
      <datDo>2060-08-31T09:00:00</datDo>
    </udaj>
    <udaj ID="1109804185">
      <hod>26718</hod>
      <uka>u3</uka>
      <vec>v1</vec>
      <vec>v3</vec>
      <mj>m2</mj>
      <uze>p10</uze>
      <cas>c1</cas>
      <zdr>z1</zdr>
      <datOd>2023-08-31T09:00:00</datOd>
      <datDo>2060-08-31T09:00:00</datDo>
    </udaj>
    <udaj ID="1109804186">
      <hod>20457</hod>
      <uka>u3</uka>
      <vec>v2</vec>
      <vec>v3</vec>
      <mj>m2</mj>
      <uze>p10</uze>
      <cas>c1</cas>
      <zdr>z1</zdr>
      <datOd>2023-08-31T09:00:00</datOd>
      <datDo>2060-08-31T09:00:00</datDo>
    </udaj>
    <udaj ID="1109804187">
      <hod>491</hod>
      <uka>u1</uka>
      <vec>v3</vec>
      <mj>m1</mj>
      <uze>p11</uze>
      <cas>c1</cas>
      <zdr>z1</zdr>
      <datOd>2023-08-31T09:00:00</datOd>
      <datDo>2060-08-31T09:00:00</datDo>
    </udaj>
    <udaj ID="1109804188">
      <hod>5776</hod>
      <uka>u2</uka>
      <vec>v3</vec>
      <mj>m1</mj>
      <uze>p11</uze>
      <cas>c1</cas>
      <zdr>z1</zdr>
      <datOd>2023-08-31T09:00:00</datOd>
      <datDo>2060-08-31T09:00:00</datDo>
    </udaj>
    <udaj ID="1109804189">
      <hod>3487</hod>
      <uka>u2</uka>
      <vec>v1</vec>
      <vec>v3</vec>
      <mj>m1</mj>
      <uze>p11</uze>
      <cas>c1</cas>
      <zdr>z1</zdr>
      <datOd>2023-08-31T09:00:00</datOd>
      <datDo>2060-08-31T09:00:00</datDo>
    </udaj>
    <udaj ID="1109804190">
      <hod>2289</hod>
      <uka>u2</uka>
      <vec>v2</vec>
      <vec>v3</vec>
      <mj>m1</mj>
      <uze>p11</uze>
      <cas>c1</cas>
      <zdr>z1</zdr>
      <datOd>2023-08-31T09:00:00</datOd>
      <datDo>2060-08-31T09:00:00</datDo>
    </udaj>
    <udaj ID="1139549494">
      <hod>112842</hod>
      <uka>u3</uka>
      <vec>v3</vec>
      <mj>m2</mj>
      <uze>p11</uze>
      <cas>c1</cas>
      <zdr>z1</zdr>
      <datOd>2023-08-31T09:00:00</datOd>
      <datDo>2065-12-31T00:00:00</datDo>
    </udaj>
    <udaj ID="1109804192">
      <hod>55106</hod>
      <uka>u3</uka>
      <vec>v3</vec>
      <vec>v5</vec>
      <mj>m2</mj>
      <uze>p11</uze>
      <cas>c1</cas>
      <zdr>z1</zdr>
      <datOd>2023-08-31T09:00:00</datOd>
      <datDo>2060-08-31T09:00:00</datDo>
    </udaj>
    <udaj ID="1109804193">
      <hod>57736</hod>
      <uka>u3</uka>
      <vec>v3</vec>
      <vec>v4</vec>
      <mj>m2</mj>
      <uze>p11</uze>
      <cas>c1</cas>
      <zdr>z1</zdr>
      <datOd>2023-08-31T09:00:00</datOd>
      <datDo>2060-08-31T09:00:00</datDo>
    </udaj>
    <udaj ID="1109804194">
      <hod>64879</hod>
      <uka>u3</uka>
      <vec>v1</vec>
      <vec>v3</vec>
      <mj>m2</mj>
      <uze>p11</uze>
      <cas>c1</cas>
      <zdr>z1</zdr>
      <datOd>2023-08-31T09:00:00</datOd>
      <datDo>2060-08-31T09:00:00</datDo>
    </udaj>
    <udaj ID="1109804195">
      <hod>47963</hod>
      <uka>u3</uka>
      <vec>v2</vec>
      <vec>v3</vec>
      <mj>m2</mj>
      <uze>p11</uze>
      <cas>c1</cas>
      <zdr>z1</zdr>
      <datOd>2023-08-31T09:00:00</datOd>
      <datDo>2060-08-31T09:00:00</datDo>
    </udaj>
    <udaj ID="1109804196">
      <hod>300</hod>
      <uka>u1</uka>
      <vec>v3</vec>
      <mj>m1</mj>
      <uze>p12</uze>
      <cas>c1</cas>
      <zdr>z1</zdr>
      <datOd>2023-08-31T09:00:00</datOd>
      <datDo>2060-08-31T09:00:00</datDo>
    </udaj>
    <udaj ID="1109804253">
      <hod>3097</hod>
      <uka>u2</uka>
      <vec>v3</vec>
      <mj>m1</mj>
      <uze>p12</uze>
      <cas>c1</cas>
      <zdr>z1</zdr>
      <datOd>2023-08-31T09:00:00</datOd>
      <datDo>2060-08-31T09:00:00</datDo>
    </udaj>
    <udaj ID="1109804254">
      <hod>1819</hod>
      <uka>u2</uka>
      <vec>v1</vec>
      <vec>v3</vec>
      <mj>m1</mj>
      <uze>p12</uze>
      <cas>c1</cas>
      <zdr>z1</zdr>
      <datOd>2023-08-31T09:00:00</datOd>
      <datDo>2060-08-31T09:00:00</datDo>
    </udaj>
    <udaj ID="1109804255">
      <hod>1278</hod>
      <uka>u2</uka>
      <vec>v2</vec>
      <vec>v3</vec>
      <mj>m1</mj>
      <uze>p12</uze>
      <cas>c1</cas>
      <zdr>z1</zdr>
      <datOd>2023-08-31T09:00:00</datOd>
      <datDo>2060-08-31T09:00:00</datDo>
    </udaj>
    <udaj ID="1139549520">
      <hod>57178</hod>
      <uka>u3</uka>
      <vec>v3</vec>
      <mj>m2</mj>
      <uze>p12</uze>
      <cas>c1</cas>
      <zdr>z1</zdr>
      <datOd>2023-08-31T09:00:00</datOd>
      <datDo>2065-12-31T00:00:00</datDo>
    </udaj>
    <udaj ID="1109804257">
      <hod>27807</hod>
      <uka>u3</uka>
      <vec>v3</vec>
      <vec>v5</vec>
      <mj>m2</mj>
      <uze>p12</uze>
      <cas>c1</cas>
      <zdr>z1</zdr>
      <datOd>2023-08-31T09:00:00</datOd>
      <datDo>2060-08-31T09:00:00</datDo>
    </udaj>
    <udaj ID="1109804258">
      <hod>29371</hod>
      <uka>u3</uka>
      <vec>v3</vec>
      <vec>v4</vec>
      <mj>m2</mj>
      <uze>p12</uze>
      <cas>c1</cas>
      <zdr>z1</zdr>
      <datOd>2023-08-31T09:00:00</datOd>
      <datDo>2060-08-31T09:00:00</datDo>
    </udaj>
    <udaj ID="1109804259">
      <hod>32068</hod>
      <uka>u3</uka>
      <vec>v1</vec>
      <vec>v3</vec>
      <mj>m2</mj>
      <uze>p12</uze>
      <cas>c1</cas>
      <zdr>z1</zdr>
      <datOd>2023-08-31T09:00:00</datOd>
      <datDo>2060-08-31T09:00:00</datDo>
    </udaj>
    <udaj ID="1109804260">
      <hod>25110</hod>
      <uka>u3</uka>
      <vec>v2</vec>
      <vec>v3</vec>
      <mj>m2</mj>
      <uze>p12</uze>
      <cas>c1</cas>
      <zdr>z1</zdr>
      <datOd>2023-08-31T09:00:00</datOd>
      <datDo>2060-08-31T09:00:00</datDo>
    </udaj>
    <udaj ID="1109804261">
      <hod>264</hod>
      <uka>u1</uka>
      <vec>v3</vec>
      <mj>m1</mj>
      <uze>p13</uze>
      <cas>c1</cas>
      <zdr>z1</zdr>
      <datOd>2023-08-31T09:00:00</datOd>
      <datDo>2060-08-31T09:00:00</datDo>
    </udaj>
    <udaj ID="1109804262">
      <hod>2858</hod>
      <uka>u2</uka>
      <vec>v3</vec>
      <mj>m1</mj>
      <uze>p13</uze>
      <cas>c1</cas>
      <zdr>z1</zdr>
      <datOd>2023-08-31T09:00:00</datOd>
      <datDo>2060-08-31T09:00:00</datDo>
    </udaj>
    <udaj ID="1109804263">
      <hod>1673</hod>
      <uka>u2</uka>
      <vec>v1</vec>
      <vec>v3</vec>
      <mj>m1</mj>
      <uze>p13</uze>
      <cas>c1</cas>
      <zdr>z1</zdr>
      <datOd>2023-08-31T09:00:00</datOd>
      <datDo>2060-08-31T09:00:00</datDo>
    </udaj>
    <udaj ID="1109804264">
      <hod>1185</hod>
      <uka>u2</uka>
      <vec>v2</vec>
      <vec>v3</vec>
      <mj>m1</mj>
      <uze>p13</uze>
      <cas>c1</cas>
      <zdr>z1</zdr>
      <datOd>2023-08-31T09:00:00</datOd>
      <datDo>2060-08-31T09:00:00</datDo>
    </udaj>
    <udaj ID="1139549548">
      <hod>52305</hod>
      <uka>u3</uka>
      <vec>v3</vec>
      <mj>m2</mj>
      <uze>p13</uze>
      <cas>c1</cas>
      <zdr>z1</zdr>
      <datOd>2023-08-31T09:00:00</datOd>
      <datDo>2065-12-31T00:00:00</datDo>
    </udaj>
    <udaj ID="1109804266">
      <hod>25289</hod>
      <uka>u3</uka>
      <vec>v3</vec>
      <vec>v5</vec>
      <mj>m2</mj>
      <uze>p13</uze>
      <cas>c1</cas>
      <zdr>z1</zdr>
      <datOd>2023-08-31T09:00:00</datOd>
      <datDo>2060-08-31T09:00:00</datDo>
    </udaj>
    <udaj ID="1109804267">
      <hod>27016</hod>
      <uka>u3</uka>
      <vec>v3</vec>
      <vec>v4</vec>
      <mj>m2</mj>
      <uze>p13</uze>
      <cas>c1</cas>
      <zdr>z1</zdr>
      <datOd>2023-08-31T09:00:00</datOd>
      <datDo>2060-08-31T09:00:00</datDo>
    </udaj>
    <udaj ID="1109804268">
      <hod>28958</hod>
      <uka>u3</uka>
      <vec>v1</vec>
      <vec>v3</vec>
      <mj>m2</mj>
      <uze>p13</uze>
      <cas>c1</cas>
      <zdr>z1</zdr>
      <datOd>2023-08-31T09:00:00</datOd>
      <datDo>2060-08-31T09:00:00</datDo>
    </udaj>
    <udaj ID="1109804269">
      <hod>23347</hod>
      <uka>u3</uka>
      <vec>v2</vec>
      <vec>v3</vec>
      <mj>m2</mj>
      <uze>p13</uze>
      <cas>c1</cas>
      <zdr>z1</zdr>
      <datOd>2023-08-31T09:00:00</datOd>
      <datDo>2060-08-31T09:00:00</datDo>
    </udaj>
    <udaj ID="1109804270">
      <hod>448</hod>
      <uka>u1</uka>
      <vec>v3</vec>
      <mj>m1</mj>
      <uze>p14</uze>
      <cas>c1</cas>
      <zdr>z1</zdr>
      <datOd>2023-08-31T09:00:00</datOd>
      <datDo>2060-08-31T09:00:00</datDo>
    </udaj>
    <udaj ID="1109804271">
      <hod>5656</hod>
      <uka>u2</uka>
      <vec>v3</vec>
      <mj>m1</mj>
      <uze>p14</uze>
      <cas>c1</cas>
      <zdr>z1</zdr>
      <datOd>2023-08-31T09:00:00</datOd>
      <datDo>2060-08-31T09:00:00</datDo>
    </udaj>
    <udaj ID="1109804272">
      <hod>3270</hod>
      <uka>u2</uka>
      <vec>v1</vec>
      <vec>v3</vec>
      <mj>m1</mj>
      <uze>p14</uze>
      <cas>c1</cas>
      <zdr>z1</zdr>
      <datOd>2023-08-31T09:00:00</datOd>
      <datDo>2060-08-31T09:00:00</datDo>
    </udaj>
    <udaj ID="1109804273">
      <hod>2386</hod>
      <uka>u2</uka>
      <vec>v2</vec>
      <vec>v3</vec>
      <mj>m1</mj>
      <uze>p14</uze>
      <cas>c1</cas>
      <zdr>z1</zdr>
      <datOd>2023-08-31T09:00:00</datOd>
      <datDo>2060-08-31T09:00:00</datDo>
    </udaj>
    <udaj ID="1139549574">
      <hod>106057</hod>
      <uka>u3</uka>
      <vec>v3</vec>
      <mj>m2</mj>
      <uze>p14</uze>
      <cas>c1</cas>
      <zdr>z1</zdr>
      <datOd>2023-08-31T09:00:00</datOd>
      <datDo>2065-12-31T00:00:00</datDo>
    </udaj>
    <udaj ID="1109804275">
      <hod>51479</hod>
      <uka>u3</uka>
      <vec>v3</vec>
      <vec>v5</vec>
      <mj>m2</mj>
      <uze>p14</uze>
      <cas>c1</cas>
      <zdr>z1</zdr>
      <datOd>2023-08-31T09:00:00</datOd>
      <datDo>2060-08-31T09:00:00</datDo>
    </udaj>
    <udaj ID="1109804276">
      <hod>54578</hod>
      <uka>u3</uka>
      <vec>v3</vec>
      <vec>v4</vec>
      <mj>m2</mj>
      <uze>p14</uze>
      <cas>c1</cas>
      <zdr>z1</zdr>
      <datOd>2023-08-31T09:00:00</datOd>
      <datDo>2060-08-31T09:00:00</datDo>
    </udaj>
    <udaj ID="1109803109">
      <hod>59031</hod>
      <uka>u3</uka>
      <vec>v1</vec>
      <vec>v3</vec>
      <mj>m2</mj>
      <uze>p14</uze>
      <cas>c1</cas>
      <zdr>z1</zdr>
      <datOd>2023-08-31T09:00:00</datOd>
      <datDo>2060-08-31T09:00:00</datDo>
    </udaj>
    <udaj ID="1109803110">
      <hod>47026</hod>
      <uka>u3</uka>
      <vec>v2</vec>
      <vec>v3</vec>
      <mj>m2</mj>
      <uze>p14</uze>
      <cas>c1</cas>
      <zdr>z1</zdr>
      <datOd>2023-08-31T09:00:00</datOd>
      <datDo>2060-08-31T09:00:00</datDo>
    </udaj>
  </data>
</vdbData>
