<?xml version="1.0" encoding="UTF-8" standalone="yes"?>
<vdbData xmlns="http://vdb.czso.cz/xml/export" xmlns:xsi="http://www.w3.org/2001/XMLSchema-instance" VERZE="1.1" JAZYK="cs" xsi:schemaLocation="http://vdb.czso.cz/xml/VdbData.xsd">
  <pruvodka>
    <copyright ROK="2023">© Český statistický úřad</copyright>
    <disclaimer>Poskytovatel neodpovídá za případné škody vzniklé v souvislosti s poskytnutými statistickými informacemi.</disclaimer>
    <ident>VZD13e</ident>
    <nazev>Děti, žáci, studenti podle státního občanství</nazev>
    <nastaveniExportu>
      <parametry>ZVOLENE</parametry>
      <rozsah>T</rozsah>
      <definice>N</definice>
      <atributy>N</atributy>
      <typDat>N</typDat>
      <casAktDB>N</casAktDB>
    </nastaveniExportu>
    <zdrojoveURI>https://vdb.czso.cz/vdbvo2/faces/cs/index.jsf?page=vystup-objekt&amp;z=T&amp;f=TABULKA&amp;pvo=VZD13e&amp;skupId=1127&amp;katalog=30848&amp;&amp;str=v54&amp;kodjaz=203</zdrojoveURI>
    <generator>VdbExporty: 1.1.11</generator>
    <casExportu>2023-10-21T00:54:19</casExportu>
    <pocetUdaju>102</pocetUdaju>
  </pruvodka>
  <metaSlovnik>
    <ukazatel>
      <uka ID="u1">
        <kod>6058</kod>
        <text>Počet studentů</text>
      </uka>
    </ukazatel>
    <vecneUpresneni>
      <element ID="v1">
        <dim>DRUHSKOLZAR</dim>
        <dimText>Druh školy a školského zařízení</dimText>
        <ciselnik>340</ciselnik>
        <kod>8</kod>
        <text>Vysoká škola</text>
      </element>
      <element ID="v2">
        <dim>STOBCAN</dim>
        <dimText>Státní občanství</dimText>
        <ciselnik>3344</ciselnik>
        <kod>1</kod>
        <text>Mimo ČR - cizí státní občanství (metodika Eurostatu)</text>
      </element>
      <element ID="v3">
        <dim>STOBCAN</dim>
        <dimText>Státní občanství</dimText>
        <ciselnik>3344</ciselnik>
        <kod>2</kod>
        <text>Země EU mimo Českou republiku (metodika Eurostatu)</text>
      </element>
      <element ID="v4">
        <dim>STOBCAN</dim>
        <dimText>Státní občanství</dimText>
        <ciselnik>3344</ciselnik>
        <kod>3</kod>
        <text>Ostatní evropské země mimo EU (metodika Eurostatu)</text>
      </element>
      <element ID="v5">
        <dim>STOBCAN</dim>
        <dimText>Státní občanství</dimText>
        <ciselnik>3344</ciselnik>
        <kod>4</kod>
        <text>Země mimo Evropu (metodika Eurostatu)</text>
      </element>
      <element ID="v6">
        <dim>STOBCAN</dim>
        <dimText>Státní občanství</dimText>
        <ciselnik>5837</ciselnik>
        <kod>203000</kod>
        <text>Česká republika</text>
      </element>
      <element ID="v7">
        <dim>ZRIZSKOLZAR</dim>
        <dimText>Typ zřizovatele školského zařízení</dimText>
        <ciselnik>638</ciselnik>
        <kod>1</kod>
        <text>Veřejný a soukromý zřizovatel</text>
      </element>
    </vecneUpresneni>
    <mericiJednotka>
      <element ID="m1">
        <dim>MJ_SKUTEC</dim>
        <dimText>Skutečná měřicí jednotka</dimText>
        <ciselnik>78</ciselnik>
        <kod>80400</kod>
        <text>osoba</text>
      </element>
    </mericiJednotka>
    <uzemi>
      <element ID="p1">
        <dim>VUZEMI</dim>
        <dimText>V území</dimText>
        <ciselnik>97</ciselnik>
        <kod>19</kod>
        <text>Česká republika</text>
      </element>
    </uzemi>
    <obdobi>
      <cas ID="c1">
        <casOd>2006-09-01</casOd>
        <casDo>2007-06-30</casDo>
      </cas>
      <cas ID="c2">
        <casOd>2007-09-01</casOd>
        <casDo>2008-06-30</casDo>
      </cas>
      <cas ID="c3">
        <casOd>2008-09-01</casOd>
        <casDo>2009-06-30</casDo>
      </cas>
      <cas ID="c4">
        <casOd>2009-09-01</casOd>
        <casDo>2010-06-30</casDo>
      </cas>
      <cas ID="c5">
        <casOd>2010-09-01</casOd>
        <casDo>2011-06-30</casDo>
      </cas>
      <cas ID="c6">
        <casOd>2011-09-01</casOd>
        <casDo>2012-06-30</casDo>
      </cas>
      <cas ID="c7">
        <casOd>2012-09-01</casOd>
        <casDo>2013-06-30</casDo>
      </cas>
      <cas ID="c8">
        <casOd>2013-09-01</casOd>
        <casDo>2014-06-30</casDo>
      </cas>
      <cas ID="c9">
        <casOd>2014-09-01</casOd>
        <casDo>2015-06-30</casDo>
      </cas>
      <cas ID="c10">
        <casOd>2015-09-01</casOd>
        <casDo>2016-06-30</casDo>
      </cas>
      <cas ID="c11">
        <casOd>2016-09-01</casOd>
        <casDo>2017-06-30</casDo>
      </cas>
      <cas ID="c12">
        <casOd>2017-09-01</casOd>
        <casDo>2018-06-30</casDo>
      </cas>
      <cas ID="c13">
        <casOd>2018-09-01</casOd>
        <casDo>2019-06-30</casDo>
      </cas>
      <cas ID="c14">
        <casOd>2019-09-01</casOd>
        <casDo>2020-06-30</casDo>
      </cas>
      <cas ID="c15">
        <casOd>2020-09-01</casOd>
        <casDo>2021-06-30</casDo>
      </cas>
      <cas ID="c16">
        <casOd>2021-09-01</casOd>
        <casDo>2022-06-30</casDo>
      </cas>
      <cas ID="c17">
        <casOd>2022-09-01</casOd>
        <casDo>2023-06-30</casDo>
      </cas>
    </obdobi>
    <zdrojovaUloha>
      <zdr ID="z1">
        <kod>ADMMSMTVZD</kod>
        <text>Adm. zdroj dat z MŠMT - Vzdělávání</text>
        <verze>1900100</verze>
        <verzeText>roční (leden - prosinec) zpracování - 1. verze</verzeText>
        <obdobiOd>2022-01-01</obdobiOd>
        <obdobiDo>2022-12-31</obdobiDo>
      </zdr>
      <zdr ID="z2">
        <kod>ADMMSMTVZD</kod>
        <text>Adm. zdroj dat z MŠMT - Vzdělávání</text>
        <verze>1900100</verze>
        <verzeText>roční (leden - prosinec) zpracování - 1. verze</verzeText>
        <obdobiOd>2021-01-01</obdobiOd>
        <obdobiDo>2021-12-31</obdobiDo>
      </zdr>
    </zdrojovaUloha>
  </metaSlovnik>
  <data>
    <udaj ID="1109803632">
      <hod>316177</hod>
      <uka>u1</uka>
      <vec>v1</vec>
      <vec>v7</vec>
      <mj>m1</mj>
      <uze>p1</uze>
      <cas>c1</cas>
      <zdr>z1</zdr>
      <datOd>2023-08-31T09:00:00</datOd>
      <datDo>2060-08-31T09:00:00</datDo>
    </udaj>
    <udaj ID="1109803647">
      <hod>343943</hod>
      <uka>u1</uka>
      <vec>v1</vec>
      <vec>v7</vec>
      <mj>m1</mj>
      <uze>p1</uze>
      <cas>c2</cas>
      <zdr>z1</zdr>
      <datOd>2023-08-31T09:00:00</datOd>
      <datDo>2060-08-31T09:00:00</datDo>
    </udaj>
    <udaj ID="1109803725">
      <hod>368050</hod>
      <uka>u1</uka>
      <vec>v1</vec>
      <vec>v7</vec>
      <mj>m1</mj>
      <uze>p1</uze>
      <cas>c3</cas>
      <zdr>z1</zdr>
      <datOd>2023-08-31T09:00:00</datOd>
      <datDo>2060-08-31T09:00:00</datDo>
    </udaj>
    <udaj ID="1109803803">
      <hod>388992</hod>
      <uka>u1</uka>
      <vec>v1</vec>
      <vec>v7</vec>
      <mj>m1</mj>
      <uze>p1</uze>
      <cas>c4</cas>
      <zdr>z1</zdr>
      <datOd>2023-08-31T09:00:00</datOd>
      <datDo>2060-08-31T09:00:00</datDo>
    </udaj>
    <udaj ID="1109803882">
      <hod>395984</hod>
      <uka>u1</uka>
      <vec>v1</vec>
      <vec>v7</vec>
      <mj>m1</mj>
      <uze>p1</uze>
      <cas>c5</cas>
      <zdr>z1</zdr>
      <datOd>2023-08-31T09:00:00</datOd>
      <datDo>2060-08-31T09:00:00</datDo>
    </udaj>
    <udaj ID="1109803958">
      <hod>392039</hod>
      <uka>u1</uka>
      <vec>v1</vec>
      <vec>v7</vec>
      <mj>m1</mj>
      <uze>p1</uze>
      <cas>c6</cas>
      <zdr>z1</zdr>
      <datOd>2023-08-31T09:00:00</datOd>
      <datDo>2060-08-31T09:00:00</datDo>
    </udaj>
    <udaj ID="1109803973">
      <hod>380891</hod>
      <uka>u1</uka>
      <vec>v1</vec>
      <vec>v7</vec>
      <mj>m1</mj>
      <uze>p1</uze>
      <cas>c7</cas>
      <zdr>z1</zdr>
      <datOd>2023-08-31T09:00:00</datOd>
      <datDo>2060-08-31T09:00:00</datDo>
    </udaj>
    <udaj ID="1109804050">
      <hod>367768</hod>
      <uka>u1</uka>
      <vec>v1</vec>
      <vec>v7</vec>
      <mj>m1</mj>
      <uze>p1</uze>
      <cas>c8</cas>
      <zdr>z1</zdr>
      <datOd>2023-08-31T09:00:00</datOd>
      <datDo>2060-08-31T09:00:00</datDo>
    </udaj>
    <udaj ID="1109804126">
      <hod>346799</hod>
      <uka>u1</uka>
      <vec>v1</vec>
      <vec>v7</vec>
      <mj>m1</mj>
      <uze>p1</uze>
      <cas>c9</cas>
      <zdr>z1</zdr>
      <datOd>2023-08-31T09:00:00</datOd>
      <datDo>2060-08-31T09:00:00</datDo>
    </udaj>
    <udaj ID="1109804202">
      <hod>326423</hod>
      <uka>u1</uka>
      <vec>v1</vec>
      <vec>v7</vec>
      <mj>m1</mj>
      <uze>p1</uze>
      <cas>c10</cas>
      <zdr>z1</zdr>
      <datOd>2023-08-31T09:00:00</datOd>
      <datDo>2060-08-31T09:00:00</datDo>
    </udaj>
    <udaj ID="1109804278">
      <hod>311045</hod>
      <uka>u1</uka>
      <vec>v1</vec>
      <vec>v7</vec>
      <mj>m1</mj>
      <uze>p1</uze>
      <cas>c11</cas>
      <zdr>z1</zdr>
      <datOd>2023-08-31T09:00:00</datOd>
      <datDo>2060-08-31T09:00:00</datDo>
    </udaj>
    <udaj ID="1109804293">
      <hod>298663</hod>
      <uka>u1</uka>
      <vec>v1</vec>
      <vec>v7</vec>
      <mj>m1</mj>
      <uze>p1</uze>
      <cas>c12</cas>
      <zdr>z1</zdr>
      <datOd>2023-08-31T09:00:00</datOd>
      <datDo>2060-08-31T09:00:00</datDo>
    </udaj>
    <udaj ID="1109803144">
      <hod>289649</hod>
      <uka>u1</uka>
      <vec>v1</vec>
      <vec>v7</vec>
      <mj>m1</mj>
      <uze>p1</uze>
      <cas>c13</cas>
      <zdr>z1</zdr>
      <datOd>2023-08-31T09:00:00</datOd>
      <datDo>2060-08-31T09:00:00</datDo>
    </udaj>
    <udaj ID="1109803216">
      <hod>288577</hod>
      <uka>u1</uka>
      <vec>v1</vec>
      <vec>v7</vec>
      <mj>m1</mj>
      <uze>p1</uze>
      <cas>c14</cas>
      <zdr>z1</zdr>
      <datOd>2023-08-31T09:00:00</datOd>
      <datDo>2060-08-31T09:00:00</datDo>
    </udaj>
    <udaj ID="1109803285">
      <hod>298986</hod>
      <uka>u1</uka>
      <vec>v1</vec>
      <vec>v7</vec>
      <mj>m1</mj>
      <uze>p1</uze>
      <cas>c15</cas>
      <zdr>z1</zdr>
      <datOd>2023-08-31T09:00:00</datOd>
      <datDo>2060-08-31T09:00:00</datDo>
    </udaj>
    <udaj ID="1109803356">
      <hod>303633</hod>
      <uka>u1</uka>
      <vec>v1</vec>
      <vec>v7</vec>
      <mj>m1</mj>
      <uze>p1</uze>
      <cas>c16</cas>
      <zdr>z1</zdr>
      <datOd>2023-08-31T09:00:00</datOd>
      <datDo>2060-08-31T09:00:00</datDo>
    </udaj>
    <udaj ID="1139549613">
      <hod>304518</hod>
      <uka>u1</uka>
      <vec>v1</vec>
      <vec>v7</vec>
      <mj>m1</mj>
      <uze>p1</uze>
      <cas>c17</cas>
      <zdr>z1</zdr>
      <datOd>2023-08-31T09:00:00</datOd>
      <datDo>2065-12-31T00:00:00</datDo>
    </udaj>
    <udaj ID="1061729085">
      <hod>292333</hod>
      <uka>u1</uka>
      <vec>v1</vec>
      <vec>v6</vec>
      <vec>v7</vec>
      <mj>m1</mj>
      <uze>p1</uze>
      <cas>c1</cas>
      <zdr>z2</zdr>
      <datOd>2022-12-07T00:00:00</datOd>
      <datDo>2065-12-31T00:00:00</datDo>
    </udaj>
    <udaj ID="1061729086">
      <hod>316923</hod>
      <uka>u1</uka>
      <vec>v1</vec>
      <vec>v6</vec>
      <vec>v7</vec>
      <mj>m1</mj>
      <uze>p1</uze>
      <cas>c2</cas>
      <zdr>z2</zdr>
      <datOd>2022-12-07T00:00:00</datOd>
      <datDo>2065-12-31T00:00:00</datDo>
    </udaj>
    <udaj ID="1061729087">
      <hod>337955</hod>
      <uka>u1</uka>
      <vec>v1</vec>
      <vec>v6</vec>
      <vec>v7</vec>
      <mj>m1</mj>
      <uze>p1</uze>
      <cas>c3</cas>
      <zdr>z2</zdr>
      <datOd>2022-12-07T00:00:00</datOd>
      <datDo>2065-12-31T00:00:00</datDo>
    </udaj>
    <udaj ID="1061729153">
      <hod>354599</hod>
      <uka>u1</uka>
      <vec>v1</vec>
      <vec>v6</vec>
      <vec>v7</vec>
      <mj>m1</mj>
      <uze>p1</uze>
      <cas>c4</cas>
      <zdr>z2</zdr>
      <datOd>2022-12-07T00:00:00</datOd>
      <datDo>2065-12-31T00:00:00</datDo>
    </udaj>
    <udaj ID="1061729154">
      <hod>358504</hod>
      <uka>u1</uka>
      <vec>v1</vec>
      <vec>v6</vec>
      <vec>v7</vec>
      <mj>m1</mj>
      <uze>p1</uze>
      <cas>c5</cas>
      <zdr>z2</zdr>
      <datOd>2022-12-07T00:00:00</datOd>
      <datDo>2065-12-31T00:00:00</datDo>
    </udaj>
    <udaj ID="1061729155">
      <hod>353356</hod>
      <uka>u1</uka>
      <vec>v1</vec>
      <vec>v6</vec>
      <vec>v7</vec>
      <mj>m1</mj>
      <uze>p1</uze>
      <cas>c6</cas>
      <zdr>z2</zdr>
      <datOd>2022-12-07T00:00:00</datOd>
      <datDo>2065-12-31T00:00:00</datDo>
    </udaj>
    <udaj ID="1061729156">
      <hod>341486</hod>
      <uka>u1</uka>
      <vec>v1</vec>
      <vec>v6</vec>
      <vec>v7</vec>
      <mj>m1</mj>
      <uze>p1</uze>
      <cas>c7</cas>
      <zdr>z2</zdr>
      <datOd>2022-12-07T00:00:00</datOd>
      <datDo>2065-12-31T00:00:00</datDo>
    </udaj>
    <udaj ID="1061729157">
      <hod>327464</hod>
      <uka>u1</uka>
      <vec>v1</vec>
      <vec>v6</vec>
      <vec>v7</vec>
      <mj>m1</mj>
      <uze>p1</uze>
      <cas>c8</cas>
      <zdr>z2</zdr>
      <datOd>2022-12-07T00:00:00</datOd>
      <datDo>2065-12-31T00:00:00</datDo>
    </udaj>
    <udaj ID="1061729158">
      <hod>305926</hod>
      <uka>u1</uka>
      <vec>v1</vec>
      <vec>v6</vec>
      <vec>v7</vec>
      <mj>m1</mj>
      <uze>p1</uze>
      <cas>c9</cas>
      <zdr>z2</zdr>
      <datOd>2022-12-07T00:00:00</datOd>
      <datDo>2065-12-31T00:00:00</datDo>
    </udaj>
    <udaj ID="1061729159">
      <hod>284428</hod>
      <uka>u1</uka>
      <vec>v1</vec>
      <vec>v6</vec>
      <vec>v7</vec>
      <mj>m1</mj>
      <uze>p1</uze>
      <cas>c10</cas>
      <zdr>z2</zdr>
      <datOd>2022-12-07T00:00:00</datOd>
      <datDo>2065-12-31T00:00:00</datDo>
    </udaj>
    <udaj ID="1061729160">
      <hod>267624</hod>
      <uka>u1</uka>
      <vec>v1</vec>
      <vec>v6</vec>
      <vec>v7</vec>
      <mj>m1</mj>
      <uze>p1</uze>
      <cas>c11</cas>
      <zdr>z2</zdr>
      <datOd>2022-12-07T00:00:00</datOd>
      <datDo>2065-12-31T00:00:00</datDo>
    </udaj>
    <udaj ID="1061729161">
      <hod>255029</hod>
      <uka>u1</uka>
      <vec>v1</vec>
      <vec>v6</vec>
      <vec>v7</vec>
      <mj>m1</mj>
      <uze>p1</uze>
      <cas>c12</cas>
      <zdr>z2</zdr>
      <datOd>2022-12-07T00:00:00</datOd>
      <datDo>2065-12-31T00:00:00</datDo>
    </udaj>
    <udaj ID="1061729162">
      <hod>245011</hod>
      <uka>u1</uka>
      <vec>v1</vec>
      <vec>v6</vec>
      <vec>v7</vec>
      <mj>m1</mj>
      <uze>p1</uze>
      <cas>c13</cas>
      <zdr>z2</zdr>
      <datOd>2022-12-07T00:00:00</datOd>
      <datDo>2065-12-31T00:00:00</datDo>
    </udaj>
    <udaj ID="1061729163">
      <hod>242296</hod>
      <uka>u1</uka>
      <vec>v1</vec>
      <vec>v6</vec>
      <vec>v7</vec>
      <mj>m1</mj>
      <uze>p1</uze>
      <cas>c14</cas>
      <zdr>z2</zdr>
      <datOd>2022-12-07T00:00:00</datOd>
      <datDo>2065-12-31T00:00:00</datDo>
    </udaj>
    <udaj ID="1061729164">
      <hod>249129</hod>
      <uka>u1</uka>
      <vec>v1</vec>
      <vec>v6</vec>
      <vec>v7</vec>
      <mj>m1</mj>
      <uze>p1</uze>
      <cas>c15</cas>
      <zdr>z2</zdr>
      <datOd>2022-12-07T00:00:00</datOd>
      <datDo>2065-12-31T00:00:00</datDo>
    </udaj>
    <udaj ID="1061729165">
      <hod>251964</hod>
      <uka>u1</uka>
      <vec>v1</vec>
      <vec>v6</vec>
      <vec>v7</vec>
      <mj>m1</mj>
      <uze>p1</uze>
      <cas>c16</cas>
      <zdr>z2</zdr>
      <datOd>2022-12-07T00:00:00</datOd>
      <datDo>2065-12-31T00:00:00</datDo>
    </udaj>
    <udaj ID="1139549303">
      <hod>249767</hod>
      <uka>u1</uka>
      <vec>v1</vec>
      <vec>v6</vec>
      <vec>v7</vec>
      <mj>m1</mj>
      <uze>p1</uze>
      <cas>c17</cas>
      <zdr>z1</zdr>
      <datOd>2023-08-31T09:00:00</datOd>
      <datDo>2065-12-31T00:00:00</datDo>
    </udaj>
    <udaj ID="1139548895">
      <hod>23858</hod>
      <uka>u1</uka>
      <vec>v1</vec>
      <vec>v2</vec>
      <vec>v7</vec>
      <mj>m1</mj>
      <uze>p1</uze>
      <cas>c1</cas>
      <zdr>z1</zdr>
      <datOd>2023-08-31T09:00:00</datOd>
      <datDo>2065-12-31T00:00:00</datDo>
    </udaj>
    <udaj ID="1139548480">
      <hod>27038</hod>
      <uka>u1</uka>
      <vec>v1</vec>
      <vec>v2</vec>
      <vec>v7</vec>
      <mj>m1</mj>
      <uze>p1</uze>
      <cas>c2</cas>
      <zdr>z1</zdr>
      <datOd>2023-08-31T09:00:00</datOd>
      <datDo>2065-12-31T00:00:00</datDo>
    </udaj>
    <udaj ID="1139548496">
      <hod>30116</hod>
      <uka>u1</uka>
      <vec>v1</vec>
      <vec>v2</vec>
      <vec>v7</vec>
      <mj>m1</mj>
      <uze>p1</uze>
      <cas>c3</cas>
      <zdr>z1</zdr>
      <datOd>2023-08-31T09:00:00</datOd>
      <datDo>2065-12-31T00:00:00</datDo>
    </udaj>
    <udaj ID="1139548552">
      <hod>34424</hod>
      <uka>u1</uka>
      <vec>v1</vec>
      <vec>v2</vec>
      <vec>v7</vec>
      <mj>m1</mj>
      <uze>p1</uze>
      <cas>c4</cas>
      <zdr>z1</zdr>
      <datOd>2023-08-31T09:00:00</datOd>
      <datDo>2065-12-31T00:00:00</datDo>
    </udaj>
    <udaj ID="1139548602">
      <hod>37498</hod>
      <uka>u1</uka>
      <vec>v1</vec>
      <vec>v2</vec>
      <vec>v7</vec>
      <mj>m1</mj>
      <uze>p1</uze>
      <cas>c5</cas>
      <zdr>z1</zdr>
      <datOd>2023-08-31T09:00:00</datOd>
      <datDo>2065-12-31T00:00:00</datDo>
    </udaj>
    <udaj ID="1139548618">
      <hod>38706</hod>
      <uka>u1</uka>
      <vec>v1</vec>
      <vec>v2</vec>
      <vec>v7</vec>
      <mj>m1</mj>
      <uze>p1</uze>
      <cas>c6</cas>
      <zdr>z1</zdr>
      <datOd>2023-08-31T09:00:00</datOd>
      <datDo>2065-12-31T00:00:00</datDo>
    </udaj>
    <udaj ID="1139548644">
      <hod>39426</hod>
      <uka>u1</uka>
      <vec>v1</vec>
      <vec>v2</vec>
      <vec>v7</vec>
      <mj>m1</mj>
      <uze>p1</uze>
      <cas>c7</cas>
      <zdr>z1</zdr>
      <datOd>2023-08-31T09:00:00</datOd>
      <datDo>2065-12-31T00:00:00</datDo>
    </udaj>
    <udaj ID="1139548685">
      <hod>40324</hod>
      <uka>u1</uka>
      <vec>v1</vec>
      <vec>v2</vec>
      <vec>v7</vec>
      <mj>m1</mj>
      <uze>p1</uze>
      <cas>c8</cas>
      <zdr>z1</zdr>
      <datOd>2023-08-31T09:00:00</datOd>
      <datDo>2065-12-31T00:00:00</datDo>
    </udaj>
    <udaj ID="1139548740">
      <hod>40902</hod>
      <uka>u1</uka>
      <vec>v1</vec>
      <vec>v2</vec>
      <vec>v7</vec>
      <mj>m1</mj>
      <uze>p1</uze>
      <cas>c9</cas>
      <zdr>z1</zdr>
      <datOd>2023-08-31T09:00:00</datOd>
      <datDo>2065-12-31T00:00:00</datDo>
    </udaj>
    <udaj ID="1139548796">
      <hod>42011</hod>
      <uka>u1</uka>
      <vec>v1</vec>
      <vec>v2</vec>
      <vec>v7</vec>
      <mj>m1</mj>
      <uze>p1</uze>
      <cas>c10</cas>
      <zdr>z1</zdr>
      <datOd>2023-08-31T09:00:00</datOd>
      <datDo>2065-12-31T00:00:00</datDo>
    </udaj>
    <udaj ID="1139548851">
      <hod>43435</hod>
      <uka>u1</uka>
      <vec>v1</vec>
      <vec>v2</vec>
      <vec>v7</vec>
      <mj>m1</mj>
      <uze>p1</uze>
      <cas>c11</cas>
      <zdr>z1</zdr>
      <datOd>2023-08-31T09:00:00</datOd>
      <datDo>2065-12-31T00:00:00</datDo>
    </udaj>
    <udaj ID="1139548907">
      <hod>43650</hod>
      <uka>u1</uka>
      <vec>v1</vec>
      <vec>v2</vec>
      <vec>v7</vec>
      <mj>m1</mj>
      <uze>p1</uze>
      <cas>c12</cas>
      <zdr>z1</zdr>
      <datOd>2023-08-31T09:00:00</datOd>
      <datDo>2065-12-31T00:00:00</datDo>
    </udaj>
    <udaj ID="1139548962">
      <hod>44650</hod>
      <uka>u1</uka>
      <vec>v1</vec>
      <vec>v2</vec>
      <vec>v7</vec>
      <mj>m1</mj>
      <uze>p1</uze>
      <cas>c13</cas>
      <zdr>z1</zdr>
      <datOd>2023-08-31T09:00:00</datOd>
      <datDo>2065-12-31T00:00:00</datDo>
    </udaj>
    <udaj ID="1139549018">
      <hod>46294</hod>
      <uka>u1</uka>
      <vec>v1</vec>
      <vec>v2</vec>
      <vec>v7</vec>
      <mj>m1</mj>
      <uze>p1</uze>
      <cas>c14</cas>
      <zdr>z1</zdr>
      <datOd>2023-08-31T09:00:00</datOd>
      <datDo>2065-12-31T00:00:00</datDo>
    </udaj>
    <udaj ID="1139549073">
      <hod>49861</hod>
      <uka>u1</uka>
      <vec>v1</vec>
      <vec>v2</vec>
      <vec>v7</vec>
      <mj>m1</mj>
      <uze>p1</uze>
      <cas>c15</cas>
      <zdr>z1</zdr>
      <datOd>2023-08-31T09:00:00</datOd>
      <datDo>2065-12-31T00:00:00</datDo>
    </udaj>
    <udaj ID="1139549129">
      <hod>51749</hod>
      <uka>u1</uka>
      <vec>v1</vec>
      <vec>v2</vec>
      <vec>v7</vec>
      <mj>m1</mj>
      <uze>p1</uze>
      <cas>c16</cas>
      <zdr>z1</zdr>
      <datOd>2023-08-31T09:00:00</datOd>
      <datDo>2065-12-31T00:00:00</datDo>
    </udaj>
    <udaj ID="1139549358">
      <hod>54770</hod>
      <uka>u1</uka>
      <vec>v1</vec>
      <vec>v2</vec>
      <vec>v7</vec>
      <mj>m1</mj>
      <uze>p1</uze>
      <cas>c17</cas>
      <zdr>z1</zdr>
      <datOd>2023-08-31T09:00:00</datOd>
      <datDo>2065-12-31T00:00:00</datDo>
    </udaj>
    <udaj ID="1061728375">
      <hod>17815</hod>
      <uka>u1</uka>
      <vec>v1</vec>
      <vec>v3</vec>
      <vec>v7</vec>
      <mj>m1</mj>
      <uze>p1</uze>
      <cas>c1</cas>
      <zdr>z2</zdr>
      <datOd>2022-12-07T00:00:00</datOd>
      <datDo>2065-12-31T00:00:00</datDo>
    </udaj>
    <udaj ID="1061728376">
      <hod>19934</hod>
      <uka>u1</uka>
      <vec>v1</vec>
      <vec>v3</vec>
      <vec>v7</vec>
      <mj>m1</mj>
      <uze>p1</uze>
      <cas>c2</cas>
      <zdr>z2</zdr>
      <datOd>2022-12-07T00:00:00</datOd>
      <datDo>2065-12-31T00:00:00</datDo>
    </udaj>
    <udaj ID="1061728377">
      <hod>22143</hod>
      <uka>u1</uka>
      <vec>v1</vec>
      <vec>v3</vec>
      <vec>v7</vec>
      <mj>m1</mj>
      <uze>p1</uze>
      <cas>c3</cas>
      <zdr>z2</zdr>
      <datOd>2022-12-07T00:00:00</datOd>
      <datDo>2065-12-31T00:00:00</datDo>
    </udaj>
    <udaj ID="1061728378">
      <hod>24832</hod>
      <uka>u1</uka>
      <vec>v1</vec>
      <vec>v3</vec>
      <vec>v7</vec>
      <mj>m1</mj>
      <uze>p1</uze>
      <cas>c4</cas>
      <zdr>z2</zdr>
      <datOd>2022-12-07T00:00:00</datOd>
      <datDo>2065-12-31T00:00:00</datDo>
    </udaj>
    <udaj ID="1061728379">
      <hod>27044</hod>
      <uka>u1</uka>
      <vec>v1</vec>
      <vec>v3</vec>
      <vec>v7</vec>
      <mj>m1</mj>
      <uze>p1</uze>
      <cas>c5</cas>
      <zdr>z2</zdr>
      <datOd>2022-12-07T00:00:00</datOd>
      <datDo>2065-12-31T00:00:00</datDo>
    </udaj>
    <udaj ID="1061728380">
      <hod>27378</hod>
      <uka>u1</uka>
      <vec>v1</vec>
      <vec>v3</vec>
      <vec>v7</vec>
      <mj>m1</mj>
      <uze>p1</uze>
      <cas>c6</cas>
      <zdr>z2</zdr>
      <datOd>2022-12-07T00:00:00</datOd>
      <datDo>2065-12-31T00:00:00</datDo>
    </udaj>
    <udaj ID="1061728381">
      <hod>26920</hod>
      <uka>u1</uka>
      <vec>v1</vec>
      <vec>v3</vec>
      <vec>v7</vec>
      <mj>m1</mj>
      <uze>p1</uze>
      <cas>c7</cas>
      <zdr>z2</zdr>
      <datOd>2022-12-07T00:00:00</datOd>
      <datDo>2065-12-31T00:00:00</datDo>
    </udaj>
    <udaj ID="1061728382">
      <hod>26231</hod>
      <uka>u1</uka>
      <vec>v1</vec>
      <vec>v3</vec>
      <vec>v7</vec>
      <mj>m1</mj>
      <uze>p1</uze>
      <cas>c8</cas>
      <zdr>z2</zdr>
      <datOd>2022-12-07T00:00:00</datOd>
      <datDo>2065-12-31T00:00:00</datDo>
    </udaj>
    <udaj ID="1061728383">
      <hod>25634</hod>
      <uka>u1</uka>
      <vec>v1</vec>
      <vec>v3</vec>
      <vec>v7</vec>
      <mj>m1</mj>
      <uze>p1</uze>
      <cas>c9</cas>
      <zdr>z2</zdr>
      <datOd>2022-12-07T00:00:00</datOd>
      <datDo>2065-12-31T00:00:00</datDo>
    </udaj>
    <udaj ID="1061728452">
      <hod>25375</hod>
      <uka>u1</uka>
      <vec>v1</vec>
      <vec>v3</vec>
      <vec>v7</vec>
      <mj>m1</mj>
      <uze>p1</uze>
      <cas>c10</cas>
      <zdr>z2</zdr>
      <datOd>2022-12-07T00:00:00</datOd>
      <datDo>2065-12-31T00:00:00</datDo>
    </udaj>
    <udaj ID="1061728453">
      <hod>25519</hod>
      <uka>u1</uka>
      <vec>v1</vec>
      <vec>v3</vec>
      <vec>v7</vec>
      <mj>m1</mj>
      <uze>p1</uze>
      <cas>c11</cas>
      <zdr>z2</zdr>
      <datOd>2022-12-07T00:00:00</datOd>
      <datDo>2065-12-31T00:00:00</datDo>
    </udaj>
    <udaj ID="1061728454">
      <hod>24927</hod>
      <uka>u1</uka>
      <vec>v1</vec>
      <vec>v3</vec>
      <vec>v7</vec>
      <mj>m1</mj>
      <uze>p1</uze>
      <cas>c12</cas>
      <zdr>z2</zdr>
      <datOd>2022-12-07T00:00:00</datOd>
      <datDo>2065-12-31T00:00:00</datDo>
    </udaj>
    <udaj ID="1061728455">
      <hod>24918</hod>
      <uka>u1</uka>
      <vec>v1</vec>
      <vec>v3</vec>
      <vec>v7</vec>
      <mj>m1</mj>
      <uze>p1</uze>
      <cas>c13</cas>
      <zdr>z2</zdr>
      <datOd>2022-12-07T00:00:00</datOd>
      <datDo>2065-12-31T00:00:00</datDo>
    </udaj>
    <udaj ID="1061728456">
      <hod>24835</hod>
      <uka>u1</uka>
      <vec>v1</vec>
      <vec>v3</vec>
      <vec>v7</vec>
      <mj>m1</mj>
      <uze>p1</uze>
      <cas>c14</cas>
      <zdr>z2</zdr>
      <datOd>2022-12-07T00:00:00</datOd>
      <datDo>2065-12-31T00:00:00</datDo>
    </udaj>
    <udaj ID="1061728457">
      <hod>25265</hod>
      <uka>u1</uka>
      <vec>v1</vec>
      <vec>v3</vec>
      <vec>v7</vec>
      <mj>m1</mj>
      <uze>p1</uze>
      <cas>c15</cas>
      <zdr>z2</zdr>
      <datOd>2022-12-07T00:00:00</datOd>
      <datDo>2065-12-31T00:00:00</datDo>
    </udaj>
    <udaj ID="1061728458">
      <hod>24897</hod>
      <uka>u1</uka>
      <vec>v1</vec>
      <vec>v3</vec>
      <vec>v7</vec>
      <mj>m1</mj>
      <uze>p1</uze>
      <cas>c16</cas>
      <zdr>z2</zdr>
      <datOd>2022-12-07T00:00:00</datOd>
      <datDo>2065-12-31T00:00:00</datDo>
    </udaj>
    <udaj ID="1139549414">
      <hod>25063</hod>
      <uka>u1</uka>
      <vec>v1</vec>
      <vec>v3</vec>
      <vec>v7</vec>
      <mj>m1</mj>
      <uze>p1</uze>
      <cas>c17</cas>
      <zdr>z1</zdr>
      <datOd>2023-08-31T09:00:00</datOd>
      <datDo>2065-12-31T00:00:00</datDo>
    </udaj>
    <udaj ID="1061728740">
      <hod>2952</hod>
      <uka>u1</uka>
      <vec>v1</vec>
      <vec>v4</vec>
      <vec>v7</vec>
      <mj>m1</mj>
      <uze>p1</uze>
      <cas>c1</cas>
      <zdr>z2</zdr>
      <datOd>2022-12-07T00:00:00</datOd>
      <datDo>2065-12-31T00:00:00</datDo>
    </udaj>
    <udaj ID="1061728741">
      <hod>3494</hod>
      <uka>u1</uka>
      <vec>v1</vec>
      <vec>v4</vec>
      <vec>v7</vec>
      <mj>m1</mj>
      <uze>p1</uze>
      <cas>c2</cas>
      <zdr>z2</zdr>
      <datOd>2022-12-07T00:00:00</datOd>
      <datDo>2065-12-31T00:00:00</datDo>
    </udaj>
    <udaj ID="1061728742">
      <hod>4131</hod>
      <uka>u1</uka>
      <vec>v1</vec>
      <vec>v4</vec>
      <vec>v7</vec>
      <mj>m1</mj>
      <uze>p1</uze>
      <cas>c3</cas>
      <zdr>z2</zdr>
      <datOd>2022-12-07T00:00:00</datOd>
      <datDo>2065-12-31T00:00:00</datDo>
    </udaj>
    <udaj ID="1061728743">
      <hod>5143</hod>
      <uka>u1</uka>
      <vec>v1</vec>
      <vec>v4</vec>
      <vec>v7</vec>
      <mj>m1</mj>
      <uze>p1</uze>
      <cas>c4</cas>
      <zdr>z2</zdr>
      <datOd>2022-12-07T00:00:00</datOd>
      <datDo>2065-12-31T00:00:00</datDo>
    </udaj>
    <udaj ID="1061728744">
      <hod>5604</hod>
      <uka>u1</uka>
      <vec>v1</vec>
      <vec>v4</vec>
      <vec>v7</vec>
      <mj>m1</mj>
      <uze>p1</uze>
      <cas>c5</cas>
      <zdr>z2</zdr>
      <datOd>2022-12-07T00:00:00</datOd>
      <datDo>2065-12-31T00:00:00</datDo>
    </udaj>
    <udaj ID="1061728745">
      <hod>6123</hod>
      <uka>u1</uka>
      <vec>v1</vec>
      <vec>v4</vec>
      <vec>v7</vec>
      <mj>m1</mj>
      <uze>p1</uze>
      <cas>c6</cas>
      <zdr>z2</zdr>
      <datOd>2022-12-07T00:00:00</datOd>
      <datDo>2065-12-31T00:00:00</datDo>
    </udaj>
    <udaj ID="1061728746">
      <hod>6898</hod>
      <uka>u1</uka>
      <vec>v1</vec>
      <vec>v4</vec>
      <vec>v7</vec>
      <mj>m1</mj>
      <uze>p1</uze>
      <cas>c7</cas>
      <zdr>z2</zdr>
      <datOd>2022-12-07T00:00:00</datOd>
      <datDo>2065-12-31T00:00:00</datDo>
    </udaj>
    <udaj ID="1061728747">
      <hod>8115</hod>
      <uka>u1</uka>
      <vec>v1</vec>
      <vec>v4</vec>
      <vec>v7</vec>
      <mj>m1</mj>
      <uze>p1</uze>
      <cas>c8</cas>
      <zdr>z2</zdr>
      <datOd>2022-12-07T00:00:00</datOd>
      <datDo>2065-12-31T00:00:00</datDo>
    </udaj>
    <udaj ID="1061728748">
      <hod>9337</hod>
      <uka>u1</uka>
      <vec>v1</vec>
      <vec>v4</vec>
      <vec>v7</vec>
      <mj>m1</mj>
      <uze>p1</uze>
      <cas>c9</cas>
      <zdr>z2</zdr>
      <datOd>2022-12-07T00:00:00</datOd>
      <datDo>2065-12-31T00:00:00</datDo>
    </udaj>
    <udaj ID="1061728749">
      <hod>10220</hod>
      <uka>u1</uka>
      <vec>v1</vec>
      <vec>v4</vec>
      <vec>v7</vec>
      <mj>m1</mj>
      <uze>p1</uze>
      <cas>c10</cas>
      <zdr>z2</zdr>
      <datOd>2022-12-07T00:00:00</datOd>
      <datDo>2065-12-31T00:00:00</datDo>
    </udaj>
    <udaj ID="1061728750">
      <hod>10842</hod>
      <uka>u1</uka>
      <vec>v1</vec>
      <vec>v4</vec>
      <vec>v7</vec>
      <mj>m1</mj>
      <uze>p1</uze>
      <cas>c11</cas>
      <zdr>z2</zdr>
      <datOd>2022-12-07T00:00:00</datOd>
      <datDo>2065-12-31T00:00:00</datDo>
    </udaj>
    <udaj ID="1061728751">
      <hod>10895</hod>
      <uka>u1</uka>
      <vec>v1</vec>
      <vec>v4</vec>
      <vec>v7</vec>
      <mj>m1</mj>
      <uze>p1</uze>
      <cas>c12</cas>
      <zdr>z2</zdr>
      <datOd>2022-12-07T00:00:00</datOd>
      <datDo>2065-12-31T00:00:00</datDo>
    </udaj>
    <udaj ID="1061728822">
      <hod>11159</hod>
      <uka>u1</uka>
      <vec>v1</vec>
      <vec>v4</vec>
      <vec>v7</vec>
      <mj>m1</mj>
      <uze>p1</uze>
      <cas>c13</cas>
      <zdr>z2</zdr>
      <datOd>2022-12-07T00:00:00</datOd>
      <datDo>2065-12-31T00:00:00</datDo>
    </udaj>
    <udaj ID="1061728823">
      <hod>11874</hod>
      <uka>u1</uka>
      <vec>v1</vec>
      <vec>v4</vec>
      <vec>v7</vec>
      <mj>m1</mj>
      <uze>p1</uze>
      <cas>c14</cas>
      <zdr>z2</zdr>
      <datOd>2022-12-07T00:00:00</datOd>
      <datDo>2065-12-31T00:00:00</datDo>
    </udaj>
    <udaj ID="1061728824">
      <hod>13645</hod>
      <uka>u1</uka>
      <vec>v1</vec>
      <vec>v4</vec>
      <vec>v7</vec>
      <mj>m1</mj>
      <uze>p1</uze>
      <cas>c15</cas>
      <zdr>z2</zdr>
      <datOd>2022-12-07T00:00:00</datOd>
      <datDo>2065-12-31T00:00:00</datDo>
    </udaj>
    <udaj ID="1061728825">
      <hod>14641</hod>
      <uka>u1</uka>
      <vec>v1</vec>
      <vec>v4</vec>
      <vec>v7</vec>
      <mj>m1</mj>
      <uze>p1</uze>
      <cas>c16</cas>
      <zdr>z2</zdr>
      <datOd>2022-12-07T00:00:00</datOd>
      <datDo>2065-12-31T00:00:00</datDo>
    </udaj>
    <udaj ID="1139549469">
      <hod>15899</hod>
      <uka>u1</uka>
      <vec>v1</vec>
      <vec>v4</vec>
      <vec>v7</vec>
      <mj>m1</mj>
      <uze>p1</uze>
      <cas>c17</cas>
      <zdr>z1</zdr>
      <datOd>2023-08-31T09:00:00</datOd>
      <datDo>2065-12-31T00:00:00</datDo>
    </udaj>
    <udaj ID="1061729092">
      <hod>3079</hod>
      <uka>u1</uka>
      <vec>v1</vec>
      <vec>v5</vec>
      <vec>v7</vec>
      <mj>m1</mj>
      <uze>p1</uze>
      <cas>c1</cas>
      <zdr>z2</zdr>
      <datOd>2022-12-07T00:00:00</datOd>
      <datDo>2065-12-31T00:00:00</datDo>
    </udaj>
    <udaj ID="1061729093">
      <hod>3604</hod>
      <uka>u1</uka>
      <vec>v1</vec>
      <vec>v5</vec>
      <vec>v7</vec>
      <mj>m1</mj>
      <uze>p1</uze>
      <cas>c2</cas>
      <zdr>z2</zdr>
      <datOd>2022-12-07T00:00:00</datOd>
      <datDo>2065-12-31T00:00:00</datDo>
    </udaj>
    <udaj ID="1061729094">
      <hod>3838</hod>
      <uka>u1</uka>
      <vec>v1</vec>
      <vec>v5</vec>
      <vec>v7</vec>
      <mj>m1</mj>
      <uze>p1</uze>
      <cas>c3</cas>
      <zdr>z2</zdr>
      <datOd>2022-12-07T00:00:00</datOd>
      <datDo>2065-12-31T00:00:00</datDo>
    </udaj>
    <udaj ID="1061729095">
      <hod>4443</hod>
      <uka>u1</uka>
      <vec>v1</vec>
      <vec>v5</vec>
      <vec>v7</vec>
      <mj>m1</mj>
      <uze>p1</uze>
      <cas>c4</cas>
      <zdr>z2</zdr>
      <datOd>2022-12-07T00:00:00</datOd>
      <datDo>2065-12-31T00:00:00</datDo>
    </udaj>
    <udaj ID="1061729096">
      <hod>4850</hod>
      <uka>u1</uka>
      <vec>v1</vec>
      <vec>v5</vec>
      <vec>v7</vec>
      <mj>m1</mj>
      <uze>p1</uze>
      <cas>c5</cas>
      <zdr>z2</zdr>
      <datOd>2022-12-07T00:00:00</datOd>
      <datDo>2065-12-31T00:00:00</datDo>
    </udaj>
    <udaj ID="1061729097">
      <hod>5216</hod>
      <uka>u1</uka>
      <vec>v1</vec>
      <vec>v5</vec>
      <vec>v7</vec>
      <mj>m1</mj>
      <uze>p1</uze>
      <cas>c6</cas>
      <zdr>z2</zdr>
      <datOd>2022-12-07T00:00:00</datOd>
      <datDo>2065-12-31T00:00:00</datDo>
    </udaj>
    <udaj ID="1061729098">
      <hod>5615</hod>
      <uka>u1</uka>
      <vec>v1</vec>
      <vec>v5</vec>
      <vec>v7</vec>
      <mj>m1</mj>
      <uze>p1</uze>
      <cas>c7</cas>
      <zdr>z2</zdr>
      <datOd>2022-12-07T00:00:00</datOd>
      <datDo>2065-12-31T00:00:00</datDo>
    </udaj>
    <udaj ID="1061729099">
      <hod>5990</hod>
      <uka>u1</uka>
      <vec>v1</vec>
      <vec>v5</vec>
      <vec>v7</vec>
      <mj>m1</mj>
      <uze>p1</uze>
      <cas>c8</cas>
      <zdr>z2</zdr>
      <datOd>2022-12-07T00:00:00</datOd>
      <datDo>2065-12-31T00:00:00</datDo>
    </udaj>
    <udaj ID="1061729100">
      <hod>5949</hod>
      <uka>u1</uka>
      <vec>v1</vec>
      <vec>v5</vec>
      <vec>v7</vec>
      <mj>m1</mj>
      <uze>p1</uze>
      <cas>c9</cas>
      <zdr>z2</zdr>
      <datOd>2022-12-07T00:00:00</datOd>
      <datDo>2065-12-31T00:00:00</datDo>
    </udaj>
    <udaj ID="1061729101">
      <hod>6436</hod>
      <uka>u1</uka>
      <vec>v1</vec>
      <vec>v5</vec>
      <vec>v7</vec>
      <mj>m1</mj>
      <uze>p1</uze>
      <cas>c10</cas>
      <zdr>z2</zdr>
      <datOd>2022-12-07T00:00:00</datOd>
      <datDo>2065-12-31T00:00:00</datDo>
    </udaj>
    <udaj ID="1061729102">
      <hod>7098</hod>
      <uka>u1</uka>
      <vec>v1</vec>
      <vec>v5</vec>
      <vec>v7</vec>
      <mj>m1</mj>
      <uze>p1</uze>
      <cas>c11</cas>
      <zdr>z2</zdr>
      <datOd>2022-12-07T00:00:00</datOd>
      <datDo>2065-12-31T00:00:00</datDo>
    </udaj>
    <udaj ID="1061729103">
      <hod>7853</hod>
      <uka>u1</uka>
      <vec>v1</vec>
      <vec>v5</vec>
      <vec>v7</vec>
      <mj>m1</mj>
      <uze>p1</uze>
      <cas>c12</cas>
      <zdr>z2</zdr>
      <datOd>2022-12-07T00:00:00</datOd>
      <datDo>2065-12-31T00:00:00</datDo>
    </udaj>
    <udaj ID="1061729104">
      <hod>8605</hod>
      <uka>u1</uka>
      <vec>v1</vec>
      <vec>v5</vec>
      <vec>v7</vec>
      <mj>m1</mj>
      <uze>p1</uze>
      <cas>c13</cas>
      <zdr>z2</zdr>
      <datOd>2022-12-07T00:00:00</datOd>
      <datDo>2065-12-31T00:00:00</datDo>
    </udaj>
    <udaj ID="1061729105">
      <hod>9647</hod>
      <uka>u1</uka>
      <vec>v1</vec>
      <vec>v5</vec>
      <vec>v7</vec>
      <mj>m1</mj>
      <uze>p1</uze>
      <cas>c14</cas>
      <zdr>z2</zdr>
      <datOd>2022-12-07T00:00:00</datOd>
      <datDo>2065-12-31T00:00:00</datDo>
    </udaj>
    <udaj ID="1061729106">
      <hod>11011</hod>
      <uka>u1</uka>
      <vec>v1</vec>
      <vec>v5</vec>
      <vec>v7</vec>
      <mj>m1</mj>
      <uze>p1</uze>
      <cas>c15</cas>
      <zdr>z2</zdr>
      <datOd>2022-12-07T00:00:00</datOd>
      <datDo>2065-12-31T00:00:00</datDo>
    </udaj>
    <udaj ID="1061729171">
      <hod>12565</hod>
      <uka>u1</uka>
      <vec>v1</vec>
      <vec>v5</vec>
      <vec>v7</vec>
      <mj>m1</mj>
      <uze>p1</uze>
      <cas>c16</cas>
      <zdr>z2</zdr>
      <datOd>2022-12-07T00:00:00</datOd>
      <datDo>2065-12-31T00:00:00</datDo>
    </udaj>
    <udaj ID="1139549525">
      <hod>13789</hod>
      <uka>u1</uka>
      <vec>v1</vec>
      <vec>v5</vec>
      <vec>v7</vec>
      <mj>m1</mj>
      <uze>p1</uze>
      <cas>c17</cas>
      <zdr>z1</zdr>
      <datOd>2023-08-31T09:00:00</datOd>
      <datDo>2065-12-31T00:00:00</datDo>
    </udaj>
  </data>
</vdbData>
