<?xml version="1.0" encoding="UTF-8" standalone="yes"?>
<vdbData xmlns="http://vdb.czso.cz/xml/export" xmlns:xsi="http://www.w3.org/2001/XMLSchema-instance" VERZE="1.1" JAZYK="cs" xsi:schemaLocation="http://vdb.czso.cz/xml/VdbData.xsd">
  <pruvodka>
    <copyright ROK="2023">© Český statistický úřad</copyright>
    <disclaimer>Poskytovatel neodpovídá za případné škody vzniklé v souvislosti s poskytnutými statistickými informacemi.</disclaimer>
    <ident>VZD13b</ident>
    <nazev>Děti, žáci, studenti podle státního občanství</nazev>
    <nastaveniExportu>
      <parametry>ZVOLENE</parametry>
      <rozsah>T</rozsah>
      <definice>N</definice>
      <atributy>N</atributy>
      <typDat>N</typDat>
      <casAktDB>N</casAktDB>
    </nastaveniExportu>
    <zdrojoveURI>https://vdb.czso.cz/vdbvo2/faces/cs/index.jsf?page=vystup-objekt&amp;z=T&amp;f=TABULKA&amp;pvo=VZD13b&amp;skupId=1127&amp;katalog=30848&amp;&amp;u=v4__VUZEMI__97__19&amp;str=v54&amp;kodjaz=203</zdrojoveURI>
    <generator>VdbExporty: 1.1.11</generator>
    <casExportu>2023-10-21T00:53:39</casExportu>
    <pocetUdaju>102</pocetUdaju>
  </pruvodka>
  <metaSlovnik>
    <ukazatel>
      <uka ID="u1">
        <kod>6057</kod>
        <text>Počet žáků</text>
      </uka>
    </ukazatel>
    <vecneUpresneni>
      <element ID="v1">
        <dim>DRUHSKOLZAR</dim>
        <dimText>Druh školy a školského zařízení</dimText>
        <ciselnik>340</ciselnik>
        <kod>2</kod>
        <text>Základní škola</text>
      </element>
      <element ID="v2">
        <dim>STOBCAN</dim>
        <dimText>Státní občanství</dimText>
        <ciselnik>3344</ciselnik>
        <kod>1</kod>
        <text>Mimo ČR - cizí státní občanství (metodika Eurostatu)</text>
      </element>
      <element ID="v3">
        <dim>STOBCAN</dim>
        <dimText>Státní občanství</dimText>
        <ciselnik>3344</ciselnik>
        <kod>2</kod>
        <text>Země EU mimo Českou republiku (metodika Eurostatu)</text>
      </element>
      <element ID="v4">
        <dim>STOBCAN</dim>
        <dimText>Státní občanství</dimText>
        <ciselnik>3344</ciselnik>
        <kod>3</kod>
        <text>Ostatní evropské země mimo EU (metodika Eurostatu)</text>
      </element>
      <element ID="v5">
        <dim>STOBCAN</dim>
        <dimText>Státní občanství</dimText>
        <ciselnik>3344</ciselnik>
        <kod>4</kod>
        <text>Země mimo Evropu (metodika Eurostatu)</text>
      </element>
      <element ID="v6">
        <dim>STOBCAN</dim>
        <dimText>Státní občanství</dimText>
        <ciselnik>5837</ciselnik>
        <kod>203000</kod>
        <text>Česká republika</text>
      </element>
    </vecneUpresneni>
    <mericiJednotka>
      <element ID="m1">
        <dim>MJ_SKUTEC</dim>
        <dimText>Skutečná měřicí jednotka</dimText>
        <ciselnik>78</ciselnik>
        <kod>80400</kod>
        <text>osoba</text>
      </element>
    </mericiJednotka>
    <uzemi>
      <element ID="p1">
        <dim>VUZEMI</dim>
        <dimText>V území</dimText>
        <ciselnik>97</ciselnik>
        <kod>19</kod>
        <text>Česká republika</text>
      </element>
    </uzemi>
    <obdobi>
      <cas ID="c1">
        <casOd>2006-09-01</casOd>
        <casDo>2007-06-30</casDo>
      </cas>
      <cas ID="c2">
        <casOd>2007-09-01</casOd>
        <casDo>2008-06-30</casDo>
      </cas>
      <cas ID="c3">
        <casOd>2008-09-01</casOd>
        <casDo>2009-06-30</casDo>
      </cas>
      <cas ID="c4">
        <casOd>2009-09-01</casOd>
        <casDo>2010-06-30</casDo>
      </cas>
      <cas ID="c5">
        <casOd>2010-09-01</casOd>
        <casDo>2011-06-30</casDo>
      </cas>
      <cas ID="c6">
        <casOd>2011-09-01</casOd>
        <casDo>2012-06-30</casDo>
      </cas>
      <cas ID="c7">
        <casOd>2012-09-01</casOd>
        <casDo>2013-06-30</casDo>
      </cas>
      <cas ID="c8">
        <casOd>2013-09-01</casOd>
        <casDo>2014-06-30</casDo>
      </cas>
      <cas ID="c9">
        <casOd>2014-09-01</casOd>
        <casDo>2015-06-30</casDo>
      </cas>
      <cas ID="c10">
        <casOd>2015-09-01</casOd>
        <casDo>2016-06-30</casDo>
      </cas>
      <cas ID="c11">
        <casOd>2016-09-01</casOd>
        <casDo>2017-06-30</casDo>
      </cas>
      <cas ID="c12">
        <casOd>2017-09-01</casOd>
        <casDo>2018-06-30</casDo>
      </cas>
      <cas ID="c13">
        <casOd>2018-09-01</casOd>
        <casDo>2019-06-30</casDo>
      </cas>
      <cas ID="c14">
        <casOd>2019-09-01</casOd>
        <casDo>2020-06-30</casDo>
      </cas>
      <cas ID="c15">
        <casOd>2020-09-01</casOd>
        <casDo>2021-06-30</casDo>
      </cas>
      <cas ID="c16">
        <casOd>2021-09-01</casOd>
        <casDo>2022-06-30</casDo>
      </cas>
      <cas ID="c17">
        <casOd>2022-09-01</casOd>
        <casDo>2023-06-30</casDo>
      </cas>
    </obdobi>
    <zdrojovaUloha>
      <zdr ID="z1">
        <kod>ADMMSMTVZD</kod>
        <text>Adm. zdroj dat z MŠMT - Vzdělávání</text>
        <verze>1900100</verze>
        <verzeText>roční (leden - prosinec) zpracování - 1. verze</verzeText>
        <obdobiOd>2021-01-01</obdobiOd>
        <obdobiDo>2021-12-31</obdobiDo>
      </zdr>
      <zdr ID="z2">
        <kod>ADMMSMTVZD</kod>
        <text>Adm. zdroj dat z MŠMT - Vzdělávání</text>
        <verze>1900100</verze>
        <verzeText>roční (leden - prosinec) zpracování - 1. verze</verzeText>
        <obdobiOd>2022-01-01</obdobiOd>
        <obdobiDo>2022-12-31</obdobiDo>
      </zdr>
    </zdrojovaUloha>
  </metaSlovnik>
  <data>
    <udaj ID="1061728624">
      <hod>876513</hod>
      <uka>u1</uka>
      <vec>v1</vec>
      <mj>m1</mj>
      <uze>p1</uze>
      <cas>c1</cas>
      <zdr>z1</zdr>
      <datOd>2022-12-07T00:00:00</datOd>
      <datDo>2065-12-31T00:00:00</datDo>
    </udaj>
    <udaj ID="1061728625">
      <hod>844863</hod>
      <uka>u1</uka>
      <vec>v1</vec>
      <mj>m1</mj>
      <uze>p1</uze>
      <cas>c2</cas>
      <zdr>z1</zdr>
      <datOd>2022-12-07T00:00:00</datOd>
      <datDo>2065-12-31T00:00:00</datDo>
    </udaj>
    <udaj ID="1061728626">
      <hod>816015</hod>
      <uka>u1</uka>
      <vec>v1</vec>
      <mj>m1</mj>
      <uze>p1</uze>
      <cas>c3</cas>
      <zdr>z1</zdr>
      <datOd>2022-12-07T00:00:00</datOd>
      <datDo>2065-12-31T00:00:00</datDo>
    </udaj>
    <udaj ID="1061728627">
      <hod>794459</hod>
      <uka>u1</uka>
      <vec>v1</vec>
      <mj>m1</mj>
      <uze>p1</uze>
      <cas>c4</cas>
      <zdr>z1</zdr>
      <datOd>2022-12-07T00:00:00</datOd>
      <datDo>2065-12-31T00:00:00</datDo>
    </udaj>
    <udaj ID="1061728628">
      <hod>789486</hod>
      <uka>u1</uka>
      <vec>v1</vec>
      <mj>m1</mj>
      <uze>p1</uze>
      <cas>c5</cas>
      <zdr>z1</zdr>
      <datOd>2022-12-07T00:00:00</datOd>
      <datDo>2065-12-31T00:00:00</datDo>
    </udaj>
    <udaj ID="1061728629">
      <hod>794642</hod>
      <uka>u1</uka>
      <vec>v1</vec>
      <mj>m1</mj>
      <uze>p1</uze>
      <cas>c6</cas>
      <zdr>z1</zdr>
      <datOd>2022-12-07T00:00:00</datOd>
      <datDo>2065-12-31T00:00:00</datDo>
    </udaj>
    <udaj ID="1061728630">
      <hod>807950</hod>
      <uka>u1</uka>
      <vec>v1</vec>
      <mj>m1</mj>
      <uze>p1</uze>
      <cas>c7</cas>
      <zdr>z1</zdr>
      <datOd>2022-12-07T00:00:00</datOd>
      <datDo>2065-12-31T00:00:00</datDo>
    </udaj>
    <udaj ID="1061728631">
      <hod>827654</hod>
      <uka>u1</uka>
      <vec>v1</vec>
      <mj>m1</mj>
      <uze>p1</uze>
      <cas>c8</cas>
      <zdr>z1</zdr>
      <datOd>2022-12-07T00:00:00</datOd>
      <datDo>2065-12-31T00:00:00</datDo>
    </udaj>
    <udaj ID="1061728632">
      <hod>854137</hod>
      <uka>u1</uka>
      <vec>v1</vec>
      <mj>m1</mj>
      <uze>p1</uze>
      <cas>c9</cas>
      <zdr>z1</zdr>
      <datOd>2022-12-07T00:00:00</datOd>
      <datDo>2065-12-31T00:00:00</datDo>
    </udaj>
    <udaj ID="1061728633">
      <hod>880251</hod>
      <uka>u1</uka>
      <vec>v1</vec>
      <mj>m1</mj>
      <uze>p1</uze>
      <cas>c10</cas>
      <zdr>z1</zdr>
      <datOd>2022-12-07T00:00:00</datOd>
      <datDo>2065-12-31T00:00:00</datDo>
    </udaj>
    <udaj ID="1061728634">
      <hod>906188</hod>
      <uka>u1</uka>
      <vec>v1</vec>
      <mj>m1</mj>
      <uze>p1</uze>
      <cas>c11</cas>
      <zdr>z1</zdr>
      <datOd>2022-12-07T00:00:00</datOd>
      <datDo>2065-12-31T00:00:00</datDo>
    </udaj>
    <udaj ID="1061728635">
      <hod>926108</hod>
      <uka>u1</uka>
      <vec>v1</vec>
      <mj>m1</mj>
      <uze>p1</uze>
      <cas>c12</cas>
      <zdr>z1</zdr>
      <datOd>2022-12-07T00:00:00</datOd>
      <datDo>2065-12-31T00:00:00</datDo>
    </udaj>
    <udaj ID="1061728702">
      <hod>940928</hod>
      <uka>u1</uka>
      <vec>v1</vec>
      <mj>m1</mj>
      <uze>p1</uze>
      <cas>c13</cas>
      <zdr>z1</zdr>
      <datOd>2022-12-07T00:00:00</datOd>
      <datDo>2065-12-31T00:00:00</datDo>
    </udaj>
    <udaj ID="1061728703">
      <hod>952946</hod>
      <uka>u1</uka>
      <vec>v1</vec>
      <mj>m1</mj>
      <uze>p1</uze>
      <cas>c14</cas>
      <zdr>z1</zdr>
      <datOd>2022-12-07T00:00:00</datOd>
      <datDo>2065-12-31T00:00:00</datDo>
    </udaj>
    <udaj ID="1061728704">
      <hod>962348</hod>
      <uka>u1</uka>
      <vec>v1</vec>
      <mj>m1</mj>
      <uze>p1</uze>
      <cas>c15</cas>
      <zdr>z1</zdr>
      <datOd>2022-12-07T00:00:00</datOd>
      <datDo>2065-12-31T00:00:00</datDo>
    </udaj>
    <udaj ID="1061728705">
      <hod>964571</hod>
      <uka>u1</uka>
      <vec>v1</vec>
      <mj>m1</mj>
      <uze>p1</uze>
      <cas>c16</cas>
      <zdr>z1</zdr>
      <datOd>2022-12-07T00:00:00</datOd>
      <datDo>2065-12-31T00:00:00</datDo>
    </udaj>
    <udaj ID="1139549413">
      <hod>1007778</hod>
      <uka>u1</uka>
      <vec>v1</vec>
      <mj>m1</mj>
      <uze>p1</uze>
      <cas>c17</cas>
      <zdr>z2</zdr>
      <datOd>2023-08-31T09:00:00</datOd>
      <datDo>2065-12-31T00:00:00</datDo>
    </udaj>
    <udaj ID="1061728903">
      <hod>864009</hod>
      <uka>u1</uka>
      <vec>v1</vec>
      <vec>v6</vec>
      <mj>m1</mj>
      <uze>p1</uze>
      <cas>c1</cas>
      <zdr>z1</zdr>
      <datOd>2022-12-07T00:00:00</datOd>
      <datDo>2065-12-31T00:00:00</datDo>
    </udaj>
    <udaj ID="1061728904">
      <hod>831900</hod>
      <uka>u1</uka>
      <vec>v1</vec>
      <vec>v6</vec>
      <mj>m1</mj>
      <uze>p1</uze>
      <cas>c2</cas>
      <zdr>z1</zdr>
      <datOd>2022-12-07T00:00:00</datOd>
      <datDo>2065-12-31T00:00:00</datDo>
    </udaj>
    <udaj ID="1061728905">
      <hod>802432</hod>
      <uka>u1</uka>
      <vec>v1</vec>
      <vec>v6</vec>
      <mj>m1</mj>
      <uze>p1</uze>
      <cas>c3</cas>
      <zdr>z1</zdr>
      <datOd>2022-12-07T00:00:00</datOd>
      <datDo>2065-12-31T00:00:00</datDo>
    </udaj>
    <udaj ID="1061728906">
      <hod>780620</hod>
      <uka>u1</uka>
      <vec>v1</vec>
      <vec>v6</vec>
      <mj>m1</mj>
      <uze>p1</uze>
      <cas>c4</cas>
      <zdr>z1</zdr>
      <datOd>2022-12-07T00:00:00</datOd>
      <datDo>2065-12-31T00:00:00</datDo>
    </udaj>
    <udaj ID="1061728907">
      <hod>775377</hod>
      <uka>u1</uka>
      <vec>v1</vec>
      <vec>v6</vec>
      <mj>m1</mj>
      <uze>p1</uze>
      <cas>c5</cas>
      <zdr>z1</zdr>
      <datOd>2022-12-07T00:00:00</datOd>
      <datDo>2065-12-31T00:00:00</datDo>
    </udaj>
    <udaj ID="1061728908">
      <hod>780298</hod>
      <uka>u1</uka>
      <vec>v1</vec>
      <vec>v6</vec>
      <mj>m1</mj>
      <uze>p1</uze>
      <cas>c6</cas>
      <zdr>z1</zdr>
      <datOd>2022-12-07T00:00:00</datOd>
      <datDo>2065-12-31T00:00:00</datDo>
    </udaj>
    <udaj ID="1061728909">
      <hod>793399</hod>
      <uka>u1</uka>
      <vec>v1</vec>
      <vec>v6</vec>
      <mj>m1</mj>
      <uze>p1</uze>
      <cas>c7</cas>
      <zdr>z1</zdr>
      <datOd>2022-12-07T00:00:00</datOd>
      <datDo>2065-12-31T00:00:00</datDo>
    </udaj>
    <udaj ID="1061728978">
      <hod>812545</hod>
      <uka>u1</uka>
      <vec>v1</vec>
      <vec>v6</vec>
      <mj>m1</mj>
      <uze>p1</uze>
      <cas>c8</cas>
      <zdr>z1</zdr>
      <datOd>2022-12-07T00:00:00</datOd>
      <datDo>2065-12-31T00:00:00</datDo>
    </udaj>
    <udaj ID="1061728979">
      <hod>837660</hod>
      <uka>u1</uka>
      <vec>v1</vec>
      <vec>v6</vec>
      <mj>m1</mj>
      <uze>p1</uze>
      <cas>c9</cas>
      <zdr>z1</zdr>
      <datOd>2022-12-07T00:00:00</datOd>
      <datDo>2065-12-31T00:00:00</datDo>
    </udaj>
    <udaj ID="1061728980">
      <hod>861970</hod>
      <uka>u1</uka>
      <vec>v1</vec>
      <vec>v6</vec>
      <mj>m1</mj>
      <uze>p1</uze>
      <cas>c10</cas>
      <zdr>z1</zdr>
      <datOd>2022-12-07T00:00:00</datOd>
      <datDo>2065-12-31T00:00:00</datDo>
    </udaj>
    <udaj ID="1061728981">
      <hod>885951</hod>
      <uka>u1</uka>
      <vec>v1</vec>
      <vec>v6</vec>
      <mj>m1</mj>
      <uze>p1</uze>
      <cas>c11</cas>
      <zdr>z1</zdr>
      <datOd>2022-12-07T00:00:00</datOd>
      <datDo>2065-12-31T00:00:00</datDo>
    </udaj>
    <udaj ID="1061728982">
      <hod>904116</hod>
      <uka>u1</uka>
      <vec>v1</vec>
      <vec>v6</vec>
      <mj>m1</mj>
      <uze>p1</uze>
      <cas>c12</cas>
      <zdr>z1</zdr>
      <datOd>2022-12-07T00:00:00</datOd>
      <datDo>2065-12-31T00:00:00</datDo>
    </udaj>
    <udaj ID="1061728983">
      <hod>916902</hod>
      <uka>u1</uka>
      <vec>v1</vec>
      <vec>v6</vec>
      <mj>m1</mj>
      <uze>p1</uze>
      <cas>c13</cas>
      <zdr>z1</zdr>
      <datOd>2022-12-07T00:00:00</datOd>
      <datDo>2065-12-31T00:00:00</datDo>
    </udaj>
    <udaj ID="1061728984">
      <hod>926419</hod>
      <uka>u1</uka>
      <vec>v1</vec>
      <vec>v6</vec>
      <mj>m1</mj>
      <uze>p1</uze>
      <cas>c14</cas>
      <zdr>z1</zdr>
      <datOd>2022-12-07T00:00:00</datOd>
      <datDo>2065-12-31T00:00:00</datDo>
    </udaj>
    <udaj ID="1061728985">
      <hod>933968</hod>
      <uka>u1</uka>
      <vec>v1</vec>
      <vec>v6</vec>
      <mj>m1</mj>
      <uze>p1</uze>
      <cas>c15</cas>
      <zdr>z1</zdr>
      <datOd>2022-12-07T00:00:00</datOd>
      <datDo>2065-12-31T00:00:00</datDo>
    </udaj>
    <udaj ID="1061728986">
      <hod>934028</hod>
      <uka>u1</uka>
      <vec>v1</vec>
      <vec>v6</vec>
      <mj>m1</mj>
      <uze>p1</uze>
      <cas>c16</cas>
      <zdr>z1</zdr>
      <datOd>2022-12-07T00:00:00</datOd>
      <datDo>2065-12-31T00:00:00</datDo>
    </udaj>
    <udaj ID="1139549635">
      <hod>935030</hod>
      <uka>u1</uka>
      <vec>v1</vec>
      <vec>v6</vec>
      <mj>m1</mj>
      <uze>p1</uze>
      <cas>c17</cas>
      <zdr>z2</zdr>
      <datOd>2023-08-31T09:00:00</datOd>
      <datDo>2065-12-31T00:00:00</datDo>
    </udaj>
    <udaj ID="1061729261">
      <hod>12504</hod>
      <uka>u1</uka>
      <vec>v1</vec>
      <vec>v2</vec>
      <mj>m1</mj>
      <uze>p1</uze>
      <cas>c1</cas>
      <zdr>z1</zdr>
      <datOd>2022-12-07T00:00:00</datOd>
      <datDo>2065-12-31T00:00:00</datDo>
    </udaj>
    <udaj ID="1061729262">
      <hod>12963</hod>
      <uka>u1</uka>
      <vec>v1</vec>
      <vec>v2</vec>
      <mj>m1</mj>
      <uze>p1</uze>
      <cas>c2</cas>
      <zdr>z1</zdr>
      <datOd>2022-12-07T00:00:00</datOd>
      <datDo>2065-12-31T00:00:00</datDo>
    </udaj>
    <udaj ID="1061729263">
      <hod>13583</hod>
      <uka>u1</uka>
      <vec>v1</vec>
      <vec>v2</vec>
      <mj>m1</mj>
      <uze>p1</uze>
      <cas>c3</cas>
      <zdr>z1</zdr>
      <datOd>2022-12-07T00:00:00</datOd>
      <datDo>2065-12-31T00:00:00</datDo>
    </udaj>
    <udaj ID="1061729264">
      <hod>13839</hod>
      <uka>u1</uka>
      <vec>v1</vec>
      <vec>v2</vec>
      <mj>m1</mj>
      <uze>p1</uze>
      <cas>c4</cas>
      <zdr>z1</zdr>
      <datOd>2022-12-07T00:00:00</datOd>
      <datDo>2065-12-31T00:00:00</datDo>
    </udaj>
    <udaj ID="1061729265">
      <hod>14109</hod>
      <uka>u1</uka>
      <vec>v1</vec>
      <vec>v2</vec>
      <mj>m1</mj>
      <uze>p1</uze>
      <cas>c5</cas>
      <zdr>z1</zdr>
      <datOd>2022-12-07T00:00:00</datOd>
      <datDo>2065-12-31T00:00:00</datDo>
    </udaj>
    <udaj ID="1061729266">
      <hod>14344</hod>
      <uka>u1</uka>
      <vec>v1</vec>
      <vec>v2</vec>
      <mj>m1</mj>
      <uze>p1</uze>
      <cas>c6</cas>
      <zdr>z1</zdr>
      <datOd>2022-12-07T00:00:00</datOd>
      <datDo>2065-12-31T00:00:00</datDo>
    </udaj>
    <udaj ID="1061729267">
      <hod>14551</hod>
      <uka>u1</uka>
      <vec>v1</vec>
      <vec>v2</vec>
      <mj>m1</mj>
      <uze>p1</uze>
      <cas>c7</cas>
      <zdr>z1</zdr>
      <datOd>2022-12-07T00:00:00</datOd>
      <datDo>2065-12-31T00:00:00</datDo>
    </udaj>
    <udaj ID="1061729268">
      <hod>15109</hod>
      <uka>u1</uka>
      <vec>v1</vec>
      <vec>v2</vec>
      <mj>m1</mj>
      <uze>p1</uze>
      <cas>c8</cas>
      <zdr>z1</zdr>
      <datOd>2022-12-07T00:00:00</datOd>
      <datDo>2065-12-31T00:00:00</datDo>
    </udaj>
    <udaj ID="1061729269">
      <hod>16477</hod>
      <uka>u1</uka>
      <vec>v1</vec>
      <vec>v2</vec>
      <mj>m1</mj>
      <uze>p1</uze>
      <cas>c9</cas>
      <zdr>z1</zdr>
      <datOd>2022-12-07T00:00:00</datOd>
      <datDo>2065-12-31T00:00:00</datDo>
    </udaj>
    <udaj ID="1061729270">
      <hod>18281</hod>
      <uka>u1</uka>
      <vec>v1</vec>
      <vec>v2</vec>
      <mj>m1</mj>
      <uze>p1</uze>
      <cas>c10</cas>
      <zdr>z1</zdr>
      <datOd>2022-12-07T00:00:00</datOd>
      <datDo>2065-12-31T00:00:00</datDo>
    </udaj>
    <udaj ID="1061729359">
      <hod>20237</hod>
      <uka>u1</uka>
      <vec>v1</vec>
      <vec>v2</vec>
      <mj>m1</mj>
      <uze>p1</uze>
      <cas>c11</cas>
      <zdr>z1</zdr>
      <datOd>2022-12-07T00:00:00</datOd>
      <datDo>2065-12-31T00:00:00</datDo>
    </udaj>
    <udaj ID="1061729360">
      <hod>21992</hod>
      <uka>u1</uka>
      <vec>v1</vec>
      <vec>v2</vec>
      <mj>m1</mj>
      <uze>p1</uze>
      <cas>c12</cas>
      <zdr>z1</zdr>
      <datOd>2022-12-07T00:00:00</datOd>
      <datDo>2065-12-31T00:00:00</datDo>
    </udaj>
    <udaj ID="1061729361">
      <hod>24026</hod>
      <uka>u1</uka>
      <vec>v1</vec>
      <vec>v2</vec>
      <mj>m1</mj>
      <uze>p1</uze>
      <cas>c13</cas>
      <zdr>z1</zdr>
      <datOd>2022-12-07T00:00:00</datOd>
      <datDo>2065-12-31T00:00:00</datDo>
    </udaj>
    <udaj ID="1061729362">
      <hod>26527</hod>
      <uka>u1</uka>
      <vec>v1</vec>
      <vec>v2</vec>
      <mj>m1</mj>
      <uze>p1</uze>
      <cas>c14</cas>
      <zdr>z1</zdr>
      <datOd>2022-12-07T00:00:00</datOd>
      <datDo>2065-12-31T00:00:00</datDo>
    </udaj>
    <udaj ID="1061729363">
      <hod>28380</hod>
      <uka>u1</uka>
      <vec>v1</vec>
      <vec>v2</vec>
      <mj>m1</mj>
      <uze>p1</uze>
      <cas>c15</cas>
      <zdr>z1</zdr>
      <datOd>2022-12-07T00:00:00</datOd>
      <datDo>2065-12-31T00:00:00</datDo>
    </udaj>
    <udaj ID="1061729364">
      <hod>30543</hod>
      <uka>u1</uka>
      <vec>v1</vec>
      <vec>v2</vec>
      <mj>m1</mj>
      <uze>p1</uze>
      <cas>c16</cas>
      <zdr>z1</zdr>
      <datOd>2022-12-07T00:00:00</datOd>
      <datDo>2065-12-31T00:00:00</datDo>
    </udaj>
    <udaj ID="1139549325">
      <hod>72748</hod>
      <uka>u1</uka>
      <vec>v1</vec>
      <vec>v2</vec>
      <mj>m1</mj>
      <uze>p1</uze>
      <cas>c17</cas>
      <zdr>z2</zdr>
      <datOd>2023-08-31T09:00:00</datOd>
      <datDo>2065-12-31T00:00:00</datDo>
    </udaj>
    <udaj ID="1061729646">
      <hod>2815</hod>
      <uka>u1</uka>
      <vec>v1</vec>
      <vec>v3</vec>
      <mj>m1</mj>
      <uze>p1</uze>
      <cas>c1</cas>
      <zdr>z1</zdr>
      <datOd>2022-12-07T00:00:00</datOd>
      <datDo>2065-12-31T00:00:00</datDo>
    </udaj>
    <udaj ID="1061729647">
      <hod>3306</hod>
      <uka>u1</uka>
      <vec>v1</vec>
      <vec>v3</vec>
      <mj>m1</mj>
      <uze>p1</uze>
      <cas>c2</cas>
      <zdr>z1</zdr>
      <datOd>2022-12-07T00:00:00</datOd>
      <datDo>2065-12-31T00:00:00</datDo>
    </udaj>
    <udaj ID="1061729648">
      <hod>3691</hod>
      <uka>u1</uka>
      <vec>v1</vec>
      <vec>v3</vec>
      <mj>m1</mj>
      <uze>p1</uze>
      <cas>c3</cas>
      <zdr>z1</zdr>
      <datOd>2022-12-07T00:00:00</datOd>
      <datDo>2065-12-31T00:00:00</datDo>
    </udaj>
    <udaj ID="1061729649">
      <hod>3781</hod>
      <uka>u1</uka>
      <vec>v1</vec>
      <vec>v3</vec>
      <mj>m1</mj>
      <uze>p1</uze>
      <cas>c4</cas>
      <zdr>z1</zdr>
      <datOd>2022-12-07T00:00:00</datOd>
      <datDo>2065-12-31T00:00:00</datDo>
    </udaj>
    <udaj ID="1061729650">
      <hod>3914</hod>
      <uka>u1</uka>
      <vec>v1</vec>
      <vec>v3</vec>
      <mj>m1</mj>
      <uze>p1</uze>
      <cas>c5</cas>
      <zdr>z1</zdr>
      <datOd>2022-12-07T00:00:00</datOd>
      <datDo>2065-12-31T00:00:00</datDo>
    </udaj>
    <udaj ID="1061729651">
      <hod>4237</hod>
      <uka>u1</uka>
      <vec>v1</vec>
      <vec>v3</vec>
      <mj>m1</mj>
      <uze>p1</uze>
      <cas>c6</cas>
      <zdr>z1</zdr>
      <datOd>2022-12-07T00:00:00</datOd>
      <datDo>2065-12-31T00:00:00</datDo>
    </udaj>
    <udaj ID="1061729652">
      <hod>4471</hod>
      <uka>u1</uka>
      <vec>v1</vec>
      <vec>v3</vec>
      <mj>m1</mj>
      <uze>p1</uze>
      <cas>c7</cas>
      <zdr>z1</zdr>
      <datOd>2022-12-07T00:00:00</datOd>
      <datDo>2065-12-31T00:00:00</datDo>
    </udaj>
    <udaj ID="1061729653">
      <hod>4852</hod>
      <uka>u1</uka>
      <vec>v1</vec>
      <vec>v3</vec>
      <mj>m1</mj>
      <uze>p1</uze>
      <cas>c8</cas>
      <zdr>z1</zdr>
      <datOd>2022-12-07T00:00:00</datOd>
      <datDo>2065-12-31T00:00:00</datDo>
    </udaj>
    <udaj ID="1061729654">
      <hod>5334</hod>
      <uka>u1</uka>
      <vec>v1</vec>
      <vec>v3</vec>
      <mj>m1</mj>
      <uze>p1</uze>
      <cas>c9</cas>
      <zdr>z1</zdr>
      <datOd>2022-12-07T00:00:00</datOd>
      <datDo>2065-12-31T00:00:00</datDo>
    </udaj>
    <udaj ID="1061729655">
      <hod>5865</hod>
      <uka>u1</uka>
      <vec>v1</vec>
      <vec>v3</vec>
      <mj>m1</mj>
      <uze>p1</uze>
      <cas>c10</cas>
      <zdr>z1</zdr>
      <datOd>2022-12-07T00:00:00</datOd>
      <datDo>2065-12-31T00:00:00</datDo>
    </udaj>
    <udaj ID="1061729656">
      <hod>6549</hod>
      <uka>u1</uka>
      <vec>v1</vec>
      <vec>v3</vec>
      <mj>m1</mj>
      <uze>p1</uze>
      <cas>c11</cas>
      <zdr>z1</zdr>
      <datOd>2022-12-07T00:00:00</datOd>
      <datDo>2065-12-31T00:00:00</datDo>
    </udaj>
    <udaj ID="1061729657">
      <hod>7157</hod>
      <uka>u1</uka>
      <vec>v1</vec>
      <vec>v3</vec>
      <mj>m1</mj>
      <uze>p1</uze>
      <cas>c12</cas>
      <zdr>z1</zdr>
      <datOd>2022-12-07T00:00:00</datOd>
      <datDo>2065-12-31T00:00:00</datDo>
    </udaj>
    <udaj ID="1061729658">
      <hod>7803</hod>
      <uka>u1</uka>
      <vec>v1</vec>
      <vec>v3</vec>
      <mj>m1</mj>
      <uze>p1</uze>
      <cas>c13</cas>
      <zdr>z1</zdr>
      <datOd>2022-12-07T00:00:00</datOd>
      <datDo>2065-12-31T00:00:00</datDo>
    </udaj>
    <udaj ID="1061729659">
      <hod>8325</hod>
      <uka>u1</uka>
      <vec>v1</vec>
      <vec>v3</vec>
      <mj>m1</mj>
      <uze>p1</uze>
      <cas>c14</cas>
      <zdr>z1</zdr>
      <datOd>2022-12-07T00:00:00</datOd>
      <datDo>2065-12-31T00:00:00</datDo>
    </udaj>
    <udaj ID="1061729727">
      <hod>8499</hod>
      <uka>u1</uka>
      <vec>v1</vec>
      <vec>v3</vec>
      <mj>m1</mj>
      <uze>p1</uze>
      <cas>c15</cas>
      <zdr>z1</zdr>
      <datOd>2022-12-07T00:00:00</datOd>
      <datDo>2065-12-31T00:00:00</datDo>
    </udaj>
    <udaj ID="1061729728">
      <hod>8689</hod>
      <uka>u1</uka>
      <vec>v1</vec>
      <vec>v3</vec>
      <mj>m1</mj>
      <uze>p1</uze>
      <cas>c16</cas>
      <zdr>z1</zdr>
      <datOd>2022-12-07T00:00:00</datOd>
      <datDo>2065-12-31T00:00:00</datDo>
    </udaj>
    <udaj ID="1139549380">
      <hod>9015</hod>
      <uka>u1</uka>
      <vec>v1</vec>
      <vec>v3</vec>
      <mj>m1</mj>
      <uze>p1</uze>
      <cas>c17</cas>
      <zdr>z2</zdr>
      <datOd>2023-08-31T09:00:00</datOd>
      <datDo>2065-12-31T00:00:00</datDo>
    </udaj>
    <udaj ID="1061728543">
      <hod>4769</hod>
      <uka>u1</uka>
      <vec>v1</vec>
      <vec>v4</vec>
      <mj>m1</mj>
      <uze>p1</uze>
      <cas>c1</cas>
      <zdr>z1</zdr>
      <datOd>2022-12-07T00:00:00</datOd>
      <datDo>2065-12-31T00:00:00</datDo>
    </udaj>
    <udaj ID="1061728544">
      <hod>4703</hod>
      <uka>u1</uka>
      <vec>v1</vec>
      <vec>v4</vec>
      <mj>m1</mj>
      <uze>p1</uze>
      <cas>c2</cas>
      <zdr>z1</zdr>
      <datOd>2022-12-07T00:00:00</datOd>
      <datDo>2065-12-31T00:00:00</datDo>
    </udaj>
    <udaj ID="1061728545">
      <hod>4945</hod>
      <uka>u1</uka>
      <vec>v1</vec>
      <vec>v4</vec>
      <mj>m1</mj>
      <uze>p1</uze>
      <cas>c3</cas>
      <zdr>z1</zdr>
      <datOd>2022-12-07T00:00:00</datOd>
      <datDo>2065-12-31T00:00:00</datDo>
    </udaj>
    <udaj ID="1061728546">
      <hod>5233</hod>
      <uka>u1</uka>
      <vec>v1</vec>
      <vec>v4</vec>
      <mj>m1</mj>
      <uze>p1</uze>
      <cas>c4</cas>
      <zdr>z1</zdr>
      <datOd>2022-12-07T00:00:00</datOd>
      <datDo>2065-12-31T00:00:00</datDo>
    </udaj>
    <udaj ID="1061728547">
      <hod>5418</hod>
      <uka>u1</uka>
      <vec>v1</vec>
      <vec>v4</vec>
      <mj>m1</mj>
      <uze>p1</uze>
      <cas>c5</cas>
      <zdr>z1</zdr>
      <datOd>2022-12-07T00:00:00</datOd>
      <datDo>2065-12-31T00:00:00</datDo>
    </udaj>
    <udaj ID="1061728548">
      <hod>5565</hod>
      <uka>u1</uka>
      <vec>v1</vec>
      <vec>v4</vec>
      <mj>m1</mj>
      <uze>p1</uze>
      <cas>c6</cas>
      <zdr>z1</zdr>
      <datOd>2022-12-07T00:00:00</datOd>
      <datDo>2065-12-31T00:00:00</datDo>
    </udaj>
    <udaj ID="1061728549">
      <hod>5627</hod>
      <uka>u1</uka>
      <vec>v1</vec>
      <vec>v4</vec>
      <mj>m1</mj>
      <uze>p1</uze>
      <cas>c7</cas>
      <zdr>z1</zdr>
      <datOd>2022-12-07T00:00:00</datOd>
      <datDo>2065-12-31T00:00:00</datDo>
    </udaj>
    <udaj ID="1061728550">
      <hod>5702</hod>
      <uka>u1</uka>
      <vec>v1</vec>
      <vec>v4</vec>
      <mj>m1</mj>
      <uze>p1</uze>
      <cas>c8</cas>
      <zdr>z1</zdr>
      <datOd>2022-12-07T00:00:00</datOd>
      <datDo>2065-12-31T00:00:00</datDo>
    </udaj>
    <udaj ID="1061728551">
      <hod>6256</hod>
      <uka>u1</uka>
      <vec>v1</vec>
      <vec>v4</vec>
      <mj>m1</mj>
      <uze>p1</uze>
      <cas>c9</cas>
      <zdr>z1</zdr>
      <datOd>2022-12-07T00:00:00</datOd>
      <datDo>2065-12-31T00:00:00</datDo>
    </udaj>
    <udaj ID="1061728552">
      <hod>7027</hod>
      <uka>u1</uka>
      <vec>v1</vec>
      <vec>v4</vec>
      <mj>m1</mj>
      <uze>p1</uze>
      <cas>c10</cas>
      <zdr>z1</zdr>
      <datOd>2022-12-07T00:00:00</datOd>
      <datDo>2065-12-31T00:00:00</datDo>
    </udaj>
    <udaj ID="1061728553">
      <hod>7791</hod>
      <uka>u1</uka>
      <vec>v1</vec>
      <vec>v4</vec>
      <mj>m1</mj>
      <uze>p1</uze>
      <cas>c11</cas>
      <zdr>z1</zdr>
      <datOd>2022-12-07T00:00:00</datOd>
      <datDo>2065-12-31T00:00:00</datDo>
    </udaj>
    <udaj ID="1061728554">
      <hod>8407</hod>
      <uka>u1</uka>
      <vec>v1</vec>
      <vec>v4</vec>
      <mj>m1</mj>
      <uze>p1</uze>
      <cas>c12</cas>
      <zdr>z1</zdr>
      <datOd>2022-12-07T00:00:00</datOd>
      <datDo>2065-12-31T00:00:00</datDo>
    </udaj>
    <udaj ID="1061728555">
      <hod>9290</hod>
      <uka>u1</uka>
      <vec>v1</vec>
      <vec>v4</vec>
      <mj>m1</mj>
      <uze>p1</uze>
      <cas>c13</cas>
      <zdr>z1</zdr>
      <datOd>2022-12-07T00:00:00</datOd>
      <datDo>2065-12-31T00:00:00</datDo>
    </udaj>
    <udaj ID="1061728556">
      <hod>10456</hod>
      <uka>u1</uka>
      <vec>v1</vec>
      <vec>v4</vec>
      <mj>m1</mj>
      <uze>p1</uze>
      <cas>c14</cas>
      <zdr>z1</zdr>
      <datOd>2022-12-07T00:00:00</datOd>
      <datDo>2065-12-31T00:00:00</datDo>
    </udaj>
    <udaj ID="1061728557">
      <hod>11477</hod>
      <uka>u1</uka>
      <vec>v1</vec>
      <vec>v4</vec>
      <mj>m1</mj>
      <uze>p1</uze>
      <cas>c15</cas>
      <zdr>z1</zdr>
      <datOd>2022-12-07T00:00:00</datOd>
      <datDo>2065-12-31T00:00:00</datDo>
    </udaj>
    <udaj ID="1061728558">
      <hod>12890</hod>
      <uka>u1</uka>
      <vec>v1</vec>
      <vec>v4</vec>
      <mj>m1</mj>
      <uze>p1</uze>
      <cas>c16</cas>
      <zdr>z1</zdr>
      <datOd>2022-12-07T00:00:00</datOd>
      <datDo>2065-12-31T00:00:00</datDo>
    </udaj>
    <udaj ID="1139549436">
      <hod>54289</hod>
      <uka>u1</uka>
      <vec>v1</vec>
      <vec>v4</vec>
      <mj>m1</mj>
      <uze>p1</uze>
      <cas>c17</cas>
      <zdr>z2</zdr>
      <datOd>2023-08-31T09:00:00</datOd>
      <datDo>2065-12-31T00:00:00</datDo>
    </udaj>
    <udaj ID="1061728911">
      <hod>4920</hod>
      <uka>u1</uka>
      <vec>v1</vec>
      <vec>v5</vec>
      <mj>m1</mj>
      <uze>p1</uze>
      <cas>c1</cas>
      <zdr>z1</zdr>
      <datOd>2022-12-07T00:00:00</datOd>
      <datDo>2065-12-31T00:00:00</datDo>
    </udaj>
    <udaj ID="1061728912">
      <hod>4954</hod>
      <uka>u1</uka>
      <vec>v1</vec>
      <vec>v5</vec>
      <mj>m1</mj>
      <uze>p1</uze>
      <cas>c2</cas>
      <zdr>z1</zdr>
      <datOd>2022-12-07T00:00:00</datOd>
      <datDo>2065-12-31T00:00:00</datDo>
    </udaj>
    <udaj ID="1061728913">
      <hod>4947</hod>
      <uka>u1</uka>
      <vec>v1</vec>
      <vec>v5</vec>
      <mj>m1</mj>
      <uze>p1</uze>
      <cas>c3</cas>
      <zdr>z1</zdr>
      <datOd>2022-12-07T00:00:00</datOd>
      <datDo>2065-12-31T00:00:00</datDo>
    </udaj>
    <udaj ID="1061728914">
      <hod>4825</hod>
      <uka>u1</uka>
      <vec>v1</vec>
      <vec>v5</vec>
      <mj>m1</mj>
      <uze>p1</uze>
      <cas>c4</cas>
      <zdr>z1</zdr>
      <datOd>2022-12-07T00:00:00</datOd>
      <datDo>2065-12-31T00:00:00</datDo>
    </udaj>
    <udaj ID="1061728915">
      <hod>4777</hod>
      <uka>u1</uka>
      <vec>v1</vec>
      <vec>v5</vec>
      <mj>m1</mj>
      <uze>p1</uze>
      <cas>c5</cas>
      <zdr>z1</zdr>
      <datOd>2022-12-07T00:00:00</datOd>
      <datDo>2065-12-31T00:00:00</datDo>
    </udaj>
    <udaj ID="1061728916">
      <hod>4542</hod>
      <uka>u1</uka>
      <vec>v1</vec>
      <vec>v5</vec>
      <mj>m1</mj>
      <uze>p1</uze>
      <cas>c6</cas>
      <zdr>z1</zdr>
      <datOd>2022-12-07T00:00:00</datOd>
      <datDo>2065-12-31T00:00:00</datDo>
    </udaj>
    <udaj ID="1061728917">
      <hod>4453</hod>
      <uka>u1</uka>
      <vec>v1</vec>
      <vec>v5</vec>
      <mj>m1</mj>
      <uze>p1</uze>
      <cas>c7</cas>
      <zdr>z1</zdr>
      <datOd>2022-12-07T00:00:00</datOd>
      <datDo>2065-12-31T00:00:00</datDo>
    </udaj>
    <udaj ID="1061728918">
      <hod>4555</hod>
      <uka>u1</uka>
      <vec>v1</vec>
      <vec>v5</vec>
      <mj>m1</mj>
      <uze>p1</uze>
      <cas>c8</cas>
      <zdr>z1</zdr>
      <datOd>2022-12-07T00:00:00</datOd>
      <datDo>2065-12-31T00:00:00</datDo>
    </udaj>
    <udaj ID="1061728919">
      <hod>4887</hod>
      <uka>u1</uka>
      <vec>v1</vec>
      <vec>v5</vec>
      <mj>m1</mj>
      <uze>p1</uze>
      <cas>c9</cas>
      <zdr>z1</zdr>
      <datOd>2022-12-07T00:00:00</datOd>
      <datDo>2065-12-31T00:00:00</datDo>
    </udaj>
    <udaj ID="1061728920">
      <hod>5389</hod>
      <uka>u1</uka>
      <vec>v1</vec>
      <vec>v5</vec>
      <mj>m1</mj>
      <uze>p1</uze>
      <cas>c10</cas>
      <zdr>z1</zdr>
      <datOd>2022-12-07T00:00:00</datOd>
      <datDo>2065-12-31T00:00:00</datDo>
    </udaj>
    <udaj ID="1061728921">
      <hod>5897</hod>
      <uka>u1</uka>
      <vec>v1</vec>
      <vec>v5</vec>
      <mj>m1</mj>
      <uze>p1</uze>
      <cas>c11</cas>
      <zdr>z1</zdr>
      <datOd>2022-12-07T00:00:00</datOd>
      <datDo>2065-12-31T00:00:00</datDo>
    </udaj>
    <udaj ID="1061728922">
      <hod>6428</hod>
      <uka>u1</uka>
      <vec>v1</vec>
      <vec>v5</vec>
      <mj>m1</mj>
      <uze>p1</uze>
      <cas>c12</cas>
      <zdr>z1</zdr>
      <datOd>2022-12-07T00:00:00</datOd>
      <datDo>2065-12-31T00:00:00</datDo>
    </udaj>
    <udaj ID="1061728923">
      <hod>6933</hod>
      <uka>u1</uka>
      <vec>v1</vec>
      <vec>v5</vec>
      <mj>m1</mj>
      <uze>p1</uze>
      <cas>c13</cas>
      <zdr>z1</zdr>
      <datOd>2022-12-07T00:00:00</datOd>
      <datDo>2065-12-31T00:00:00</datDo>
    </udaj>
    <udaj ID="1061728924">
      <hod>7746</hod>
      <uka>u1</uka>
      <vec>v1</vec>
      <vec>v5</vec>
      <mj>m1</mj>
      <uze>p1</uze>
      <cas>c14</cas>
      <zdr>z1</zdr>
      <datOd>2022-12-07T00:00:00</datOd>
      <datDo>2065-12-31T00:00:00</datDo>
    </udaj>
    <udaj ID="1061728925">
      <hod>8404</hod>
      <uka>u1</uka>
      <vec>v1</vec>
      <vec>v5</vec>
      <mj>m1</mj>
      <uze>p1</uze>
      <cas>c15</cas>
      <zdr>z1</zdr>
      <datOd>2022-12-07T00:00:00</datOd>
      <datDo>2065-12-31T00:00:00</datDo>
    </udaj>
    <udaj ID="1061728926">
      <hod>8964</hod>
      <uka>u1</uka>
      <vec>v1</vec>
      <vec>v5</vec>
      <mj>m1</mj>
      <uze>p1</uze>
      <cas>c16</cas>
      <zdr>z1</zdr>
      <datOd>2022-12-07T00:00:00</datOd>
      <datDo>2065-12-31T00:00:00</datDo>
    </udaj>
    <udaj ID="1139549491">
      <hod>9444</hod>
      <uka>u1</uka>
      <vec>v1</vec>
      <vec>v5</vec>
      <mj>m1</mj>
      <uze>p1</uze>
      <cas>c17</cas>
      <zdr>z2</zdr>
      <datOd>2023-08-31T09:00:00</datOd>
      <datDo>2065-12-31T00:00:00</datDo>
    </udaj>
  </data>
</vdbData>
