<?xml version="1.0" encoding="UTF-8" standalone="yes"?>
<vdbData xmlns="http://vdb.czso.cz/xml/export" xmlns:xsi="http://www.w3.org/2001/XMLSchema-instance" VERZE="1.1" JAZYK="cs" xsi:schemaLocation="http://vdb.czso.cz/xml/VdbData.xsd">
  <pruvodka>
    <copyright ROK="2023">© Český statistický úřad</copyright>
    <disclaimer>Poskytovatel neodpovídá za případné škody vzniklé v souvislosti s poskytnutými statistickými informacemi.</disclaimer>
    <ident>VZD17d</ident>
    <nazev>Počet dětí, žáků a studentů cizího státního občanství ve školách vzdělávací soustavy ČR, celkem a vybraná státní občanství</nazev>
    <nastaveniExportu>
      <parametry>ZVOLENE</parametry>
      <rozsah>T</rozsah>
      <definice>N</definice>
      <atributy>N</atributy>
      <typDat>N</typDat>
      <casAktDB>N</casAktDB>
    </nastaveniExportu>
    <zdrojoveURI>https://vdb.czso.cz/vdbvo2/faces/cs/index.jsf?page=vystup-objekt&amp;z=T&amp;f=TABULKA&amp;pvo=VZD17d&amp;skupId=5055&amp;katalog=30848&amp;&amp;str=v12&amp;kodjaz=203</zdrojoveURI>
    <generator>VdbExporty: 1.1.11</generator>
    <casExportu>2023-10-21T00:55:27</casExportu>
    <pocetUdaju>90</pocetUdaju>
  </pruvodka>
  <metaSlovnik>
    <ukazatel>
      <uka ID="u1">
        <kod>6058</kod>
        <text>Počet studentů</text>
      </uka>
    </ukazatel>
    <vecneUpresneni>
      <element ID="v1">
        <dim>DRUHSKOLZAR</dim>
        <dimText>Druh školy a školského zařízení</dimText>
        <ciselnik>340</ciselnik>
        <kod>5</kod>
        <text>Vyšší odborná škola</text>
      </element>
      <element ID="v2">
        <dim>STOBCAN</dim>
        <dimText>Státní občanství</dimText>
        <ciselnik>3344</ciselnik>
        <kod>1</kod>
        <text>Mimo ČR - cizí státní občanství (metodika Eurostatu)</text>
      </element>
      <element ID="v3">
        <dim>STOBCAN</dim>
        <dimText>Státní občanství</dimText>
        <ciselnik>5837</ciselnik>
        <kod>398000</kod>
        <text>Republika Kazachstán</text>
      </element>
      <element ID="v4">
        <dim>STOBCAN</dim>
        <dimText>Státní občanství</dimText>
        <ciselnik>5837</ciselnik>
        <kod>643000</kod>
        <text>Ruská federace</text>
      </element>
      <element ID="v5">
        <dim>STOBCAN</dim>
        <dimText>Státní občanství</dimText>
        <ciselnik>5837</ciselnik>
        <kod>703000</kod>
        <text>Slovenská republika</text>
      </element>
      <element ID="v6">
        <dim>STOBCAN</dim>
        <dimText>Státní občanství</dimText>
        <ciselnik>5837</ciselnik>
        <kod>804000</kod>
        <text>Ukrajina</text>
      </element>
    </vecneUpresneni>
    <mericiJednotka>
      <element ID="m1">
        <dim>MJ_SKUTEC</dim>
        <dimText>Skutečná měřicí jednotka</dimText>
        <ciselnik>78</ciselnik>
        <kod>80400</kod>
        <text>osoba</text>
      </element>
    </mericiJednotka>
    <uzemi>
      <element ID="p1">
        <dim>VUZEMI</dim>
        <dimText>V území</dimText>
        <ciselnik>97</ciselnik>
        <kod>19</kod>
        <text>Česká republika</text>
      </element>
    </uzemi>
    <obdobi>
      <cas ID="c1">
        <casOd>2005-09-01</casOd>
        <casDo>2006-06-30</casDo>
      </cas>
      <cas ID="c2">
        <casOd>2006-09-01</casOd>
        <casDo>2007-06-30</casDo>
      </cas>
      <cas ID="c3">
        <casOd>2007-09-01</casOd>
        <casDo>2008-06-30</casDo>
      </cas>
      <cas ID="c4">
        <casOd>2008-09-01</casOd>
        <casDo>2009-06-30</casDo>
      </cas>
      <cas ID="c5">
        <casOd>2009-09-01</casOd>
        <casDo>2010-06-30</casDo>
      </cas>
      <cas ID="c6">
        <casOd>2010-09-01</casOd>
        <casDo>2011-06-30</casDo>
      </cas>
      <cas ID="c7">
        <casOd>2011-09-01</casOd>
        <casDo>2012-06-30</casDo>
      </cas>
      <cas ID="c8">
        <casOd>2012-09-01</casOd>
        <casDo>2013-06-30</casDo>
      </cas>
      <cas ID="c9">
        <casOd>2013-09-01</casOd>
        <casDo>2014-06-30</casDo>
      </cas>
      <cas ID="c10">
        <casOd>2014-09-01</casOd>
        <casDo>2015-06-30</casDo>
      </cas>
      <cas ID="c11">
        <casOd>2015-09-01</casOd>
        <casDo>2016-06-30</casDo>
      </cas>
      <cas ID="c12">
        <casOd>2016-09-01</casOd>
        <casDo>2017-06-30</casDo>
      </cas>
      <cas ID="c13">
        <casOd>2017-09-01</casOd>
        <casDo>2018-06-30</casDo>
      </cas>
      <cas ID="c14">
        <casOd>2018-09-01</casOd>
        <casDo>2019-06-30</casDo>
      </cas>
      <cas ID="c15">
        <casOd>2019-09-01</casOd>
        <casDo>2020-06-30</casDo>
      </cas>
      <cas ID="c16">
        <casOd>2020-09-01</casOd>
        <casDo>2021-06-30</casDo>
      </cas>
      <cas ID="c17">
        <casOd>2021-09-01</casOd>
        <casDo>2022-06-30</casDo>
      </cas>
      <cas ID="c18">
        <casOd>2022-09-01</casOd>
        <casDo>2023-06-30</casDo>
      </cas>
    </obdobi>
    <zdrojovaUloha>
      <zdr ID="z1">
        <kod>ADMMSMTVZD</kod>
        <text>Adm. zdroj dat z MŠMT - Vzdělávání</text>
        <verze>1900100</verze>
        <verzeText>roční (leden - prosinec) zpracování - 1. verze</verzeText>
        <obdobiOd>2021-01-01</obdobiOd>
        <obdobiDo>2021-12-31</obdobiDo>
      </zdr>
      <zdr ID="z2">
        <kod>ADMMSMTVZD</kod>
        <text>Adm. zdroj dat z MŠMT - Vzdělávání</text>
        <verze>1900100</verze>
        <verzeText>roční (leden - prosinec) zpracování - 1. verze</verzeText>
        <obdobiOd>2022-01-01</obdobiOd>
        <obdobiDo>2022-12-31</obdobiDo>
      </zdr>
    </zdrojovaUloha>
  </metaSlovnik>
  <data>
    <udaj ID="1061731317">
      <hod>313</hod>
      <uka>u1</uka>
      <vec>v1</vec>
      <vec>v2</vec>
      <mj>m1</mj>
      <uze>p1</uze>
      <cas>c1</cas>
      <zdr>z1</zdr>
      <datOd>2022-12-07T00:00:00</datOd>
      <datDo>2065-12-31T00:00:00</datDo>
    </udaj>
    <udaj ID="1061729462">
      <hod>304</hod>
      <uka>u1</uka>
      <vec>v1</vec>
      <vec>v2</vec>
      <mj>m1</mj>
      <uze>p1</uze>
      <cas>c2</cas>
      <zdr>z1</zdr>
      <datOd>2022-12-07T00:00:00</datOd>
      <datDo>2065-12-31T00:00:00</datDo>
    </udaj>
    <udaj ID="1061729463">
      <hod>321</hod>
      <uka>u1</uka>
      <vec>v1</vec>
      <vec>v2</vec>
      <mj>m1</mj>
      <uze>p1</uze>
      <cas>c3</cas>
      <zdr>z1</zdr>
      <datOd>2022-12-07T00:00:00</datOd>
      <datDo>2065-12-31T00:00:00</datDo>
    </udaj>
    <udaj ID="1061729464">
      <hod>307</hod>
      <uka>u1</uka>
      <vec>v1</vec>
      <vec>v2</vec>
      <mj>m1</mj>
      <uze>p1</uze>
      <cas>c4</cas>
      <zdr>z1</zdr>
      <datOd>2022-12-07T00:00:00</datOd>
      <datDo>2065-12-31T00:00:00</datDo>
    </udaj>
    <udaj ID="1061729465">
      <hod>349</hod>
      <uka>u1</uka>
      <vec>v1</vec>
      <vec>v2</vec>
      <mj>m1</mj>
      <uze>p1</uze>
      <cas>c5</cas>
      <zdr>z1</zdr>
      <datOd>2022-12-07T00:00:00</datOd>
      <datDo>2065-12-31T00:00:00</datDo>
    </udaj>
    <udaj ID="1061729466">
      <hod>426</hod>
      <uka>u1</uka>
      <vec>v1</vec>
      <vec>v2</vec>
      <mj>m1</mj>
      <uze>p1</uze>
      <cas>c6</cas>
      <zdr>z1</zdr>
      <datOd>2022-12-07T00:00:00</datOd>
      <datDo>2065-12-31T00:00:00</datDo>
    </udaj>
    <udaj ID="1061729467">
      <hod>464</hod>
      <uka>u1</uka>
      <vec>v1</vec>
      <vec>v2</vec>
      <mj>m1</mj>
      <uze>p1</uze>
      <cas>c7</cas>
      <zdr>z1</zdr>
      <datOd>2022-12-07T00:00:00</datOd>
      <datDo>2065-12-31T00:00:00</datDo>
    </udaj>
    <udaj ID="1061729468">
      <hod>510</hod>
      <uka>u1</uka>
      <vec>v1</vec>
      <vec>v2</vec>
      <mj>m1</mj>
      <uze>p1</uze>
      <cas>c8</cas>
      <zdr>z1</zdr>
      <datOd>2022-12-07T00:00:00</datOd>
      <datDo>2065-12-31T00:00:00</datDo>
    </udaj>
    <udaj ID="1061729469">
      <hod>547</hod>
      <uka>u1</uka>
      <vec>v1</vec>
      <vec>v2</vec>
      <mj>m1</mj>
      <uze>p1</uze>
      <cas>c9</cas>
      <zdr>z1</zdr>
      <datOd>2022-12-07T00:00:00</datOd>
      <datDo>2065-12-31T00:00:00</datDo>
    </udaj>
    <udaj ID="1061729470">
      <hod>552</hod>
      <uka>u1</uka>
      <vec>v1</vec>
      <vec>v2</vec>
      <mj>m1</mj>
      <uze>p1</uze>
      <cas>c10</cas>
      <zdr>z1</zdr>
      <datOd>2022-12-07T00:00:00</datOd>
      <datDo>2065-12-31T00:00:00</datDo>
    </udaj>
    <udaj ID="1061729471">
      <hod>587</hod>
      <uka>u1</uka>
      <vec>v1</vec>
      <vec>v2</vec>
      <mj>m1</mj>
      <uze>p1</uze>
      <cas>c11</cas>
      <zdr>z1</zdr>
      <datOd>2022-12-07T00:00:00</datOd>
      <datDo>2065-12-31T00:00:00</datDo>
    </udaj>
    <udaj ID="1061729472">
      <hod>611</hod>
      <uka>u1</uka>
      <vec>v1</vec>
      <vec>v2</vec>
      <mj>m1</mj>
      <uze>p1</uze>
      <cas>c12</cas>
      <zdr>z1</zdr>
      <datOd>2022-12-07T00:00:00</datOd>
      <datDo>2065-12-31T00:00:00</datDo>
    </udaj>
    <udaj ID="1061729473">
      <hod>647</hod>
      <uka>u1</uka>
      <vec>v1</vec>
      <vec>v2</vec>
      <mj>m1</mj>
      <uze>p1</uze>
      <cas>c13</cas>
      <zdr>z1</zdr>
      <datOd>2022-12-07T00:00:00</datOd>
      <datDo>2065-12-31T00:00:00</datDo>
    </udaj>
    <udaj ID="1061729474">
      <hod>705</hod>
      <uka>u1</uka>
      <vec>v1</vec>
      <vec>v2</vec>
      <mj>m1</mj>
      <uze>p1</uze>
      <cas>c14</cas>
      <zdr>z1</zdr>
      <datOd>2022-12-07T00:00:00</datOd>
      <datDo>2065-12-31T00:00:00</datDo>
    </udaj>
    <udaj ID="1061729475">
      <hod>732</hod>
      <uka>u1</uka>
      <vec>v1</vec>
      <vec>v2</vec>
      <mj>m1</mj>
      <uze>p1</uze>
      <cas>c15</cas>
      <zdr>z1</zdr>
      <datOd>2022-12-07T00:00:00</datOd>
      <datDo>2065-12-31T00:00:00</datDo>
    </udaj>
    <udaj ID="1061729476">
      <hod>737</hod>
      <uka>u1</uka>
      <vec>v1</vec>
      <vec>v2</vec>
      <mj>m1</mj>
      <uze>p1</uze>
      <cas>c16</cas>
      <zdr>z1</zdr>
      <datOd>2022-12-07T00:00:00</datOd>
      <datDo>2065-12-31T00:00:00</datDo>
    </udaj>
    <udaj ID="1061729477">
      <hod>721</hod>
      <uka>u1</uka>
      <vec>v1</vec>
      <vec>v2</vec>
      <mj>m1</mj>
      <uze>p1</uze>
      <cas>c17</cas>
      <zdr>z1</zdr>
      <datOd>2022-12-07T00:00:00</datOd>
      <datDo>2065-12-31T00:00:00</datDo>
    </udaj>
    <udaj ID="1139549347">
      <hod>762</hod>
      <uka>u1</uka>
      <vec>v1</vec>
      <vec>v2</vec>
      <mj>m1</mj>
      <uze>p1</uze>
      <cas>c18</cas>
      <zdr>z2</zdr>
      <datOd>2023-08-31T09:00:00</datOd>
      <datDo>2065-12-31T00:00:00</datDo>
    </udaj>
    <udaj ID="1061731318">
      <hod>197</hod>
      <uka>u1</uka>
      <vec>v1</vec>
      <vec>v5</vec>
      <mj>m1</mj>
      <uze>p1</uze>
      <cas>c1</cas>
      <zdr>z1</zdr>
      <datOd>2022-12-07T00:00:00</datOd>
      <datDo>2065-12-31T00:00:00</datDo>
    </udaj>
    <udaj ID="1061731383">
      <hod>184</hod>
      <uka>u1</uka>
      <vec>v1</vec>
      <vec>v5</vec>
      <mj>m1</mj>
      <uze>p1</uze>
      <cas>c2</cas>
      <zdr>z1</zdr>
      <datOd>2022-12-07T00:00:00</datOd>
      <datDo>2065-12-31T00:00:00</datDo>
    </udaj>
    <udaj ID="1061731344">
      <hod>196</hod>
      <uka>u1</uka>
      <vec>v1</vec>
      <vec>v5</vec>
      <mj>m1</mj>
      <uze>p1</uze>
      <cas>c3</cas>
      <zdr>z1</zdr>
      <datOd>2022-12-07T00:00:00</datOd>
      <datDo>2065-12-31T00:00:00</datDo>
    </udaj>
    <udaj ID="1061731454">
      <hod>179</hod>
      <uka>u1</uka>
      <vec>v1</vec>
      <vec>v5</vec>
      <mj>m1</mj>
      <uze>p1</uze>
      <cas>c4</cas>
      <zdr>z1</zdr>
      <datOd>2022-12-07T00:00:00</datOd>
      <datDo>2065-12-31T00:00:00</datDo>
    </udaj>
    <udaj ID="1061731501">
      <hod>188</hod>
      <uka>u1</uka>
      <vec>v1</vec>
      <vec>v5</vec>
      <mj>m1</mj>
      <uze>p1</uze>
      <cas>c5</cas>
      <zdr>z1</zdr>
      <datOd>2022-12-07T00:00:00</datOd>
      <datDo>2065-12-31T00:00:00</datDo>
    </udaj>
    <udaj ID="1061731549">
      <hod>220</hod>
      <uka>u1</uka>
      <vec>v1</vec>
      <vec>v5</vec>
      <mj>m1</mj>
      <uze>p1</uze>
      <cas>c6</cas>
      <zdr>z1</zdr>
      <datOd>2022-12-07T00:00:00</datOd>
      <datDo>2065-12-31T00:00:00</datDo>
    </udaj>
    <udaj ID="1061731596">
      <hod>240</hod>
      <uka>u1</uka>
      <vec>v1</vec>
      <vec>v5</vec>
      <mj>m1</mj>
      <uze>p1</uze>
      <cas>c7</cas>
      <zdr>z1</zdr>
      <datOd>2022-12-07T00:00:00</datOd>
      <datDo>2065-12-31T00:00:00</datDo>
    </udaj>
    <udaj ID="1061731643">
      <hod>242</hod>
      <uka>u1</uka>
      <vec>v1</vec>
      <vec>v5</vec>
      <mj>m1</mj>
      <uze>p1</uze>
      <cas>c8</cas>
      <zdr>z1</zdr>
      <datOd>2022-12-07T00:00:00</datOd>
      <datDo>2065-12-31T00:00:00</datDo>
    </udaj>
    <udaj ID="1061731713">
      <hod>259</hod>
      <uka>u1</uka>
      <vec>v1</vec>
      <vec>v5</vec>
      <mj>m1</mj>
      <uze>p1</uze>
      <cas>c9</cas>
      <zdr>z1</zdr>
      <datOd>2022-12-07T00:00:00</datOd>
      <datDo>2065-12-31T00:00:00</datDo>
    </udaj>
    <udaj ID="1061731760">
      <hod>240</hod>
      <uka>u1</uka>
      <vec>v1</vec>
      <vec>v5</vec>
      <mj>m1</mj>
      <uze>p1</uze>
      <cas>c10</cas>
      <zdr>z1</zdr>
      <datOd>2022-12-07T00:00:00</datOd>
      <datDo>2065-12-31T00:00:00</datDo>
    </udaj>
    <udaj ID="1061731807">
      <hod>264</hod>
      <uka>u1</uka>
      <vec>v1</vec>
      <vec>v5</vec>
      <mj>m1</mj>
      <uze>p1</uze>
      <cas>c11</cas>
      <zdr>z1</zdr>
      <datOd>2022-12-07T00:00:00</datOd>
      <datDo>2065-12-31T00:00:00</datDo>
    </udaj>
    <udaj ID="1061731854">
      <hod>277</hod>
      <uka>u1</uka>
      <vec>v1</vec>
      <vec>v5</vec>
      <mj>m1</mj>
      <uze>p1</uze>
      <cas>c12</cas>
      <zdr>z1</zdr>
      <datOd>2022-12-07T00:00:00</datOd>
      <datDo>2065-12-31T00:00:00</datDo>
    </udaj>
    <udaj ID="1061731902">
      <hod>301</hod>
      <uka>u1</uka>
      <vec>v1</vec>
      <vec>v5</vec>
      <mj>m1</mj>
      <uze>p1</uze>
      <cas>c13</cas>
      <zdr>z1</zdr>
      <datOd>2022-12-07T00:00:00</datOd>
      <datDo>2065-12-31T00:00:00</datDo>
    </udaj>
    <udaj ID="1061731949">
      <hod>284</hod>
      <uka>u1</uka>
      <vec>v1</vec>
      <vec>v5</vec>
      <mj>m1</mj>
      <uze>p1</uze>
      <cas>c14</cas>
      <zdr>z1</zdr>
      <datOd>2022-12-07T00:00:00</datOd>
      <datDo>2065-12-31T00:00:00</datDo>
    </udaj>
    <udaj ID="1061732018">
      <hod>270</hod>
      <uka>u1</uka>
      <vec>v1</vec>
      <vec>v5</vec>
      <mj>m1</mj>
      <uze>p1</uze>
      <cas>c15</cas>
      <zdr>z1</zdr>
      <datOd>2022-12-07T00:00:00</datOd>
      <datDo>2065-12-31T00:00:00</datDo>
    </udaj>
    <udaj ID="1061731352">
      <hod>285</hod>
      <uka>u1</uka>
      <vec>v1</vec>
      <vec>v5</vec>
      <mj>m1</mj>
      <uze>p1</uze>
      <cas>c16</cas>
      <zdr>z1</zdr>
      <datOd>2022-12-07T00:00:00</datOd>
      <datDo>2065-12-31T00:00:00</datDo>
    </udaj>
    <udaj ID="1061731419">
      <hod>287</hod>
      <uka>u1</uka>
      <vec>v1</vec>
      <vec>v5</vec>
      <mj>m1</mj>
      <uze>p1</uze>
      <cas>c17</cas>
      <zdr>z1</zdr>
      <datOd>2022-12-07T00:00:00</datOd>
      <datDo>2065-12-31T00:00:00</datDo>
    </udaj>
    <udaj ID="1139548408">
      <hod>295</hod>
      <uka>u1</uka>
      <vec>v1</vec>
      <vec>v5</vec>
      <mj>m1</mj>
      <uze>p1</uze>
      <cas>c18</cas>
      <zdr>z2</zdr>
      <datOd>2023-08-31T09:00:00</datOd>
      <datDo>2065-12-31T00:00:00</datDo>
    </udaj>
    <udaj ID="1061731319">
      <hod>34</hod>
      <uka>u1</uka>
      <vec>v1</vec>
      <vec>v6</vec>
      <mj>m1</mj>
      <uze>p1</uze>
      <cas>c1</cas>
      <zdr>z1</zdr>
      <datOd>2022-12-07T00:00:00</datOd>
      <datDo>2065-12-31T00:00:00</datDo>
    </udaj>
    <udaj ID="1061731384">
      <hod>43</hod>
      <uka>u1</uka>
      <vec>v1</vec>
      <vec>v6</vec>
      <mj>m1</mj>
      <uze>p1</uze>
      <cas>c2</cas>
      <zdr>z1</zdr>
      <datOd>2022-12-07T00:00:00</datOd>
      <datDo>2065-12-31T00:00:00</datDo>
    </udaj>
    <udaj ID="1061731345">
      <hod>49</hod>
      <uka>u1</uka>
      <vec>v1</vec>
      <vec>v6</vec>
      <mj>m1</mj>
      <uze>p1</uze>
      <cas>c3</cas>
      <zdr>z1</zdr>
      <datOd>2022-12-07T00:00:00</datOd>
      <datDo>2065-12-31T00:00:00</datDo>
    </udaj>
    <udaj ID="1061731455">
      <hod>53</hod>
      <uka>u1</uka>
      <vec>v1</vec>
      <vec>v6</vec>
      <mj>m1</mj>
      <uze>p1</uze>
      <cas>c4</cas>
      <zdr>z1</zdr>
      <datOd>2022-12-07T00:00:00</datOd>
      <datDo>2065-12-31T00:00:00</datDo>
    </udaj>
    <udaj ID="1061731502">
      <hod>73</hod>
      <uka>u1</uka>
      <vec>v1</vec>
      <vec>v6</vec>
      <mj>m1</mj>
      <uze>p1</uze>
      <cas>c5</cas>
      <zdr>z1</zdr>
      <datOd>2022-12-07T00:00:00</datOd>
      <datDo>2065-12-31T00:00:00</datDo>
    </udaj>
    <udaj ID="1061731550">
      <hod>84</hod>
      <uka>u1</uka>
      <vec>v1</vec>
      <vec>v6</vec>
      <mj>m1</mj>
      <uze>p1</uze>
      <cas>c6</cas>
      <zdr>z1</zdr>
      <datOd>2022-12-07T00:00:00</datOd>
      <datDo>2065-12-31T00:00:00</datDo>
    </udaj>
    <udaj ID="1061731597">
      <hod>89</hod>
      <uka>u1</uka>
      <vec>v1</vec>
      <vec>v6</vec>
      <mj>m1</mj>
      <uze>p1</uze>
      <cas>c7</cas>
      <zdr>z1</zdr>
      <datOd>2022-12-07T00:00:00</datOd>
      <datDo>2065-12-31T00:00:00</datDo>
    </udaj>
    <udaj ID="1061731644">
      <hod>115</hod>
      <uka>u1</uka>
      <vec>v1</vec>
      <vec>v6</vec>
      <mj>m1</mj>
      <uze>p1</uze>
      <cas>c8</cas>
      <zdr>z1</zdr>
      <datOd>2022-12-07T00:00:00</datOd>
      <datDo>2065-12-31T00:00:00</datDo>
    </udaj>
    <udaj ID="1061731714">
      <hod>111</hod>
      <uka>u1</uka>
      <vec>v1</vec>
      <vec>v6</vec>
      <mj>m1</mj>
      <uze>p1</uze>
      <cas>c9</cas>
      <zdr>z1</zdr>
      <datOd>2022-12-07T00:00:00</datOd>
      <datDo>2065-12-31T00:00:00</datDo>
    </udaj>
    <udaj ID="1061731761">
      <hod>108</hod>
      <uka>u1</uka>
      <vec>v1</vec>
      <vec>v6</vec>
      <mj>m1</mj>
      <uze>p1</uze>
      <cas>c10</cas>
      <zdr>z1</zdr>
      <datOd>2022-12-07T00:00:00</datOd>
      <datDo>2065-12-31T00:00:00</datDo>
    </udaj>
    <udaj ID="1061731808">
      <hod>106</hod>
      <uka>u1</uka>
      <vec>v1</vec>
      <vec>v6</vec>
      <mj>m1</mj>
      <uze>p1</uze>
      <cas>c11</cas>
      <zdr>z1</zdr>
      <datOd>2022-12-07T00:00:00</datOd>
      <datDo>2065-12-31T00:00:00</datDo>
    </udaj>
    <udaj ID="1061731855">
      <hod>128</hod>
      <uka>u1</uka>
      <vec>v1</vec>
      <vec>v6</vec>
      <mj>m1</mj>
      <uze>p1</uze>
      <cas>c12</cas>
      <zdr>z1</zdr>
      <datOd>2022-12-07T00:00:00</datOd>
      <datDo>2065-12-31T00:00:00</datDo>
    </udaj>
    <udaj ID="1061731903">
      <hod>149</hod>
      <uka>u1</uka>
      <vec>v1</vec>
      <vec>v6</vec>
      <mj>m1</mj>
      <uze>p1</uze>
      <cas>c13</cas>
      <zdr>z1</zdr>
      <datOd>2022-12-07T00:00:00</datOd>
      <datDo>2065-12-31T00:00:00</datDo>
    </udaj>
    <udaj ID="1061731950">
      <hod>157</hod>
      <uka>u1</uka>
      <vec>v1</vec>
      <vec>v6</vec>
      <mj>m1</mj>
      <uze>p1</uze>
      <cas>c14</cas>
      <zdr>z1</zdr>
      <datOd>2022-12-07T00:00:00</datOd>
      <datDo>2065-12-31T00:00:00</datDo>
    </udaj>
    <udaj ID="1061732019">
      <hod>172</hod>
      <uka>u1</uka>
      <vec>v1</vec>
      <vec>v6</vec>
      <mj>m1</mj>
      <uze>p1</uze>
      <cas>c15</cas>
      <zdr>z1</zdr>
      <datOd>2022-12-07T00:00:00</datOd>
      <datDo>2065-12-31T00:00:00</datDo>
    </udaj>
    <udaj ID="1061731353">
      <hod>157</hod>
      <uka>u1</uka>
      <vec>v1</vec>
      <vec>v6</vec>
      <mj>m1</mj>
      <uze>p1</uze>
      <cas>c16</cas>
      <zdr>z1</zdr>
      <datOd>2022-12-07T00:00:00</datOd>
      <datDo>2065-12-31T00:00:00</datDo>
    </udaj>
    <udaj ID="1061731420">
      <hod>166</hod>
      <uka>u1</uka>
      <vec>v1</vec>
      <vec>v6</vec>
      <mj>m1</mj>
      <uze>p1</uze>
      <cas>c17</cas>
      <zdr>z1</zdr>
      <datOd>2022-12-07T00:00:00</datOd>
      <datDo>2065-12-31T00:00:00</datDo>
    </udaj>
    <udaj ID="1139548419">
      <hod>215</hod>
      <uka>u1</uka>
      <vec>v1</vec>
      <vec>v6</vec>
      <mj>m1</mj>
      <uze>p1</uze>
      <cas>c18</cas>
      <zdr>z2</zdr>
      <datOd>2023-08-31T09:00:00</datOd>
      <datDo>2065-12-31T00:00:00</datDo>
    </udaj>
    <udaj ID="1061731320">
      <hod>21</hod>
      <uka>u1</uka>
      <vec>v1</vec>
      <vec>v4</vec>
      <mj>m1</mj>
      <uze>p1</uze>
      <cas>c1</cas>
      <zdr>z1</zdr>
      <datOd>2022-12-07T00:00:00</datOd>
      <datDo>2065-12-31T00:00:00</datDo>
    </udaj>
    <udaj ID="1061731385">
      <hod>25</hod>
      <uka>u1</uka>
      <vec>v1</vec>
      <vec>v4</vec>
      <mj>m1</mj>
      <uze>p1</uze>
      <cas>c2</cas>
      <zdr>z1</zdr>
      <datOd>2022-12-07T00:00:00</datOd>
      <datDo>2065-12-31T00:00:00</datDo>
    </udaj>
    <udaj ID="1061731388">
      <hod>26</hod>
      <uka>u1</uka>
      <vec>v1</vec>
      <vec>v4</vec>
      <mj>m1</mj>
      <uze>p1</uze>
      <cas>c3</cas>
      <zdr>z1</zdr>
      <datOd>2022-12-07T00:00:00</datOd>
      <datDo>2065-12-31T00:00:00</datDo>
    </udaj>
    <udaj ID="1061731456">
      <hod>18</hod>
      <uka>u1</uka>
      <vec>v1</vec>
      <vec>v4</vec>
      <mj>m1</mj>
      <uze>p1</uze>
      <cas>c4</cas>
      <zdr>z1</zdr>
      <datOd>2022-12-07T00:00:00</datOd>
      <datDo>2065-12-31T00:00:00</datDo>
    </udaj>
    <udaj ID="1061731503">
      <hod>27</hod>
      <uka>u1</uka>
      <vec>v1</vec>
      <vec>v4</vec>
      <mj>m1</mj>
      <uze>p1</uze>
      <cas>c5</cas>
      <zdr>z1</zdr>
      <datOd>2022-12-07T00:00:00</datOd>
      <datDo>2065-12-31T00:00:00</datDo>
    </udaj>
    <udaj ID="1061731551">
      <hod>36</hod>
      <uka>u1</uka>
      <vec>v1</vec>
      <vec>v4</vec>
      <mj>m1</mj>
      <uze>p1</uze>
      <cas>c6</cas>
      <zdr>z1</zdr>
      <datOd>2022-12-07T00:00:00</datOd>
      <datDo>2065-12-31T00:00:00</datDo>
    </udaj>
    <udaj ID="1061731598">
      <hod>55</hod>
      <uka>u1</uka>
      <vec>v1</vec>
      <vec>v4</vec>
      <mj>m1</mj>
      <uze>p1</uze>
      <cas>c7</cas>
      <zdr>z1</zdr>
      <datOd>2022-12-07T00:00:00</datOd>
      <datDo>2065-12-31T00:00:00</datDo>
    </udaj>
    <udaj ID="1061731645">
      <hod>65</hod>
      <uka>u1</uka>
      <vec>v1</vec>
      <vec>v4</vec>
      <mj>m1</mj>
      <uze>p1</uze>
      <cas>c8</cas>
      <zdr>z1</zdr>
      <datOd>2022-12-07T00:00:00</datOd>
      <datDo>2065-12-31T00:00:00</datDo>
    </udaj>
    <udaj ID="1061731715">
      <hod>81</hod>
      <uka>u1</uka>
      <vec>v1</vec>
      <vec>v4</vec>
      <mj>m1</mj>
      <uze>p1</uze>
      <cas>c9</cas>
      <zdr>z1</zdr>
      <datOd>2022-12-07T00:00:00</datOd>
      <datDo>2065-12-31T00:00:00</datDo>
    </udaj>
    <udaj ID="1061731762">
      <hod>93</hod>
      <uka>u1</uka>
      <vec>v1</vec>
      <vec>v4</vec>
      <mj>m1</mj>
      <uze>p1</uze>
      <cas>c10</cas>
      <zdr>z1</zdr>
      <datOd>2022-12-07T00:00:00</datOd>
      <datDo>2065-12-31T00:00:00</datDo>
    </udaj>
    <udaj ID="1061731809">
      <hod>95</hod>
      <uka>u1</uka>
      <vec>v1</vec>
      <vec>v4</vec>
      <mj>m1</mj>
      <uze>p1</uze>
      <cas>c11</cas>
      <zdr>z1</zdr>
      <datOd>2022-12-07T00:00:00</datOd>
      <datDo>2065-12-31T00:00:00</datDo>
    </udaj>
    <udaj ID="1061731856">
      <hod>90</hod>
      <uka>u1</uka>
      <vec>v1</vec>
      <vec>v4</vec>
      <mj>m1</mj>
      <uze>p1</uze>
      <cas>c12</cas>
      <zdr>z1</zdr>
      <datOd>2022-12-07T00:00:00</datOd>
      <datDo>2065-12-31T00:00:00</datDo>
    </udaj>
    <udaj ID="1061731904">
      <hod>87</hod>
      <uka>u1</uka>
      <vec>v1</vec>
      <vec>v4</vec>
      <mj>m1</mj>
      <uze>p1</uze>
      <cas>c13</cas>
      <zdr>z1</zdr>
      <datOd>2022-12-07T00:00:00</datOd>
      <datDo>2065-12-31T00:00:00</datDo>
    </udaj>
    <udaj ID="1061731973">
      <hod>105</hod>
      <uka>u1</uka>
      <vec>v1</vec>
      <vec>v4</vec>
      <mj>m1</mj>
      <uze>p1</uze>
      <cas>c14</cas>
      <zdr>z1</zdr>
      <datOd>2022-12-07T00:00:00</datOd>
      <datDo>2065-12-31T00:00:00</datDo>
    </udaj>
    <udaj ID="1061732020">
      <hod>146</hod>
      <uka>u1</uka>
      <vec>v1</vec>
      <vec>v4</vec>
      <mj>m1</mj>
      <uze>p1</uze>
      <cas>c15</cas>
      <zdr>z1</zdr>
      <datOd>2022-12-07T00:00:00</datOd>
      <datDo>2065-12-31T00:00:00</datDo>
    </udaj>
    <udaj ID="1061731354">
      <hod>166</hod>
      <uka>u1</uka>
      <vec>v1</vec>
      <vec>v4</vec>
      <mj>m1</mj>
      <uze>p1</uze>
      <cas>c16</cas>
      <zdr>z1</zdr>
      <datOd>2022-12-07T00:00:00</datOd>
      <datDo>2065-12-31T00:00:00</datDo>
    </udaj>
    <udaj ID="1061731421">
      <hod>136</hod>
      <uka>u1</uka>
      <vec>v1</vec>
      <vec>v4</vec>
      <mj>m1</mj>
      <uze>p1</uze>
      <cas>c17</cas>
      <zdr>z1</zdr>
      <datOd>2022-12-07T00:00:00</datOd>
      <datDo>2065-12-31T00:00:00</datDo>
    </udaj>
    <udaj ID="1139548430">
      <hod>124</hod>
      <uka>u1</uka>
      <vec>v1</vec>
      <vec>v4</vec>
      <mj>m1</mj>
      <uze>p1</uze>
      <cas>c18</cas>
      <zdr>z2</zdr>
      <datOd>2023-08-31T09:00:00</datOd>
      <datDo>2065-12-31T00:00:00</datDo>
    </udaj>
    <udaj ID="1061731321">
      <hod>3</hod>
      <uka>u1</uka>
      <vec>v1</vec>
      <vec>v3</vec>
      <mj>m1</mj>
      <uze>p1</uze>
      <cas>c1</cas>
      <zdr>z1</zdr>
      <datOd>2022-12-07T00:00:00</datOd>
      <datDo>2065-12-31T00:00:00</datDo>
    </udaj>
    <udaj ID="1061731386">
      <hod>8</hod>
      <uka>u1</uka>
      <vec>v1</vec>
      <vec>v3</vec>
      <mj>m1</mj>
      <uze>p1</uze>
      <cas>c2</cas>
      <zdr>z1</zdr>
      <datOd>2022-12-07T00:00:00</datOd>
      <datDo>2065-12-31T00:00:00</datDo>
    </udaj>
    <udaj ID="1061731389">
      <hod>8</hod>
      <uka>u1</uka>
      <vec>v1</vec>
      <vec>v3</vec>
      <mj>m1</mj>
      <uze>p1</uze>
      <cas>c3</cas>
      <zdr>z1</zdr>
      <datOd>2022-12-07T00:00:00</datOd>
      <datDo>2065-12-31T00:00:00</datDo>
    </udaj>
    <udaj ID="1061731457">
      <hod>5</hod>
      <uka>u1</uka>
      <vec>v1</vec>
      <vec>v3</vec>
      <mj>m1</mj>
      <uze>p1</uze>
      <cas>c4</cas>
      <zdr>z1</zdr>
      <datOd>2022-12-07T00:00:00</datOd>
      <datDo>2065-12-31T00:00:00</datDo>
    </udaj>
    <udaj ID="1061731504">
      <hod>7</hod>
      <uka>u1</uka>
      <vec>v1</vec>
      <vec>v3</vec>
      <mj>m1</mj>
      <uze>p1</uze>
      <cas>c5</cas>
      <zdr>z1</zdr>
      <datOd>2022-12-07T00:00:00</datOd>
      <datDo>2065-12-31T00:00:00</datDo>
    </udaj>
    <udaj ID="1061731552">
      <hod>14</hod>
      <uka>u1</uka>
      <vec>v1</vec>
      <vec>v3</vec>
      <mj>m1</mj>
      <uze>p1</uze>
      <cas>c6</cas>
      <zdr>z1</zdr>
      <datOd>2022-12-07T00:00:00</datOd>
      <datDo>2065-12-31T00:00:00</datDo>
    </udaj>
    <udaj ID="1061731599">
      <hod>19</hod>
      <uka>u1</uka>
      <vec>v1</vec>
      <vec>v3</vec>
      <mj>m1</mj>
      <uze>p1</uze>
      <cas>c7</cas>
      <zdr>z1</zdr>
      <datOd>2022-12-07T00:00:00</datOd>
      <datDo>2065-12-31T00:00:00</datDo>
    </udaj>
    <udaj ID="1061731646">
      <hod>18</hod>
      <uka>u1</uka>
      <vec>v1</vec>
      <vec>v3</vec>
      <mj>m1</mj>
      <uze>p1</uze>
      <cas>c8</cas>
      <zdr>z1</zdr>
      <datOd>2022-12-07T00:00:00</datOd>
      <datDo>2065-12-31T00:00:00</datDo>
    </udaj>
    <udaj ID="1061731716">
      <hod>11</hod>
      <uka>u1</uka>
      <vec>v1</vec>
      <vec>v3</vec>
      <mj>m1</mj>
      <uze>p1</uze>
      <cas>c9</cas>
      <zdr>z1</zdr>
      <datOd>2022-12-07T00:00:00</datOd>
      <datDo>2065-12-31T00:00:00</datDo>
    </udaj>
    <udaj ID="1061731763">
      <hod>23</hod>
      <uka>u1</uka>
      <vec>v1</vec>
      <vec>v3</vec>
      <mj>m1</mj>
      <uze>p1</uze>
      <cas>c10</cas>
      <zdr>z1</zdr>
      <datOd>2022-12-07T00:00:00</datOd>
      <datDo>2065-12-31T00:00:00</datDo>
    </udaj>
    <udaj ID="1061731810">
      <hod>30</hod>
      <uka>u1</uka>
      <vec>v1</vec>
      <vec>v3</vec>
      <mj>m1</mj>
      <uze>p1</uze>
      <cas>c11</cas>
      <zdr>z1</zdr>
      <datOd>2022-12-07T00:00:00</datOd>
      <datDo>2065-12-31T00:00:00</datDo>
    </udaj>
    <udaj ID="1061731857">
      <hod>32</hod>
      <uka>u1</uka>
      <vec>v1</vec>
      <vec>v3</vec>
      <mj>m1</mj>
      <uze>p1</uze>
      <cas>c12</cas>
      <zdr>z1</zdr>
      <datOd>2022-12-07T00:00:00</datOd>
      <datDo>2065-12-31T00:00:00</datDo>
    </udaj>
    <udaj ID="1061731905">
      <hod>34</hod>
      <uka>u1</uka>
      <vec>v1</vec>
      <vec>v3</vec>
      <mj>m1</mj>
      <uze>p1</uze>
      <cas>c13</cas>
      <zdr>z1</zdr>
      <datOd>2022-12-07T00:00:00</datOd>
      <datDo>2065-12-31T00:00:00</datDo>
    </udaj>
    <udaj ID="1061731974">
      <hod>55</hod>
      <uka>u1</uka>
      <vec>v1</vec>
      <vec>v3</vec>
      <mj>m1</mj>
      <uze>p1</uze>
      <cas>c14</cas>
      <zdr>z1</zdr>
      <datOd>2022-12-07T00:00:00</datOd>
      <datDo>2065-12-31T00:00:00</datDo>
    </udaj>
    <udaj ID="1061732021">
      <hod>53</hod>
      <uka>u1</uka>
      <vec>v1</vec>
      <vec>v3</vec>
      <mj>m1</mj>
      <uze>p1</uze>
      <cas>c15</cas>
      <zdr>z1</zdr>
      <datOd>2022-12-07T00:00:00</datOd>
      <datDo>2065-12-31T00:00:00</datDo>
    </udaj>
    <udaj ID="1061731355">
      <hod>46</hod>
      <uka>u1</uka>
      <vec>v1</vec>
      <vec>v3</vec>
      <mj>m1</mj>
      <uze>p1</uze>
      <cas>c16</cas>
      <zdr>z1</zdr>
      <datOd>2022-12-07T00:00:00</datOd>
      <datDo>2065-12-31T00:00:00</datDo>
    </udaj>
    <udaj ID="1061731422">
      <hod>40</hod>
      <uka>u1</uka>
      <vec>v1</vec>
      <vec>v3</vec>
      <mj>m1</mj>
      <uze>p1</uze>
      <cas>c17</cas>
      <zdr>z1</zdr>
      <datOd>2022-12-07T00:00:00</datOd>
      <datDo>2065-12-31T00:00:00</datDo>
    </udaj>
    <udaj ID="1139548441">
      <hod>46</hod>
      <uka>u1</uka>
      <vec>v1</vec>
      <vec>v3</vec>
      <mj>m1</mj>
      <uze>p1</uze>
      <cas>c18</cas>
      <zdr>z2</zdr>
      <datOd>2023-08-31T09:00:00</datOd>
      <datDo>2065-12-31T00:00:00</datDo>
    </udaj>
  </data>
</vdbData>
