<?xml version="1.0" encoding="UTF-8" standalone="yes"?>
<vdbData xmlns="http://vdb.czso.cz/xml/export" xmlns:xsi="http://www.w3.org/2001/XMLSchema-instance" VERZE="1.1" JAZYK="cs" xsi:schemaLocation="http://vdb.czso.cz/xml/VdbData.xsd">
  <pruvodka>
    <copyright ROK="2023">© Český statistický úřad</copyright>
    <disclaimer>Poskytovatel neodpovídá za případné škody vzniklé v souvislosti s poskytnutými statistickými informacemi.</disclaimer>
    <ident>VZD13c</ident>
    <nazev>Děti, žáci, studenti podle státního občanství</nazev>
    <nastaveniExportu>
      <parametry>ZVOLENE</parametry>
      <rozsah>T</rozsah>
      <definice>N</definice>
      <atributy>N</atributy>
      <typDat>N</typDat>
      <casAktDB>N</casAktDB>
    </nastaveniExportu>
    <zdrojoveURI>https://vdb.czso.cz/vdbvo2/faces/cs/index.jsf?page=vystup-objekt&amp;z=T&amp;f=TABULKA&amp;pvo=VZD13c&amp;skupId=1127&amp;katalog=30848&amp;&amp;u=v4__VUZEMI__97__19&amp;str=v53&amp;kodjaz=203</zdrojoveURI>
    <generator>VdbExporty: 1.1.11</generator>
    <casExportu>2023-10-21T00:53:53</casExportu>
    <pocetUdaju>102</pocetUdaju>
  </pruvodka>
  <metaSlovnik>
    <ukazatel>
      <uka ID="u1">
        <kod>6057</kod>
        <text>Počet žáků</text>
      </uka>
    </ukazatel>
    <vecneUpresneni>
      <element ID="v1">
        <dim>DRUHSKOLZAR</dim>
        <dimText>Druh školy a školského zařízení</dimText>
        <ciselnik>340</ciselnik>
        <kod>3</kod>
        <text>Střední škola</text>
      </element>
      <element ID="v2">
        <dim>STOBCAN</dim>
        <dimText>Státní občanství</dimText>
        <ciselnik>3344</ciselnik>
        <kod>1</kod>
        <text>Mimo ČR - cizí státní občanství (metodika Eurostatu)</text>
      </element>
      <element ID="v3">
        <dim>STOBCAN</dim>
        <dimText>Státní občanství</dimText>
        <ciselnik>3344</ciselnik>
        <kod>2</kod>
        <text>Země EU mimo Českou republiku (metodika Eurostatu)</text>
      </element>
      <element ID="v4">
        <dim>STOBCAN</dim>
        <dimText>Státní občanství</dimText>
        <ciselnik>3344</ciselnik>
        <kod>3</kod>
        <text>Ostatní evropské země mimo EU (metodika Eurostatu)</text>
      </element>
      <element ID="v5">
        <dim>STOBCAN</dim>
        <dimText>Státní občanství</dimText>
        <ciselnik>3344</ciselnik>
        <kod>4</kod>
        <text>Země mimo Evropu (metodika Eurostatu)</text>
      </element>
      <element ID="v6">
        <dim>STOBCAN</dim>
        <dimText>Státní občanství</dimText>
        <ciselnik>5837</ciselnik>
        <kod>203000</kod>
        <text>Česká republika</text>
      </element>
    </vecneUpresneni>
    <mericiJednotka>
      <element ID="m1">
        <dim>MJ_SKUTEC</dim>
        <dimText>Skutečná měřicí jednotka</dimText>
        <ciselnik>78</ciselnik>
        <kod>80400</kod>
        <text>osoba</text>
      </element>
    </mericiJednotka>
    <uzemi>
      <element ID="p1">
        <dim>VUZEMI</dim>
        <dimText>V území</dimText>
        <ciselnik>97</ciselnik>
        <kod>19</kod>
        <text>Česká republika</text>
      </element>
    </uzemi>
    <obdobi>
      <cas ID="c1">
        <casOd>2006-09-01</casOd>
        <casDo>2007-06-30</casDo>
      </cas>
      <cas ID="c2">
        <casOd>2007-09-01</casOd>
        <casDo>2008-06-30</casDo>
      </cas>
      <cas ID="c3">
        <casOd>2008-09-01</casOd>
        <casDo>2009-06-30</casDo>
      </cas>
      <cas ID="c4">
        <casOd>2009-09-01</casOd>
        <casDo>2010-06-30</casDo>
      </cas>
      <cas ID="c5">
        <casOd>2010-09-01</casOd>
        <casDo>2011-06-30</casDo>
      </cas>
      <cas ID="c6">
        <casOd>2011-09-01</casOd>
        <casDo>2012-06-30</casDo>
      </cas>
      <cas ID="c7">
        <casOd>2012-09-01</casOd>
        <casDo>2013-06-30</casDo>
      </cas>
      <cas ID="c8">
        <casOd>2013-09-01</casOd>
        <casDo>2014-06-30</casDo>
      </cas>
      <cas ID="c9">
        <casOd>2014-09-01</casOd>
        <casDo>2015-06-30</casDo>
      </cas>
      <cas ID="c10">
        <casOd>2015-09-01</casOd>
        <casDo>2016-06-30</casDo>
      </cas>
      <cas ID="c11">
        <casOd>2016-09-01</casOd>
        <casDo>2017-06-30</casDo>
      </cas>
      <cas ID="c12">
        <casOd>2017-09-01</casOd>
        <casDo>2018-06-30</casDo>
      </cas>
      <cas ID="c13">
        <casOd>2018-09-01</casOd>
        <casDo>2019-06-30</casDo>
      </cas>
      <cas ID="c14">
        <casOd>2019-09-01</casOd>
        <casDo>2020-06-30</casDo>
      </cas>
      <cas ID="c15">
        <casOd>2020-09-01</casOd>
        <casDo>2021-06-30</casDo>
      </cas>
      <cas ID="c16">
        <casOd>2021-09-01</casOd>
        <casDo>2022-06-30</casDo>
      </cas>
      <cas ID="c17">
        <casOd>2022-09-01</casOd>
        <casDo>2023-06-30</casDo>
      </cas>
    </obdobi>
    <zdrojovaUloha>
      <zdr ID="z1">
        <kod>ADMMSMTVZD</kod>
        <text>Adm. zdroj dat z MŠMT - Vzdělávání</text>
        <verze>1900100</verze>
        <verzeText>roční (leden - prosinec) zpracování - 1. verze</verzeText>
        <obdobiOd>2021-01-01</obdobiOd>
        <obdobiDo>2021-12-31</obdobiDo>
      </zdr>
      <zdr ID="z2">
        <kod>ADMMSMTVZD</kod>
        <text>Adm. zdroj dat z MŠMT - Vzdělávání</text>
        <verze>1900100</verze>
        <verzeText>roční (leden - prosinec) zpracování - 1. verze</verzeText>
        <obdobiOd>2022-01-01</obdobiOd>
        <obdobiDo>2022-12-31</obdobiDo>
      </zdr>
    </zdrojovaUloha>
  </metaSlovnik>
  <data>
    <udaj ID="1061728706">
      <hod>576585</hod>
      <uka>u1</uka>
      <vec>v1</vec>
      <mj>m1</mj>
      <uze>p1</uze>
      <cas>c1</cas>
      <zdr>z1</zdr>
      <datOd>2022-12-07T00:00:00</datOd>
      <datDo>2065-12-31T00:00:00</datDo>
    </udaj>
    <udaj ID="1061728707">
      <hod>569267</hod>
      <uka>u1</uka>
      <vec>v1</vec>
      <mj>m1</mj>
      <uze>p1</uze>
      <cas>c2</cas>
      <zdr>z1</zdr>
      <datOd>2022-12-07T00:00:00</datOd>
      <datDo>2065-12-31T00:00:00</datDo>
    </udaj>
    <udaj ID="1061728708">
      <hod>564326</hod>
      <uka>u1</uka>
      <vec>v1</vec>
      <mj>m1</mj>
      <uze>p1</uze>
      <cas>c3</cas>
      <zdr>z1</zdr>
      <datOd>2022-12-07T00:00:00</datOd>
      <datDo>2065-12-31T00:00:00</datDo>
    </udaj>
    <udaj ID="1061728709">
      <hod>556260</hod>
      <uka>u1</uka>
      <vec>v1</vec>
      <mj>m1</mj>
      <uze>p1</uze>
      <cas>c4</cas>
      <zdr>z1</zdr>
      <datOd>2022-12-07T00:00:00</datOd>
      <datDo>2065-12-31T00:00:00</datDo>
    </udaj>
    <udaj ID="1049670277">
      <hod>532918</hod>
      <uka>u1</uka>
      <vec>v1</vec>
      <mj>m1</mj>
      <uze>p1</uze>
      <cas>c5</cas>
      <zdr>z1</zdr>
      <datOd>2022-10-10T00:00:00</datOd>
      <datDo>2065-12-31T00:00:00</datDo>
    </udaj>
    <udaj ID="1049665244">
      <hod>501220</hod>
      <uka>u1</uka>
      <vec>v1</vec>
      <mj>m1</mj>
      <uze>p1</uze>
      <cas>c6</cas>
      <zdr>z1</zdr>
      <datOd>2022-10-10T00:00:00</datOd>
      <datDo>2065-12-31T00:00:00</datDo>
    </udaj>
    <udaj ID="1049665245">
      <hod>470754</hod>
      <uka>u1</uka>
      <vec>v1</vec>
      <mj>m1</mj>
      <uze>p1</uze>
      <cas>c7</cas>
      <zdr>z1</zdr>
      <datOd>2022-10-10T00:00:00</datOd>
      <datDo>2065-12-31T00:00:00</datDo>
    </udaj>
    <udaj ID="1049672265">
      <hod>448792</hod>
      <uka>u1</uka>
      <vec>v1</vec>
      <mj>m1</mj>
      <uze>p1</uze>
      <cas>c8</cas>
      <zdr>z1</zdr>
      <datOd>2022-10-10T00:00:00</datOd>
      <datDo>2065-12-31T00:00:00</datDo>
    </udaj>
    <udaj ID="1049674171">
      <hod>435542</hod>
      <uka>u1</uka>
      <vec>v1</vec>
      <mj>m1</mj>
      <uze>p1</uze>
      <cas>c9</cas>
      <zdr>z1</zdr>
      <datOd>2022-10-10T00:00:00</datOd>
      <datDo>2065-12-31T00:00:00</datDo>
    </udaj>
    <udaj ID="1049678156">
      <hod>427107</hod>
      <uka>u1</uka>
      <vec>v1</vec>
      <mj>m1</mj>
      <uze>p1</uze>
      <cas>c10</cas>
      <zdr>z1</zdr>
      <datOd>2022-10-10T00:00:00</datOd>
      <datDo>2065-12-31T00:00:00</datDo>
    </udaj>
    <udaj ID="1049668295">
      <hod>424849</hod>
      <uka>u1</uka>
      <vec>v1</vec>
      <mj>m1</mj>
      <uze>p1</uze>
      <cas>c11</cas>
      <zdr>z1</zdr>
      <datOd>2022-10-10T00:00:00</datOd>
      <datDo>2065-12-31T00:00:00</datDo>
    </udaj>
    <udaj ID="1049668108">
      <hod>421535</hod>
      <uka>u1</uka>
      <vec>v1</vec>
      <mj>m1</mj>
      <uze>p1</uze>
      <cas>c12</cas>
      <zdr>z1</zdr>
      <datOd>2022-10-10T00:00:00</datOd>
      <datDo>2065-12-31T00:00:00</datDo>
    </udaj>
    <udaj ID="1049676003">
      <hod>420814</hod>
      <uka>u1</uka>
      <vec>v1</vec>
      <mj>m1</mj>
      <uze>p1</uze>
      <cas>c13</cas>
      <zdr>z1</zdr>
      <datOd>2022-10-10T00:00:00</datOd>
      <datDo>2065-12-31T00:00:00</datDo>
    </udaj>
    <udaj ID="1049677973">
      <hod>423838</hod>
      <uka>u1</uka>
      <vec>v1</vec>
      <mj>m1</mj>
      <uze>p1</uze>
      <cas>c14</cas>
      <zdr>z1</zdr>
      <datOd>2022-10-10T00:00:00</datOd>
      <datDo>2065-12-31T00:00:00</datDo>
    </udaj>
    <udaj ID="1049664915">
      <hod>432906</hod>
      <uka>u1</uka>
      <vec>v1</vec>
      <mj>m1</mj>
      <uze>p1</uze>
      <cas>c15</cas>
      <zdr>z1</zdr>
      <datOd>2022-10-10T00:00:00</datOd>
      <datDo>2065-12-31T00:00:00</datDo>
    </udaj>
    <udaj ID="1049664934">
      <hod>446254</hod>
      <uka>u1</uka>
      <vec>v1</vec>
      <mj>m1</mj>
      <uze>p1</uze>
      <cas>c16</cas>
      <zdr>z1</zdr>
      <datOd>2022-10-10T00:00:00</datOd>
      <datDo>2065-12-31T00:00:00</datDo>
    </udaj>
    <udaj ID="1109803113">
      <hod>463200</hod>
      <uka>u1</uka>
      <vec>v1</vec>
      <mj>m1</mj>
      <uze>p1</uze>
      <cas>c17</cas>
      <zdr>z2</zdr>
      <datOd>2023-08-31T09:00:00</datOd>
      <datDo>2060-08-31T09:00:00</datDo>
    </udaj>
    <udaj ID="1061728987">
      <hod>570970</hod>
      <uka>u1</uka>
      <vec>v1</vec>
      <vec>v6</vec>
      <mj>m1</mj>
      <uze>p1</uze>
      <cas>c1</cas>
      <zdr>z1</zdr>
      <datOd>2022-12-07T00:00:00</datOd>
      <datDo>2065-12-31T00:00:00</datDo>
    </udaj>
    <udaj ID="1061728988">
      <hod>562953</hod>
      <uka>u1</uka>
      <vec>v1</vec>
      <vec>v6</vec>
      <mj>m1</mj>
      <uze>p1</uze>
      <cas>c2</cas>
      <zdr>z1</zdr>
      <datOd>2022-12-07T00:00:00</datOd>
      <datDo>2065-12-31T00:00:00</datDo>
    </udaj>
    <udaj ID="1061728989">
      <hod>557192</hod>
      <uka>u1</uka>
      <vec>v1</vec>
      <vec>v6</vec>
      <mj>m1</mj>
      <uze>p1</uze>
      <cas>c3</cas>
      <zdr>z1</zdr>
      <datOd>2022-12-07T00:00:00</datOd>
      <datDo>2065-12-31T00:00:00</datDo>
    </udaj>
    <udaj ID="1061728990">
      <hod>548360</hod>
      <uka>u1</uka>
      <vec>v1</vec>
      <vec>v6</vec>
      <mj>m1</mj>
      <uze>p1</uze>
      <cas>c4</cas>
      <zdr>z1</zdr>
      <datOd>2022-12-07T00:00:00</datOd>
      <datDo>2065-12-31T00:00:00</datDo>
    </udaj>
    <udaj ID="1061728991">
      <hod>524431</hod>
      <uka>u1</uka>
      <vec>v1</vec>
      <vec>v6</vec>
      <mj>m1</mj>
      <uze>p1</uze>
      <cas>c5</cas>
      <zdr>z1</zdr>
      <datOd>2022-12-07T00:00:00</datOd>
      <datDo>2065-12-31T00:00:00</datDo>
    </udaj>
    <udaj ID="1061728992">
      <hod>492333</hod>
      <uka>u1</uka>
      <vec>v1</vec>
      <vec>v6</vec>
      <mj>m1</mj>
      <uze>p1</uze>
      <cas>c6</cas>
      <zdr>z1</zdr>
      <datOd>2022-12-07T00:00:00</datOd>
      <datDo>2065-12-31T00:00:00</datDo>
    </udaj>
    <udaj ID="1061728993">
      <hod>461701</hod>
      <uka>u1</uka>
      <vec>v1</vec>
      <vec>v6</vec>
      <mj>m1</mj>
      <uze>p1</uze>
      <cas>c7</cas>
      <zdr>z1</zdr>
      <datOd>2022-12-07T00:00:00</datOd>
      <datDo>2065-12-31T00:00:00</datDo>
    </udaj>
    <udaj ID="1061728994">
      <hod>439598</hod>
      <uka>u1</uka>
      <vec>v1</vec>
      <vec>v6</vec>
      <mj>m1</mj>
      <uze>p1</uze>
      <cas>c8</cas>
      <zdr>z1</zdr>
      <datOd>2022-12-07T00:00:00</datOd>
      <datDo>2065-12-31T00:00:00</datDo>
    </udaj>
    <udaj ID="1061728995">
      <hod>426655</hod>
      <uka>u1</uka>
      <vec>v1</vec>
      <vec>v6</vec>
      <mj>m1</mj>
      <uze>p1</uze>
      <cas>c9</cas>
      <zdr>z1</zdr>
      <datOd>2022-12-07T00:00:00</datOd>
      <datDo>2065-12-31T00:00:00</datDo>
    </udaj>
    <udaj ID="1061728996">
      <hod>418302</hod>
      <uka>u1</uka>
      <vec>v1</vec>
      <vec>v6</vec>
      <mj>m1</mj>
      <uze>p1</uze>
      <cas>c10</cas>
      <zdr>z1</zdr>
      <datOd>2022-12-07T00:00:00</datOd>
      <datDo>2065-12-31T00:00:00</datDo>
    </udaj>
    <udaj ID="1061728997">
      <hod>415742</hod>
      <uka>u1</uka>
      <vec>v1</vec>
      <vec>v6</vec>
      <mj>m1</mj>
      <uze>p1</uze>
      <cas>c11</cas>
      <zdr>z1</zdr>
      <datOd>2022-12-07T00:00:00</datOd>
      <datDo>2065-12-31T00:00:00</datDo>
    </udaj>
    <udaj ID="1061728998">
      <hod>412304</hod>
      <uka>u1</uka>
      <vec>v1</vec>
      <vec>v6</vec>
      <mj>m1</mj>
      <uze>p1</uze>
      <cas>c12</cas>
      <zdr>z1</zdr>
      <datOd>2022-12-07T00:00:00</datOd>
      <datDo>2065-12-31T00:00:00</datDo>
    </udaj>
    <udaj ID="1061728999">
      <hod>411477</hod>
      <uka>u1</uka>
      <vec>v1</vec>
      <vec>v6</vec>
      <mj>m1</mj>
      <uze>p1</uze>
      <cas>c13</cas>
      <zdr>z1</zdr>
      <datOd>2022-12-07T00:00:00</datOd>
      <datDo>2065-12-31T00:00:00</datDo>
    </udaj>
    <udaj ID="1061729066">
      <hod>414325</hod>
      <uka>u1</uka>
      <vec>v1</vec>
      <vec>v6</vec>
      <mj>m1</mj>
      <uze>p1</uze>
      <cas>c14</cas>
      <zdr>z1</zdr>
      <datOd>2022-12-07T00:00:00</datOd>
      <datDo>2065-12-31T00:00:00</datDo>
    </udaj>
    <udaj ID="1061729067">
      <hod>423145</hod>
      <uka>u1</uka>
      <vec>v1</vec>
      <vec>v6</vec>
      <mj>m1</mj>
      <uze>p1</uze>
      <cas>c15</cas>
      <zdr>z1</zdr>
      <datOd>2022-12-07T00:00:00</datOd>
      <datDo>2065-12-31T00:00:00</datDo>
    </udaj>
    <udaj ID="1061729068">
      <hod>436192</hod>
      <uka>u1</uka>
      <vec>v1</vec>
      <vec>v6</vec>
      <mj>m1</mj>
      <uze>p1</uze>
      <cas>c16</cas>
      <zdr>z1</zdr>
      <datOd>2022-12-07T00:00:00</datOd>
      <datDo>2065-12-31T00:00:00</datDo>
    </udaj>
    <udaj ID="1139549646">
      <hod>449053</hod>
      <uka>u1</uka>
      <vec>v1</vec>
      <vec>v6</vec>
      <mj>m1</mj>
      <uze>p1</uze>
      <cas>c17</cas>
      <zdr>z2</zdr>
      <datOd>2023-08-31T09:00:00</datOd>
      <datDo>2065-12-31T00:00:00</datDo>
    </udaj>
    <udaj ID="1061729365">
      <hod>5615</hod>
      <uka>u1</uka>
      <vec>v1</vec>
      <vec>v2</vec>
      <mj>m1</mj>
      <uze>p1</uze>
      <cas>c1</cas>
      <zdr>z1</zdr>
      <datOd>2022-12-07T00:00:00</datOd>
      <datDo>2065-12-31T00:00:00</datDo>
    </udaj>
    <udaj ID="1061729366">
      <hod>6314</hod>
      <uka>u1</uka>
      <vec>v1</vec>
      <vec>v2</vec>
      <mj>m1</mj>
      <uze>p1</uze>
      <cas>c2</cas>
      <zdr>z1</zdr>
      <datOd>2022-12-07T00:00:00</datOd>
      <datDo>2065-12-31T00:00:00</datDo>
    </udaj>
    <udaj ID="1061729367">
      <hod>7134</hod>
      <uka>u1</uka>
      <vec>v1</vec>
      <vec>v2</vec>
      <mj>m1</mj>
      <uze>p1</uze>
      <cas>c3</cas>
      <zdr>z1</zdr>
      <datOd>2022-12-07T00:00:00</datOd>
      <datDo>2065-12-31T00:00:00</datDo>
    </udaj>
    <udaj ID="1061729368">
      <hod>7900</hod>
      <uka>u1</uka>
      <vec>v1</vec>
      <vec>v2</vec>
      <mj>m1</mj>
      <uze>p1</uze>
      <cas>c4</cas>
      <zdr>z1</zdr>
      <datOd>2022-12-07T00:00:00</datOd>
      <datDo>2065-12-31T00:00:00</datDo>
    </udaj>
    <udaj ID="1061729369">
      <hod>8458</hod>
      <uka>u1</uka>
      <vec>v1</vec>
      <vec>v2</vec>
      <mj>m1</mj>
      <uze>p1</uze>
      <cas>c5</cas>
      <zdr>z1</zdr>
      <datOd>2022-12-07T00:00:00</datOd>
      <datDo>2065-12-31T00:00:00</datDo>
    </udaj>
    <udaj ID="1061729370">
      <hod>8852</hod>
      <uka>u1</uka>
      <vec>v1</vec>
      <vec>v2</vec>
      <mj>m1</mj>
      <uze>p1</uze>
      <cas>c6</cas>
      <zdr>z1</zdr>
      <datOd>2022-12-07T00:00:00</datOd>
      <datDo>2065-12-31T00:00:00</datDo>
    </udaj>
    <udaj ID="1061729371">
      <hod>9024</hod>
      <uka>u1</uka>
      <vec>v1</vec>
      <vec>v2</vec>
      <mj>m1</mj>
      <uze>p1</uze>
      <cas>c7</cas>
      <zdr>z1</zdr>
      <datOd>2022-12-07T00:00:00</datOd>
      <datDo>2065-12-31T00:00:00</datDo>
    </udaj>
    <udaj ID="1061729372">
      <hod>9147</hod>
      <uka>u1</uka>
      <vec>v1</vec>
      <vec>v2</vec>
      <mj>m1</mj>
      <uze>p1</uze>
      <cas>c8</cas>
      <zdr>z1</zdr>
      <datOd>2022-12-07T00:00:00</datOd>
      <datDo>2065-12-31T00:00:00</datDo>
    </udaj>
    <udaj ID="1061729373">
      <hod>8837</hod>
      <uka>u1</uka>
      <vec>v1</vec>
      <vec>v2</vec>
      <mj>m1</mj>
      <uze>p1</uze>
      <cas>c9</cas>
      <zdr>z1</zdr>
      <datOd>2022-12-07T00:00:00</datOd>
      <datDo>2065-12-31T00:00:00</datDo>
    </udaj>
    <udaj ID="1061729374">
      <hod>8763</hod>
      <uka>u1</uka>
      <vec>v1</vec>
      <vec>v2</vec>
      <mj>m1</mj>
      <uze>p1</uze>
      <cas>c10</cas>
      <zdr>z1</zdr>
      <datOd>2022-12-07T00:00:00</datOd>
      <datDo>2065-12-31T00:00:00</datDo>
    </udaj>
    <udaj ID="1061729375">
      <hod>9063</hod>
      <uka>u1</uka>
      <vec>v1</vec>
      <vec>v2</vec>
      <mj>m1</mj>
      <uze>p1</uze>
      <cas>c11</cas>
      <zdr>z1</zdr>
      <datOd>2022-12-07T00:00:00</datOd>
      <datDo>2065-12-31T00:00:00</datDo>
    </udaj>
    <udaj ID="1061729376">
      <hod>9195</hod>
      <uka>u1</uka>
      <vec>v1</vec>
      <vec>v2</vec>
      <mj>m1</mj>
      <uze>p1</uze>
      <cas>c12</cas>
      <zdr>z1</zdr>
      <datOd>2022-12-07T00:00:00</datOd>
      <datDo>2065-12-31T00:00:00</datDo>
    </udaj>
    <udaj ID="1061729377">
      <hod>9305</hod>
      <uka>u1</uka>
      <vec>v1</vec>
      <vec>v2</vec>
      <mj>m1</mj>
      <uze>p1</uze>
      <cas>c13</cas>
      <zdr>z1</zdr>
      <datOd>2022-12-07T00:00:00</datOd>
      <datDo>2065-12-31T00:00:00</datDo>
    </udaj>
    <udaj ID="1061729378">
      <hod>9496</hod>
      <uka>u1</uka>
      <vec>v1</vec>
      <vec>v2</vec>
      <mj>m1</mj>
      <uze>p1</uze>
      <cas>c14</cas>
      <zdr>z1</zdr>
      <datOd>2022-12-07T00:00:00</datOd>
      <datDo>2065-12-31T00:00:00</datDo>
    </udaj>
    <udaj ID="1061729379">
      <hod>9751</hod>
      <uka>u1</uka>
      <vec>v1</vec>
      <vec>v2</vec>
      <mj>m1</mj>
      <uze>p1</uze>
      <cas>c15</cas>
      <zdr>z1</zdr>
      <datOd>2022-12-07T00:00:00</datOd>
      <datDo>2065-12-31T00:00:00</datDo>
    </udaj>
    <udaj ID="1061729380">
      <hod>10053</hod>
      <uka>u1</uka>
      <vec>v1</vec>
      <vec>v2</vec>
      <mj>m1</mj>
      <uze>p1</uze>
      <cas>c16</cas>
      <zdr>z1</zdr>
      <datOd>2022-12-07T00:00:00</datOd>
      <datDo>2065-12-31T00:00:00</datDo>
    </udaj>
    <udaj ID="1139549336">
      <hod>14128</hod>
      <uka>u1</uka>
      <vec>v1</vec>
      <vec>v2</vec>
      <mj>m1</mj>
      <uze>p1</uze>
      <cas>c17</cas>
      <zdr>z2</zdr>
      <datOd>2023-08-31T09:00:00</datOd>
      <datDo>2065-12-31T00:00:00</datDo>
    </udaj>
    <udaj ID="1061729729">
      <hod>1242</hod>
      <uka>u1</uka>
      <vec>v1</vec>
      <vec>v3</vec>
      <mj>m1</mj>
      <uze>p1</uze>
      <cas>c1</cas>
      <zdr>z1</zdr>
      <datOd>2022-12-07T00:00:00</datOd>
      <datDo>2065-12-31T00:00:00</datDo>
    </udaj>
    <udaj ID="1061729730">
      <hod>1566</hod>
      <uka>u1</uka>
      <vec>v1</vec>
      <vec>v3</vec>
      <mj>m1</mj>
      <uze>p1</uze>
      <cas>c2</cas>
      <zdr>z1</zdr>
      <datOd>2022-12-07T00:00:00</datOd>
      <datDo>2065-12-31T00:00:00</datDo>
    </udaj>
    <udaj ID="1061729731">
      <hod>1769</hod>
      <uka>u1</uka>
      <vec>v1</vec>
      <vec>v3</vec>
      <mj>m1</mj>
      <uze>p1</uze>
      <cas>c3</cas>
      <zdr>z1</zdr>
      <datOd>2022-12-07T00:00:00</datOd>
      <datDo>2065-12-31T00:00:00</datDo>
    </udaj>
    <udaj ID="1061729732">
      <hod>1914</hod>
      <uka>u1</uka>
      <vec>v1</vec>
      <vec>v3</vec>
      <mj>m1</mj>
      <uze>p1</uze>
      <cas>c4</cas>
      <zdr>z1</zdr>
      <datOd>2022-12-07T00:00:00</datOd>
      <datDo>2065-12-31T00:00:00</datDo>
    </udaj>
    <udaj ID="1061729733">
      <hod>2061</hod>
      <uka>u1</uka>
      <vec>v1</vec>
      <vec>v3</vec>
      <mj>m1</mj>
      <uze>p1</uze>
      <cas>c5</cas>
      <zdr>z1</zdr>
      <datOd>2022-12-07T00:00:00</datOd>
      <datDo>2065-12-31T00:00:00</datDo>
    </udaj>
    <udaj ID="1061729734">
      <hod>2004</hod>
      <uka>u1</uka>
      <vec>v1</vec>
      <vec>v3</vec>
      <mj>m1</mj>
      <uze>p1</uze>
      <cas>c6</cas>
      <zdr>z1</zdr>
      <datOd>2022-12-07T00:00:00</datOd>
      <datDo>2065-12-31T00:00:00</datDo>
    </udaj>
    <udaj ID="1061729735">
      <hod>2041</hod>
      <uka>u1</uka>
      <vec>v1</vec>
      <vec>v3</vec>
      <mj>m1</mj>
      <uze>p1</uze>
      <cas>c7</cas>
      <zdr>z1</zdr>
      <datOd>2022-12-07T00:00:00</datOd>
      <datDo>2065-12-31T00:00:00</datDo>
    </udaj>
    <udaj ID="1061729736">
      <hod>2212</hod>
      <uka>u1</uka>
      <vec>v1</vec>
      <vec>v3</vec>
      <mj>m1</mj>
      <uze>p1</uze>
      <cas>c8</cas>
      <zdr>z1</zdr>
      <datOd>2022-12-07T00:00:00</datOd>
      <datDo>2065-12-31T00:00:00</datDo>
    </udaj>
    <udaj ID="1061729737">
      <hod>2263</hod>
      <uka>u1</uka>
      <vec>v1</vec>
      <vec>v3</vec>
      <mj>m1</mj>
      <uze>p1</uze>
      <cas>c9</cas>
      <zdr>z1</zdr>
      <datOd>2022-12-07T00:00:00</datOd>
      <datDo>2065-12-31T00:00:00</datDo>
    </udaj>
    <udaj ID="1061729738">
      <hod>2317</hod>
      <uka>u1</uka>
      <vec>v1</vec>
      <vec>v3</vec>
      <mj>m1</mj>
      <uze>p1</uze>
      <cas>c10</cas>
      <zdr>z1</zdr>
      <datOd>2022-12-07T00:00:00</datOd>
      <datDo>2065-12-31T00:00:00</datDo>
    </udaj>
    <udaj ID="1061729739">
      <hod>2421</hod>
      <uka>u1</uka>
      <vec>v1</vec>
      <vec>v3</vec>
      <mj>m1</mj>
      <uze>p1</uze>
      <cas>c11</cas>
      <zdr>z1</zdr>
      <datOd>2022-12-07T00:00:00</datOd>
      <datDo>2065-12-31T00:00:00</datDo>
    </udaj>
    <udaj ID="1061729740">
      <hod>2543</hod>
      <uka>u1</uka>
      <vec>v1</vec>
      <vec>v3</vec>
      <mj>m1</mj>
      <uze>p1</uze>
      <cas>c12</cas>
      <zdr>z1</zdr>
      <datOd>2022-12-07T00:00:00</datOd>
      <datDo>2065-12-31T00:00:00</datDo>
    </udaj>
    <udaj ID="1061729741">
      <hod>2537</hod>
      <uka>u1</uka>
      <vec>v1</vec>
      <vec>v3</vec>
      <mj>m1</mj>
      <uze>p1</uze>
      <cas>c13</cas>
      <zdr>z1</zdr>
      <datOd>2022-12-07T00:00:00</datOd>
      <datDo>2065-12-31T00:00:00</datDo>
    </udaj>
    <udaj ID="1061729742">
      <hod>2546</hod>
      <uka>u1</uka>
      <vec>v1</vec>
      <vec>v3</vec>
      <mj>m1</mj>
      <uze>p1</uze>
      <cas>c14</cas>
      <zdr>z1</zdr>
      <datOd>2022-12-07T00:00:00</datOd>
      <datDo>2065-12-31T00:00:00</datDo>
    </udaj>
    <udaj ID="1061729743">
      <hod>2667</hod>
      <uka>u1</uka>
      <vec>v1</vec>
      <vec>v3</vec>
      <mj>m1</mj>
      <uze>p1</uze>
      <cas>c15</cas>
      <zdr>z1</zdr>
      <datOd>2022-12-07T00:00:00</datOd>
      <datDo>2065-12-31T00:00:00</datDo>
    </udaj>
    <udaj ID="1061729744">
      <hod>2845</hod>
      <uka>u1</uka>
      <vec>v1</vec>
      <vec>v3</vec>
      <mj>m1</mj>
      <uze>p1</uze>
      <cas>c16</cas>
      <zdr>z1</zdr>
      <datOd>2022-12-07T00:00:00</datOd>
      <datDo>2065-12-31T00:00:00</datDo>
    </udaj>
    <udaj ID="1139549391">
      <hod>2975</hod>
      <uka>u1</uka>
      <vec>v1</vec>
      <vec>v3</vec>
      <mj>m1</mj>
      <uze>p1</uze>
      <cas>c17</cas>
      <zdr>z2</zdr>
      <datOd>2023-08-31T09:00:00</datOd>
      <datDo>2065-12-31T00:00:00</datDo>
    </udaj>
    <udaj ID="1061728559">
      <hod>2437</hod>
      <uka>u1</uka>
      <vec>v1</vec>
      <vec>v4</vec>
      <mj>m1</mj>
      <uze>p1</uze>
      <cas>c1</cas>
      <zdr>z1</zdr>
      <datOd>2022-12-07T00:00:00</datOd>
      <datDo>2065-12-31T00:00:00</datDo>
    </udaj>
    <udaj ID="1061728560">
      <hod>2451</hod>
      <uka>u1</uka>
      <vec>v1</vec>
      <vec>v4</vec>
      <mj>m1</mj>
      <uze>p1</uze>
      <cas>c2</cas>
      <zdr>z1</zdr>
      <datOd>2022-12-07T00:00:00</datOd>
      <datDo>2065-12-31T00:00:00</datDo>
    </udaj>
    <udaj ID="1061728636">
      <hod>2728</hod>
      <uka>u1</uka>
      <vec>v1</vec>
      <vec>v4</vec>
      <mj>m1</mj>
      <uze>p1</uze>
      <cas>c3</cas>
      <zdr>z1</zdr>
      <datOd>2022-12-07T00:00:00</datOd>
      <datDo>2065-12-31T00:00:00</datDo>
    </udaj>
    <udaj ID="1061728637">
      <hod>3029</hod>
      <uka>u1</uka>
      <vec>v1</vec>
      <vec>v4</vec>
      <mj>m1</mj>
      <uze>p1</uze>
      <cas>c4</cas>
      <zdr>z1</zdr>
      <datOd>2022-12-07T00:00:00</datOd>
      <datDo>2065-12-31T00:00:00</datDo>
    </udaj>
    <udaj ID="1061728638">
      <hod>3276</hod>
      <uka>u1</uka>
      <vec>v1</vec>
      <vec>v4</vec>
      <mj>m1</mj>
      <uze>p1</uze>
      <cas>c5</cas>
      <zdr>z1</zdr>
      <datOd>2022-12-07T00:00:00</datOd>
      <datDo>2065-12-31T00:00:00</datDo>
    </udaj>
    <udaj ID="1061728639">
      <hod>3616</hod>
      <uka>u1</uka>
      <vec>v1</vec>
      <vec>v4</vec>
      <mj>m1</mj>
      <uze>p1</uze>
      <cas>c6</cas>
      <zdr>z1</zdr>
      <datOd>2022-12-07T00:00:00</datOd>
      <datDo>2065-12-31T00:00:00</datDo>
    </udaj>
    <udaj ID="1061728640">
      <hod>3754</hod>
      <uka>u1</uka>
      <vec>v1</vec>
      <vec>v4</vec>
      <mj>m1</mj>
      <uze>p1</uze>
      <cas>c7</cas>
      <zdr>z1</zdr>
      <datOd>2022-12-07T00:00:00</datOd>
      <datDo>2065-12-31T00:00:00</datDo>
    </udaj>
    <udaj ID="1061728641">
      <hod>3738</hod>
      <uka>u1</uka>
      <vec>v1</vec>
      <vec>v4</vec>
      <mj>m1</mj>
      <uze>p1</uze>
      <cas>c8</cas>
      <zdr>z1</zdr>
      <datOd>2022-12-07T00:00:00</datOd>
      <datDo>2065-12-31T00:00:00</datDo>
    </udaj>
    <udaj ID="1061728642">
      <hod>3641</hod>
      <uka>u1</uka>
      <vec>v1</vec>
      <vec>v4</vec>
      <mj>m1</mj>
      <uze>p1</uze>
      <cas>c9</cas>
      <zdr>z1</zdr>
      <datOd>2022-12-07T00:00:00</datOd>
      <datDo>2065-12-31T00:00:00</datDo>
    </udaj>
    <udaj ID="1061728643">
      <hod>3771</hod>
      <uka>u1</uka>
      <vec>v1</vec>
      <vec>v4</vec>
      <mj>m1</mj>
      <uze>p1</uze>
      <cas>c10</cas>
      <zdr>z1</zdr>
      <datOd>2022-12-07T00:00:00</datOd>
      <datDo>2065-12-31T00:00:00</datDo>
    </udaj>
    <udaj ID="1061728644">
      <hod>4046</hod>
      <uka>u1</uka>
      <vec>v1</vec>
      <vec>v4</vec>
      <mj>m1</mj>
      <uze>p1</uze>
      <cas>c11</cas>
      <zdr>z1</zdr>
      <datOd>2022-12-07T00:00:00</datOd>
      <datDo>2065-12-31T00:00:00</datDo>
    </udaj>
    <udaj ID="1061728645">
      <hod>4128</hod>
      <uka>u1</uka>
      <vec>v1</vec>
      <vec>v4</vec>
      <mj>m1</mj>
      <uze>p1</uze>
      <cas>c12</cas>
      <zdr>z1</zdr>
      <datOd>2022-12-07T00:00:00</datOd>
      <datDo>2065-12-31T00:00:00</datDo>
    </udaj>
    <udaj ID="1061728646">
      <hod>4229</hod>
      <uka>u1</uka>
      <vec>v1</vec>
      <vec>v4</vec>
      <mj>m1</mj>
      <uze>p1</uze>
      <cas>c13</cas>
      <zdr>z1</zdr>
      <datOd>2022-12-07T00:00:00</datOd>
      <datDo>2065-12-31T00:00:00</datDo>
    </udaj>
    <udaj ID="1061728647">
      <hod>4359</hod>
      <uka>u1</uka>
      <vec>v1</vec>
      <vec>v4</vec>
      <mj>m1</mj>
      <uze>p1</uze>
      <cas>c14</cas>
      <zdr>z1</zdr>
      <datOd>2022-12-07T00:00:00</datOd>
      <datDo>2065-12-31T00:00:00</datDo>
    </udaj>
    <udaj ID="1061728648">
      <hod>4469</hod>
      <uka>u1</uka>
      <vec>v1</vec>
      <vec>v4</vec>
      <mj>m1</mj>
      <uze>p1</uze>
      <cas>c15</cas>
      <zdr>z1</zdr>
      <datOd>2022-12-07T00:00:00</datOd>
      <datDo>2065-12-31T00:00:00</datDo>
    </udaj>
    <udaj ID="1061728649">
      <hod>4497</hod>
      <uka>u1</uka>
      <vec>v1</vec>
      <vec>v4</vec>
      <mj>m1</mj>
      <uze>p1</uze>
      <cas>c16</cas>
      <zdr>z1</zdr>
      <datOd>2022-12-07T00:00:00</datOd>
      <datDo>2065-12-31T00:00:00</datDo>
    </udaj>
    <udaj ID="1139549447">
      <hod>8322</hod>
      <uka>u1</uka>
      <vec>v1</vec>
      <vec>v4</vec>
      <mj>m1</mj>
      <uze>p1</uze>
      <cas>c17</cas>
      <zdr>z2</zdr>
      <datOd>2023-08-31T09:00:00</datOd>
      <datDo>2065-12-31T00:00:00</datDo>
    </udaj>
    <udaj ID="1061728927">
      <hod>1936</hod>
      <uka>u1</uka>
      <vec>v1</vec>
      <vec>v5</vec>
      <mj>m1</mj>
      <uze>p1</uze>
      <cas>c1</cas>
      <zdr>z1</zdr>
      <datOd>2022-12-07T00:00:00</datOd>
      <datDo>2065-12-31T00:00:00</datDo>
    </udaj>
    <udaj ID="1061728928">
      <hod>2297</hod>
      <uka>u1</uka>
      <vec>v1</vec>
      <vec>v5</vec>
      <mj>m1</mj>
      <uze>p1</uze>
      <cas>c2</cas>
      <zdr>z1</zdr>
      <datOd>2022-12-07T00:00:00</datOd>
      <datDo>2065-12-31T00:00:00</datDo>
    </udaj>
    <udaj ID="1061728929">
      <hod>2637</hod>
      <uka>u1</uka>
      <vec>v1</vec>
      <vec>v5</vec>
      <mj>m1</mj>
      <uze>p1</uze>
      <cas>c3</cas>
      <zdr>z1</zdr>
      <datOd>2022-12-07T00:00:00</datOd>
      <datDo>2065-12-31T00:00:00</datDo>
    </udaj>
    <udaj ID="1061728930">
      <hod>2957</hod>
      <uka>u1</uka>
      <vec>v1</vec>
      <vec>v5</vec>
      <mj>m1</mj>
      <uze>p1</uze>
      <cas>c4</cas>
      <zdr>z1</zdr>
      <datOd>2022-12-07T00:00:00</datOd>
      <datDo>2065-12-31T00:00:00</datDo>
    </udaj>
    <udaj ID="1061728931">
      <hod>3121</hod>
      <uka>u1</uka>
      <vec>v1</vec>
      <vec>v5</vec>
      <mj>m1</mj>
      <uze>p1</uze>
      <cas>c5</cas>
      <zdr>z1</zdr>
      <datOd>2022-12-07T00:00:00</datOd>
      <datDo>2065-12-31T00:00:00</datDo>
    </udaj>
    <udaj ID="1061728932">
      <hod>3232</hod>
      <uka>u1</uka>
      <vec>v1</vec>
      <vec>v5</vec>
      <mj>m1</mj>
      <uze>p1</uze>
      <cas>c6</cas>
      <zdr>z1</zdr>
      <datOd>2022-12-07T00:00:00</datOd>
      <datDo>2065-12-31T00:00:00</datDo>
    </udaj>
    <udaj ID="1061729000">
      <hod>3229</hod>
      <uka>u1</uka>
      <vec>v1</vec>
      <vec>v5</vec>
      <mj>m1</mj>
      <uze>p1</uze>
      <cas>c7</cas>
      <zdr>z1</zdr>
      <datOd>2022-12-07T00:00:00</datOd>
      <datDo>2065-12-31T00:00:00</datDo>
    </udaj>
    <udaj ID="1061729001">
      <hod>3197</hod>
      <uka>u1</uka>
      <vec>v1</vec>
      <vec>v5</vec>
      <mj>m1</mj>
      <uze>p1</uze>
      <cas>c8</cas>
      <zdr>z1</zdr>
      <datOd>2022-12-07T00:00:00</datOd>
      <datDo>2065-12-31T00:00:00</datDo>
    </udaj>
    <udaj ID="1061729002">
      <hod>2933</hod>
      <uka>u1</uka>
      <vec>v1</vec>
      <vec>v5</vec>
      <mj>m1</mj>
      <uze>p1</uze>
      <cas>c9</cas>
      <zdr>z1</zdr>
      <datOd>2022-12-07T00:00:00</datOd>
      <datDo>2065-12-31T00:00:00</datDo>
    </udaj>
    <udaj ID="1061729003">
      <hod>2675</hod>
      <uka>u1</uka>
      <vec>v1</vec>
      <vec>v5</vec>
      <mj>m1</mj>
      <uze>p1</uze>
      <cas>c10</cas>
      <zdr>z1</zdr>
      <datOd>2022-12-07T00:00:00</datOd>
      <datDo>2065-12-31T00:00:00</datDo>
    </udaj>
    <udaj ID="1061729004">
      <hod>2596</hod>
      <uka>u1</uka>
      <vec>v1</vec>
      <vec>v5</vec>
      <mj>m1</mj>
      <uze>p1</uze>
      <cas>c11</cas>
      <zdr>z1</zdr>
      <datOd>2022-12-07T00:00:00</datOd>
      <datDo>2065-12-31T00:00:00</datDo>
    </udaj>
    <udaj ID="1061729005">
      <hod>2524</hod>
      <uka>u1</uka>
      <vec>v1</vec>
      <vec>v5</vec>
      <mj>m1</mj>
      <uze>p1</uze>
      <cas>c12</cas>
      <zdr>z1</zdr>
      <datOd>2022-12-07T00:00:00</datOd>
      <datDo>2065-12-31T00:00:00</datDo>
    </udaj>
    <udaj ID="1061729006">
      <hod>2539</hod>
      <uka>u1</uka>
      <vec>v1</vec>
      <vec>v5</vec>
      <mj>m1</mj>
      <uze>p1</uze>
      <cas>c13</cas>
      <zdr>z1</zdr>
      <datOd>2022-12-07T00:00:00</datOd>
      <datDo>2065-12-31T00:00:00</datDo>
    </udaj>
    <udaj ID="1061729007">
      <hod>2591</hod>
      <uka>u1</uka>
      <vec>v1</vec>
      <vec>v5</vec>
      <mj>m1</mj>
      <uze>p1</uze>
      <cas>c14</cas>
      <zdr>z1</zdr>
      <datOd>2022-12-07T00:00:00</datOd>
      <datDo>2065-12-31T00:00:00</datDo>
    </udaj>
    <udaj ID="1061729008">
      <hod>2615</hod>
      <uka>u1</uka>
      <vec>v1</vec>
      <vec>v5</vec>
      <mj>m1</mj>
      <uze>p1</uze>
      <cas>c15</cas>
      <zdr>z1</zdr>
      <datOd>2022-12-07T00:00:00</datOd>
      <datDo>2065-12-31T00:00:00</datDo>
    </udaj>
    <udaj ID="1061729009">
      <hod>2711</hod>
      <uka>u1</uka>
      <vec>v1</vec>
      <vec>v5</vec>
      <mj>m1</mj>
      <uze>p1</uze>
      <cas>c16</cas>
      <zdr>z1</zdr>
      <datOd>2022-12-07T00:00:00</datOd>
      <datDo>2065-12-31T00:00:00</datDo>
    </udaj>
    <udaj ID="1139549502">
      <hod>2831</hod>
      <uka>u1</uka>
      <vec>v1</vec>
      <vec>v5</vec>
      <mj>m1</mj>
      <uze>p1</uze>
      <cas>c17</cas>
      <zdr>z2</zdr>
      <datOd>2023-08-31T09:00:00</datOd>
      <datDo>2065-12-31T00:00:00</datDo>
    </udaj>
  </data>
</vdbData>
