<?xml version="1.0" encoding="UTF-8" standalone="yes"?>
<vdbData xmlns="http://vdb.czso.cz/xml/export" xmlns:xsi="http://www.w3.org/2001/XMLSchema-instance" VERZE="1.1" JAZYK="cs" xsi:schemaLocation="http://vdb.czso.cz/xml/VdbData.xsd">
  <pruvodka>
    <copyright ROK="2023">© Český statistický úřad</copyright>
    <disclaimer>Poskytovatel neodpovídá za případné škody vzniklé v souvislosti s poskytnutými statistickými informacemi.</disclaimer>
    <ident>VZD12a</ident>
    <nazev>Vysokoškolské vzdělávání - poprvé zapsaní a absolventi</nazev>
    <nastaveniExportu>
      <parametry>ZVOLENE</parametry>
      <rozsah>T</rozsah>
      <definice>N</definice>
      <atributy>N</atributy>
      <typDat>N</typDat>
      <casAktDB>N</casAktDB>
    </nastaveniExportu>
    <zdrojoveURI>https://vdb.czso.cz/vdbvo2/faces/cs/index.jsf?page=vystup-objekt&amp;z=T&amp;f=TABULKA&amp;pvo=VZD12a&amp;skupId=1167&amp;katalog=30848&amp;&amp;str=v66&amp;kodjaz=203</zdrojoveURI>
    <generator>VdbExporty: 1.1.11</generator>
    <casExportu>2023-10-21T00:52:59</casExportu>
    <pocetUdaju>110</pocetUdaju>
  </pruvodka>
  <metaSlovnik>
    <ukazatel>
      <uka ID="u1">
        <kod>7972</kod>
        <text>Počet poprvé zapsaných studentů do studia na vysoké škole</text>
      </uka>
    </ukazatel>
    <vecneUpresneni>
      <element ID="v1">
        <dim>DRUHSKOLZAR</dim>
        <dimText>Druh školy a školského zařízení</dimText>
        <ciselnik>340</ciselnik>
        <kod>8</kod>
        <text>Vysoká škola</text>
      </element>
      <element ID="v2">
        <dim>DRUHSTUDIA</dim>
        <dimText>Druh studia a studijního programu</dimText>
        <ciselnik>344</ciselnik>
        <kod>41</kod>
        <text>Bakalářský studijní program</text>
      </element>
      <element ID="v3">
        <dim>DRUHSTUDIA</dim>
        <dimText>Druh studia a studijního programu</dimText>
        <ciselnik>344</ciselnik>
        <kod>42</kod>
        <text>Magisterský studijní program</text>
      </element>
      <element ID="v4">
        <dim>DRUHSTUDIA</dim>
        <dimText>Druh studia a studijního programu</dimText>
        <ciselnik>344</ciselnik>
        <kod>43</kod>
        <text>Navazující magisterský program</text>
      </element>
      <element ID="v5">
        <dim>DRUHSTUDIA</dim>
        <dimText>Druh studia a studijního programu</dimText>
        <ciselnik>344</ciselnik>
        <kod>44</kod>
        <text>Doktorský studijní program</text>
      </element>
      <element ID="v6">
        <dim>ZRIZSKOLZAR</dim>
        <dimText>Typ zřizovatele školského zařízení</dimText>
        <ciselnik>638</ciselnik>
        <kod>1</kod>
        <text>Veřejný a soukromý zřizovatel</text>
      </element>
    </vecneUpresneni>
    <mericiJednotka>
      <element ID="m1">
        <dim>MJ_SKUTEC</dim>
        <dimText>Skutečná měřicí jednotka</dimText>
        <ciselnik>78</ciselnik>
        <kod>80400</kod>
        <text>osoba</text>
      </element>
    </mericiJednotka>
    <uzemi>
      <element ID="p1">
        <dim>VUZEMI</dim>
        <dimText>V území</dimText>
        <ciselnik>97</ciselnik>
        <kod>19</kod>
        <text>Česká republika</text>
      </element>
    </uzemi>
    <obdobi>
      <cas ID="c1">
        <casOd>2001-01-01</casOd>
        <casDo>2001-12-31</casDo>
      </cas>
      <cas ID="c2">
        <casOd>2002-01-01</casOd>
        <casDo>2002-12-31</casDo>
      </cas>
      <cas ID="c3">
        <casOd>2003-01-01</casOd>
        <casDo>2003-12-31</casDo>
      </cas>
      <cas ID="c4">
        <casOd>2004-01-01</casOd>
        <casDo>2004-12-31</casDo>
      </cas>
      <cas ID="c5">
        <casOd>2005-01-01</casOd>
        <casDo>2005-12-31</casDo>
      </cas>
      <cas ID="c6">
        <casOd>2006-01-01</casOd>
        <casDo>2006-12-31</casDo>
      </cas>
      <cas ID="c7">
        <casOd>2007-01-01</casOd>
        <casDo>2007-12-31</casDo>
      </cas>
      <cas ID="c8">
        <casOd>2008-01-01</casOd>
        <casDo>2008-12-31</casDo>
      </cas>
      <cas ID="c9">
        <casOd>2009-01-01</casOd>
        <casDo>2009-12-31</casDo>
      </cas>
      <cas ID="c10">
        <casOd>2010-01-01</casOd>
        <casDo>2010-12-31</casDo>
      </cas>
      <cas ID="c11">
        <casOd>2011-01-01</casOd>
        <casDo>2011-12-31</casDo>
      </cas>
      <cas ID="c12">
        <casOd>2012-01-01</casOd>
        <casDo>2012-12-31</casDo>
      </cas>
      <cas ID="c13">
        <casOd>2013-01-01</casOd>
        <casDo>2013-12-31</casDo>
      </cas>
      <cas ID="c14">
        <casOd>2014-01-01</casOd>
        <casDo>2014-12-31</casDo>
      </cas>
      <cas ID="c15">
        <casOd>2015-01-01</casOd>
        <casDo>2015-12-31</casDo>
      </cas>
      <cas ID="c16">
        <casOd>2016-01-01</casOd>
        <casDo>2016-12-31</casDo>
      </cas>
      <cas ID="c17">
        <casOd>2017-01-01</casOd>
        <casDo>2017-12-31</casDo>
      </cas>
      <cas ID="c18">
        <casOd>2018-01-01</casOd>
        <casDo>2018-12-31</casDo>
      </cas>
      <cas ID="c19">
        <casOd>2019-01-01</casOd>
        <casDo>2019-12-31</casDo>
      </cas>
      <cas ID="c20">
        <casOd>2020-01-01</casOd>
        <casDo>2020-12-31</casDo>
      </cas>
      <cas ID="c21">
        <casOd>2021-01-01</casOd>
        <casDo>2021-12-31</casDo>
      </cas>
      <cas ID="c22">
        <casOd>2022-01-01</casOd>
        <casDo>2022-12-31</casDo>
      </cas>
    </obdobi>
    <zdrojovaUloha>
      <zdr ID="z1">
        <kod>ADMMSMTVZD</kod>
        <text>Adm. zdroj dat z MŠMT - Vzdělávání</text>
        <verze>1900100</verze>
        <verzeText>roční (leden - prosinec) zpracování - 1. verze</verzeText>
        <obdobiOd>2022-01-01</obdobiOd>
        <obdobiDo>2022-12-31</obdobiDo>
      </zdr>
    </zdrojovaUloha>
  </metaSlovnik>
  <data>
    <udaj ID="1109803442">
      <hod>47076</hod>
      <uka>u1</uka>
      <vec>v1</vec>
      <vec>v6</vec>
      <mj>m1</mj>
      <uze>p1</uze>
      <cas>c1</cas>
      <zdr>z1</zdr>
      <datOd>2023-08-31T09:00:00</datOd>
      <datDo>2060-08-31T09:00:00</datDo>
    </udaj>
    <udaj ID="1109803443">
      <hod>20238</hod>
      <uka>u1</uka>
      <vec>v1</vec>
      <vec>v2</vec>
      <vec>v6</vec>
      <mj>m1</mj>
      <uze>p1</uze>
      <cas>c1</cas>
      <zdr>z1</zdr>
      <datOd>2023-08-31T09:00:00</datOd>
      <datDo>2060-08-31T09:00:00</datDo>
    </udaj>
    <udaj ID="1109803444">
      <hod>31785</hod>
      <uka>u1</uka>
      <vec>v1</vec>
      <vec>v3</vec>
      <vec>v6</vec>
      <mj>m1</mj>
      <uze>p1</uze>
      <cas>c1</cas>
      <zdr>z1</zdr>
      <datOd>2023-08-31T09:00:00</datOd>
      <datDo>2060-08-31T09:00:00</datDo>
    </udaj>
    <udaj ID="1109803445">
      <hod>5098</hod>
      <uka>u1</uka>
      <vec>v1</vec>
      <vec>v4</vec>
      <vec>v6</vec>
      <mj>m1</mj>
      <uze>p1</uze>
      <cas>c1</cas>
      <zdr>z1</zdr>
      <datOd>2023-08-31T09:00:00</datOd>
      <datDo>2060-08-31T09:00:00</datDo>
    </udaj>
    <udaj ID="1109803446">
      <hod>4058</hod>
      <uka>u1</uka>
      <vec>v1</vec>
      <vec>v5</vec>
      <vec>v6</vec>
      <mj>m1</mj>
      <uze>p1</uze>
      <cas>c1</cas>
      <zdr>z1</zdr>
      <datOd>2023-08-31T09:00:00</datOd>
      <datDo>2060-08-31T09:00:00</datDo>
    </udaj>
    <udaj ID="1109803583">
      <hod>50037</hod>
      <uka>u1</uka>
      <vec>v1</vec>
      <vec>v6</vec>
      <mj>m1</mj>
      <uze>p1</uze>
      <cas>c2</cas>
      <zdr>z1</zdr>
      <datOd>2023-08-31T09:00:00</datOd>
      <datDo>2060-08-31T09:00:00</datDo>
    </udaj>
    <udaj ID="1109803584">
      <hod>31490</hod>
      <uka>u1</uka>
      <vec>v1</vec>
      <vec>v2</vec>
      <vec>v6</vec>
      <mj>m1</mj>
      <uze>p1</uze>
      <cas>c2</cas>
      <zdr>z1</zdr>
      <datOd>2023-08-31T09:00:00</datOd>
      <datDo>2060-08-31T09:00:00</datDo>
    </udaj>
    <udaj ID="1109803585">
      <hod>27008</hod>
      <uka>u1</uka>
      <vec>v1</vec>
      <vec>v3</vec>
      <vec>v6</vec>
      <mj>m1</mj>
      <uze>p1</uze>
      <cas>c2</cas>
      <zdr>z1</zdr>
      <datOd>2023-08-31T09:00:00</datOd>
      <datDo>2060-08-31T09:00:00</datDo>
    </udaj>
    <udaj ID="1109803586">
      <hod>5532</hod>
      <uka>u1</uka>
      <vec>v1</vec>
      <vec>v4</vec>
      <vec>v6</vec>
      <mj>m1</mj>
      <uze>p1</uze>
      <cas>c2</cas>
      <zdr>z1</zdr>
      <datOd>2023-08-31T09:00:00</datOd>
      <datDo>2060-08-31T09:00:00</datDo>
    </udaj>
    <udaj ID="1109803587">
      <hod>4515</hod>
      <uka>u1</uka>
      <vec>v1</vec>
      <vec>v5</vec>
      <vec>v6</vec>
      <mj>m1</mj>
      <uze>p1</uze>
      <cas>c2</cas>
      <zdr>z1</zdr>
      <datOd>2023-08-31T09:00:00</datOd>
      <datDo>2060-08-31T09:00:00</datDo>
    </udaj>
    <udaj ID="1109803669">
      <hod>56996</hod>
      <uka>u1</uka>
      <vec>v1</vec>
      <vec>v6</vec>
      <mj>m1</mj>
      <uze>p1</uze>
      <cas>c3</cas>
      <zdr>z1</zdr>
      <datOd>2023-08-31T09:00:00</datOd>
      <datDo>2060-08-31T09:00:00</datDo>
    </udaj>
    <udaj ID="1109803733">
      <hod>45545</hod>
      <uka>u1</uka>
      <vec>v1</vec>
      <vec>v2</vec>
      <vec>v6</vec>
      <mj>m1</mj>
      <uze>p1</uze>
      <cas>c3</cas>
      <zdr>z1</zdr>
      <datOd>2023-08-31T09:00:00</datOd>
      <datDo>2060-08-31T09:00:00</datDo>
    </udaj>
    <udaj ID="1109803734">
      <hod>21401</hod>
      <uka>u1</uka>
      <vec>v1</vec>
      <vec>v3</vec>
      <vec>v6</vec>
      <mj>m1</mj>
      <uze>p1</uze>
      <cas>c3</cas>
      <zdr>z1</zdr>
      <datOd>2023-08-31T09:00:00</datOd>
      <datDo>2060-08-31T09:00:00</datDo>
    </udaj>
    <udaj ID="1109803735">
      <hod>6270</hod>
      <uka>u1</uka>
      <vec>v1</vec>
      <vec>v4</vec>
      <vec>v6</vec>
      <mj>m1</mj>
      <uze>p1</uze>
      <cas>c3</cas>
      <zdr>z1</zdr>
      <datOd>2023-08-31T09:00:00</datOd>
      <datDo>2060-08-31T09:00:00</datDo>
    </udaj>
    <udaj ID="1109803736">
      <hod>5308</hod>
      <uka>u1</uka>
      <vec>v1</vec>
      <vec>v5</vec>
      <vec>v6</vec>
      <mj>m1</mj>
      <uze>p1</uze>
      <cas>c3</cas>
      <zdr>z1</zdr>
      <datOd>2023-08-31T09:00:00</datOd>
      <datDo>2060-08-31T09:00:00</datDo>
    </udaj>
    <udaj ID="1109803825">
      <hod>64285</hod>
      <uka>u1</uka>
      <vec>v1</vec>
      <vec>v6</vec>
      <mj>m1</mj>
      <uze>p1</uze>
      <cas>c4</cas>
      <zdr>z1</zdr>
      <datOd>2023-08-31T09:00:00</datOd>
      <datDo>2060-08-31T09:00:00</datDo>
    </udaj>
    <udaj ID="1109803826">
      <hod>57731</hod>
      <uka>u1</uka>
      <vec>v1</vec>
      <vec>v2</vec>
      <vec>v6</vec>
      <mj>m1</mj>
      <uze>p1</uze>
      <cas>c4</cas>
      <zdr>z1</zdr>
      <datOd>2023-08-31T09:00:00</datOd>
      <datDo>2060-08-31T09:00:00</datDo>
    </udaj>
    <udaj ID="1109803827">
      <hod>14749</hod>
      <uka>u1</uka>
      <vec>v1</vec>
      <vec>v3</vec>
      <vec>v6</vec>
      <mj>m1</mj>
      <uze>p1</uze>
      <cas>c4</cas>
      <zdr>z1</zdr>
      <datOd>2023-08-31T09:00:00</datOd>
      <datDo>2060-08-31T09:00:00</datDo>
    </udaj>
    <udaj ID="1109803828">
      <hod>8861</hod>
      <uka>u1</uka>
      <vec>v1</vec>
      <vec>v4</vec>
      <vec>v6</vec>
      <mj>m1</mj>
      <uze>p1</uze>
      <cas>c4</cas>
      <zdr>z1</zdr>
      <datOd>2023-08-31T09:00:00</datOd>
      <datDo>2060-08-31T09:00:00</datDo>
    </udaj>
    <udaj ID="1109803829">
      <hod>5349</hod>
      <uka>u1</uka>
      <vec>v1</vec>
      <vec>v5</vec>
      <vec>v6</vec>
      <mj>m1</mj>
      <uze>p1</uze>
      <cas>c4</cas>
      <zdr>z1</zdr>
      <datOd>2023-08-31T09:00:00</datOd>
      <datDo>2060-08-31T09:00:00</datDo>
    </udaj>
    <udaj ID="1109803979">
      <hod>69593</hod>
      <uka>u1</uka>
      <vec>v1</vec>
      <vec>v6</vec>
      <mj>m1</mj>
      <uze>p1</uze>
      <cas>c5</cas>
      <zdr>z1</zdr>
      <datOd>2023-08-31T09:00:00</datOd>
      <datDo>2060-08-31T09:00:00</datDo>
    </udaj>
    <udaj ID="1109803980">
      <hod>64027</hod>
      <uka>u1</uka>
      <vec>v1</vec>
      <vec>v2</vec>
      <vec>v6</vec>
      <mj>m1</mj>
      <uze>p1</uze>
      <cas>c5</cas>
      <zdr>z1</zdr>
      <datOd>2023-08-31T09:00:00</datOd>
      <datDo>2060-08-31T09:00:00</datDo>
    </udaj>
    <udaj ID="1109803981">
      <hod>12955</hod>
      <uka>u1</uka>
      <vec>v1</vec>
      <vec>v3</vec>
      <vec>v6</vec>
      <mj>m1</mj>
      <uze>p1</uze>
      <cas>c5</cas>
      <zdr>z1</zdr>
      <datOd>2023-08-31T09:00:00</datOd>
      <datDo>2060-08-31T09:00:00</datDo>
    </udaj>
    <udaj ID="1109803982">
      <hod>13256</hod>
      <uka>u1</uka>
      <vec>v1</vec>
      <vec>v4</vec>
      <vec>v6</vec>
      <mj>m1</mj>
      <uze>p1</uze>
      <cas>c5</cas>
      <zdr>z1</zdr>
      <datOd>2023-08-31T09:00:00</datOd>
      <datDo>2060-08-31T09:00:00</datDo>
    </udaj>
    <udaj ID="1109803983">
      <hod>4753</hod>
      <uka>u1</uka>
      <vec>v1</vec>
      <vec>v5</vec>
      <vec>v6</vec>
      <mj>m1</mj>
      <uze>p1</uze>
      <cas>c5</cas>
      <zdr>z1</zdr>
      <datOd>2023-08-31T09:00:00</datOd>
      <datDo>2060-08-31T09:00:00</datDo>
    </udaj>
    <udaj ID="1109804072">
      <hod>74957</hod>
      <uka>u1</uka>
      <vec>v1</vec>
      <vec>v6</vec>
      <mj>m1</mj>
      <uze>p1</uze>
      <cas>c6</cas>
      <zdr>z1</zdr>
      <datOd>2023-08-31T09:00:00</datOd>
      <datDo>2060-08-31T09:00:00</datDo>
    </udaj>
    <udaj ID="1109804073">
      <hod>69497</hod>
      <uka>u1</uka>
      <vec>v1</vec>
      <vec>v2</vec>
      <vec>v6</vec>
      <mj>m1</mj>
      <uze>p1</uze>
      <cas>c6</cas>
      <zdr>z1</zdr>
      <datOd>2023-08-31T09:00:00</datOd>
      <datDo>2060-08-31T09:00:00</datDo>
    </udaj>
    <udaj ID="1109804074">
      <hod>10886</hod>
      <uka>u1</uka>
      <vec>v1</vec>
      <vec>v3</vec>
      <vec>v6</vec>
      <mj>m1</mj>
      <uze>p1</uze>
      <cas>c6</cas>
      <zdr>z1</zdr>
      <datOd>2023-08-31T09:00:00</datOd>
      <datDo>2060-08-31T09:00:00</datDo>
    </udaj>
    <udaj ID="1109804075">
      <hod>20657</hod>
      <uka>u1</uka>
      <vec>v1</vec>
      <vec>v4</vec>
      <vec>v6</vec>
      <mj>m1</mj>
      <uze>p1</uze>
      <cas>c6</cas>
      <zdr>z1</zdr>
      <datOd>2023-08-31T09:00:00</datOd>
      <datDo>2060-08-31T09:00:00</datDo>
    </udaj>
    <udaj ID="1109804136">
      <hod>5090</hod>
      <uka>u1</uka>
      <vec>v1</vec>
      <vec>v5</vec>
      <vec>v6</vec>
      <mj>m1</mj>
      <uze>p1</uze>
      <cas>c6</cas>
      <zdr>z1</zdr>
      <datOd>2023-08-31T09:00:00</datOd>
      <datDo>2060-08-31T09:00:00</datDo>
    </udaj>
    <udaj ID="1109804224">
      <hod>80896</hod>
      <uka>u1</uka>
      <vec>v1</vec>
      <vec>v6</vec>
      <mj>m1</mj>
      <uze>p1</uze>
      <cas>c7</cas>
      <zdr>z1</zdr>
      <datOd>2023-08-31T09:00:00</datOd>
      <datDo>2060-08-31T09:00:00</datDo>
    </udaj>
    <udaj ID="1109804225">
      <hod>77083</hod>
      <uka>u1</uka>
      <vec>v1</vec>
      <vec>v2</vec>
      <vec>v6</vec>
      <mj>m1</mj>
      <uze>p1</uze>
      <cas>c7</cas>
      <zdr>z1</zdr>
      <datOd>2023-08-31T09:00:00</datOd>
      <datDo>2060-08-31T09:00:00</datDo>
    </udaj>
    <udaj ID="1109804226">
      <hod>8201</hod>
      <uka>u1</uka>
      <vec>v1</vec>
      <vec>v3</vec>
      <vec>v6</vec>
      <mj>m1</mj>
      <uze>p1</uze>
      <cas>c7</cas>
      <zdr>z1</zdr>
      <datOd>2023-08-31T09:00:00</datOd>
      <datDo>2060-08-31T09:00:00</datDo>
    </udaj>
    <udaj ID="1109804227">
      <hod>28199</hod>
      <uka>u1</uka>
      <vec>v1</vec>
      <vec>v4</vec>
      <vec>v6</vec>
      <mj>m1</mj>
      <uze>p1</uze>
      <cas>c7</cas>
      <zdr>z1</zdr>
      <datOd>2023-08-31T09:00:00</datOd>
      <datDo>2060-08-31T09:00:00</datDo>
    </udaj>
    <udaj ID="1109804228">
      <hod>5226</hod>
      <uka>u1</uka>
      <vec>v1</vec>
      <vec>v5</vec>
      <vec>v6</vec>
      <mj>m1</mj>
      <uze>p1</uze>
      <cas>c7</cas>
      <zdr>z1</zdr>
      <datOd>2023-08-31T09:00:00</datOd>
      <datDo>2060-08-31T09:00:00</datDo>
    </udaj>
    <udaj ID="1109803151">
      <hod>84632</hod>
      <uka>u1</uka>
      <vec>v1</vec>
      <vec>v6</vec>
      <mj>m1</mj>
      <uze>p1</uze>
      <cas>c8</cas>
      <zdr>z1</zdr>
      <datOd>2023-08-31T09:00:00</datOd>
      <datDo>2060-08-31T09:00:00</datDo>
    </udaj>
    <udaj ID="1109803152">
      <hod>80854</hod>
      <uka>u1</uka>
      <vec>v1</vec>
      <vec>v2</vec>
      <vec>v6</vec>
      <mj>m1</mj>
      <uze>p1</uze>
      <cas>c8</cas>
      <zdr>z1</zdr>
      <datOd>2023-08-31T09:00:00</datOd>
      <datDo>2060-08-31T09:00:00</datDo>
    </udaj>
    <udaj ID="1109803153">
      <hod>7288</hod>
      <uka>u1</uka>
      <vec>v1</vec>
      <vec>v3</vec>
      <vec>v6</vec>
      <mj>m1</mj>
      <uze>p1</uze>
      <cas>c8</cas>
      <zdr>z1</zdr>
      <datOd>2023-08-31T09:00:00</datOd>
      <datDo>2060-08-31T09:00:00</datDo>
    </udaj>
    <udaj ID="1109803154">
      <hod>33394</hod>
      <uka>u1</uka>
      <vec>v1</vec>
      <vec>v4</vec>
      <vec>v6</vec>
      <mj>m1</mj>
      <uze>p1</uze>
      <cas>c8</cas>
      <zdr>z1</zdr>
      <datOd>2023-08-31T09:00:00</datOd>
      <datDo>2060-08-31T09:00:00</datDo>
    </udaj>
    <udaj ID="1109803155">
      <hod>5229</hod>
      <uka>u1</uka>
      <vec>v1</vec>
      <vec>v5</vec>
      <vec>v6</vec>
      <mj>m1</mj>
      <uze>p1</uze>
      <cas>c8</cas>
      <zdr>z1</zdr>
      <datOd>2023-08-31T09:00:00</datOd>
      <datDo>2060-08-31T09:00:00</datDo>
    </udaj>
    <udaj ID="1109803238">
      <hod>85991</hod>
      <uka>u1</uka>
      <vec>v1</vec>
      <vec>v6</vec>
      <mj>m1</mj>
      <uze>p1</uze>
      <cas>c9</cas>
      <zdr>z1</zdr>
      <datOd>2023-08-31T09:00:00</datOd>
      <datDo>2060-08-31T09:00:00</datDo>
    </udaj>
    <udaj ID="1109803239">
      <hod>81425</hod>
      <uka>u1</uka>
      <vec>v1</vec>
      <vec>v2</vec>
      <vec>v6</vec>
      <mj>m1</mj>
      <uze>p1</uze>
      <cas>c9</cas>
      <zdr>z1</zdr>
      <datOd>2023-08-31T09:00:00</datOd>
      <datDo>2060-08-31T09:00:00</datDo>
    </udaj>
    <udaj ID="1109803240">
      <hod>6860</hod>
      <uka>u1</uka>
      <vec>v1</vec>
      <vec>v3</vec>
      <vec>v6</vec>
      <mj>m1</mj>
      <uze>p1</uze>
      <cas>c9</cas>
      <zdr>z1</zdr>
      <datOd>2023-08-31T09:00:00</datOd>
      <datDo>2060-08-31T09:00:00</datDo>
    </udaj>
    <udaj ID="1109803241">
      <hod>38561</hod>
      <uka>u1</uka>
      <vec>v1</vec>
      <vec>v4</vec>
      <vec>v6</vec>
      <mj>m1</mj>
      <uze>p1</uze>
      <cas>c9</cas>
      <zdr>z1</zdr>
      <datOd>2023-08-31T09:00:00</datOd>
      <datDo>2060-08-31T09:00:00</datDo>
    </udaj>
    <udaj ID="1109803242">
      <hod>5725</hod>
      <uka>u1</uka>
      <vec>v1</vec>
      <vec>v5</vec>
      <vec>v6</vec>
      <mj>m1</mj>
      <uze>p1</uze>
      <cas>c9</cas>
      <zdr>z1</zdr>
      <datOd>2023-08-31T09:00:00</datOd>
      <datDo>2060-08-31T09:00:00</datDo>
    </udaj>
    <udaj ID="1109803378">
      <hod>84417</hod>
      <uka>u1</uka>
      <vec>v1</vec>
      <vec>v6</vec>
      <mj>m1</mj>
      <uze>p1</uze>
      <cas>c10</cas>
      <zdr>z1</zdr>
      <datOd>2023-08-31T09:00:00</datOd>
      <datDo>2060-08-31T09:00:00</datDo>
    </udaj>
    <udaj ID="1109803379">
      <hod>79126</hod>
      <uka>u1</uka>
      <vec>v1</vec>
      <vec>v2</vec>
      <vec>v6</vec>
      <mj>m1</mj>
      <uze>p1</uze>
      <cas>c10</cas>
      <zdr>z1</zdr>
      <datOd>2023-08-31T09:00:00</datOd>
      <datDo>2060-08-31T09:00:00</datDo>
    </udaj>
    <udaj ID="1109803380">
      <hod>6843</hod>
      <uka>u1</uka>
      <vec>v1</vec>
      <vec>v3</vec>
      <vec>v6</vec>
      <mj>m1</mj>
      <uze>p1</uze>
      <cas>c10</cas>
      <zdr>z1</zdr>
      <datOd>2023-08-31T09:00:00</datOd>
      <datDo>2060-08-31T09:00:00</datDo>
    </udaj>
    <udaj ID="1109803381">
      <hod>38611</hod>
      <uka>u1</uka>
      <vec>v1</vec>
      <vec>v4</vec>
      <vec>v6</vec>
      <mj>m1</mj>
      <uze>p1</uze>
      <cas>c10</cas>
      <zdr>z1</zdr>
      <datOd>2023-08-31T09:00:00</datOd>
      <datDo>2060-08-31T09:00:00</datDo>
    </udaj>
    <udaj ID="1109803382">
      <hod>5676</hod>
      <uka>u1</uka>
      <vec>v1</vec>
      <vec>v5</vec>
      <vec>v6</vec>
      <mj>m1</mj>
      <uze>p1</uze>
      <cas>c10</cas>
      <zdr>z1</zdr>
      <datOd>2023-08-31T09:00:00</datOd>
      <datDo>2060-08-31T09:00:00</datDo>
    </udaj>
    <udaj ID="1109803464">
      <hod>78231</hod>
      <uka>u1</uka>
      <vec>v1</vec>
      <vec>v6</vec>
      <mj>m1</mj>
      <uze>p1</uze>
      <cas>c11</cas>
      <zdr>z1</zdr>
      <datOd>2023-08-31T09:00:00</datOd>
      <datDo>2060-08-31T09:00:00</datDo>
    </udaj>
    <udaj ID="1109803465">
      <hod>73192</hod>
      <uka>u1</uka>
      <vec>v1</vec>
      <vec>v2</vec>
      <vec>v6</vec>
      <mj>m1</mj>
      <uze>p1</uze>
      <cas>c11</cas>
      <zdr>z1</zdr>
      <datOd>2023-08-31T09:00:00</datOd>
      <datDo>2060-08-31T09:00:00</datDo>
    </udaj>
    <udaj ID="1109803522">
      <hod>6835</hod>
      <uka>u1</uka>
      <vec>v1</vec>
      <vec>v3</vec>
      <vec>v6</vec>
      <mj>m1</mj>
      <uze>p1</uze>
      <cas>c11</cas>
      <zdr>z1</zdr>
      <datOd>2023-08-31T09:00:00</datOd>
      <datDo>2060-08-31T09:00:00</datDo>
    </udaj>
    <udaj ID="1109803523">
      <hod>39011</hod>
      <uka>u1</uka>
      <vec>v1</vec>
      <vec>v4</vec>
      <vec>v6</vec>
      <mj>m1</mj>
      <uze>p1</uze>
      <cas>c11</cas>
      <zdr>z1</zdr>
      <datOd>2023-08-31T09:00:00</datOd>
      <datDo>2060-08-31T09:00:00</datDo>
    </udaj>
    <udaj ID="1109803524">
      <hod>5023</hod>
      <uka>u1</uka>
      <vec>v1</vec>
      <vec>v5</vec>
      <vec>v6</vec>
      <mj>m1</mj>
      <uze>p1</uze>
      <cas>c11</cas>
      <zdr>z1</zdr>
      <datOd>2023-08-31T09:00:00</datOd>
      <datDo>2060-08-31T09:00:00</datDo>
    </udaj>
    <udaj ID="1109803605">
      <hod>74313</hod>
      <uka>u1</uka>
      <vec>v1</vec>
      <vec>v6</vec>
      <mj>m1</mj>
      <uze>p1</uze>
      <cas>c12</cas>
      <zdr>z1</zdr>
      <datOd>2023-08-31T09:00:00</datOd>
      <datDo>2060-08-31T09:00:00</datDo>
    </udaj>
    <udaj ID="1109803606">
      <hod>69184</hod>
      <uka>u1</uka>
      <vec>v1</vec>
      <vec>v2</vec>
      <vec>v6</vec>
      <mj>m1</mj>
      <uze>p1</uze>
      <cas>c12</cas>
      <zdr>z1</zdr>
      <datOd>2023-08-31T09:00:00</datOd>
      <datDo>2060-08-31T09:00:00</datDo>
    </udaj>
    <udaj ID="1109803607">
      <hod>6155</hod>
      <uka>u1</uka>
      <vec>v1</vec>
      <vec>v3</vec>
      <vec>v6</vec>
      <mj>m1</mj>
      <uze>p1</uze>
      <cas>c12</cas>
      <zdr>z1</zdr>
      <datOd>2023-08-31T09:00:00</datOd>
      <datDo>2060-08-31T09:00:00</datDo>
    </udaj>
    <udaj ID="1109803608">
      <hod>37832</hod>
      <uka>u1</uka>
      <vec>v1</vec>
      <vec>v4</vec>
      <vec>v6</vec>
      <mj>m1</mj>
      <uze>p1</uze>
      <cas>c12</cas>
      <zdr>z1</zdr>
      <datOd>2023-08-31T09:00:00</datOd>
      <datDo>2060-08-31T09:00:00</datDo>
    </udaj>
    <udaj ID="1109803609">
      <hod>4933</hod>
      <uka>u1</uka>
      <vec>v1</vec>
      <vec>v5</vec>
      <vec>v6</vec>
      <mj>m1</mj>
      <uze>p1</uze>
      <cas>c12</cas>
      <zdr>z1</zdr>
      <datOd>2023-08-31T09:00:00</datOd>
      <datDo>2060-08-31T09:00:00</datDo>
    </udaj>
    <udaj ID="1109803753">
      <hod>69839</hod>
      <uka>u1</uka>
      <vec>v1</vec>
      <vec>v6</vec>
      <mj>m1</mj>
      <uze>p1</uze>
      <cas>c13</cas>
      <zdr>z1</zdr>
      <datOd>2023-08-31T09:00:00</datOd>
      <datDo>2060-08-31T09:00:00</datDo>
    </udaj>
    <udaj ID="1109803754">
      <hod>64650</hod>
      <uka>u1</uka>
      <vec>v1</vec>
      <vec>v2</vec>
      <vec>v6</vec>
      <mj>m1</mj>
      <uze>p1</uze>
      <cas>c13</cas>
      <zdr>z1</zdr>
      <datOd>2023-08-31T09:00:00</datOd>
      <datDo>2060-08-31T09:00:00</datDo>
    </udaj>
    <udaj ID="1109803755">
      <hod>6140</hod>
      <uka>u1</uka>
      <vec>v1</vec>
      <vec>v3</vec>
      <vec>v6</vec>
      <mj>m1</mj>
      <uze>p1</uze>
      <cas>c13</cas>
      <zdr>z1</zdr>
      <datOd>2023-08-31T09:00:00</datOd>
      <datDo>2060-08-31T09:00:00</datDo>
    </udaj>
    <udaj ID="1109803756">
      <hod>36658</hod>
      <uka>u1</uka>
      <vec>v1</vec>
      <vec>v4</vec>
      <vec>v6</vec>
      <mj>m1</mj>
      <uze>p1</uze>
      <cas>c13</cas>
      <zdr>z1</zdr>
      <datOd>2023-08-31T09:00:00</datOd>
      <datDo>2060-08-31T09:00:00</datDo>
    </udaj>
    <udaj ID="1109803757">
      <hod>4927</hod>
      <uka>u1</uka>
      <vec>v1</vec>
      <vec>v5</vec>
      <vec>v6</vec>
      <mj>m1</mj>
      <uze>p1</uze>
      <cas>c13</cas>
      <zdr>z1</zdr>
      <datOd>2023-08-31T09:00:00</datOd>
      <datDo>2060-08-31T09:00:00</datDo>
    </udaj>
    <udaj ID="1109803847">
      <hod>61414</hod>
      <uka>u1</uka>
      <vec>v1</vec>
      <vec>v6</vec>
      <mj>m1</mj>
      <uze>p1</uze>
      <cas>c14</cas>
      <zdr>z1</zdr>
      <datOd>2023-08-31T09:00:00</datOd>
      <datDo>2060-08-31T09:00:00</datDo>
    </udaj>
    <udaj ID="1109803848">
      <hod>55993</hod>
      <uka>u1</uka>
      <vec>v1</vec>
      <vec>v2</vec>
      <vec>v6</vec>
      <mj>m1</mj>
      <uze>p1</uze>
      <cas>c14</cas>
      <zdr>z1</zdr>
      <datOd>2023-08-31T09:00:00</datOd>
      <datDo>2060-08-31T09:00:00</datDo>
    </udaj>
    <udaj ID="1109803849">
      <hod>6259</hod>
      <uka>u1</uka>
      <vec>v1</vec>
      <vec>v3</vec>
      <vec>v6</vec>
      <mj>m1</mj>
      <uze>p1</uze>
      <cas>c14</cas>
      <zdr>z1</zdr>
      <datOd>2023-08-31T09:00:00</datOd>
      <datDo>2060-08-31T09:00:00</datDo>
    </udaj>
    <udaj ID="1109803850">
      <hod>34769</hod>
      <uka>u1</uka>
      <vec>v1</vec>
      <vec>v4</vec>
      <vec>v6</vec>
      <mj>m1</mj>
      <uze>p1</uze>
      <cas>c14</cas>
      <zdr>z1</zdr>
      <datOd>2023-08-31T09:00:00</datOd>
      <datDo>2060-08-31T09:00:00</datDo>
    </udaj>
    <udaj ID="1109803851">
      <hod>4704</hod>
      <uka>u1</uka>
      <vec>v1</vec>
      <vec>v5</vec>
      <vec>v6</vec>
      <mj>m1</mj>
      <uze>p1</uze>
      <cas>c14</cas>
      <zdr>z1</zdr>
      <datOd>2023-08-31T09:00:00</datOd>
      <datDo>2060-08-31T09:00:00</datDo>
    </udaj>
    <udaj ID="1109804001">
      <hod>58114</hod>
      <uka>u1</uka>
      <vec>v1</vec>
      <vec>v6</vec>
      <mj>m1</mj>
      <uze>p1</uze>
      <cas>c15</cas>
      <zdr>z1</zdr>
      <datOd>2023-08-31T09:00:00</datOd>
      <datDo>2060-08-31T09:00:00</datDo>
    </udaj>
    <udaj ID="1109804002">
      <hod>52285</hod>
      <uka>u1</uka>
      <vec>v1</vec>
      <vec>v2</vec>
      <vec>v6</vec>
      <mj>m1</mj>
      <uze>p1</uze>
      <cas>c15</cas>
      <zdr>z1</zdr>
      <datOd>2023-08-31T09:00:00</datOd>
      <datDo>2060-08-31T09:00:00</datDo>
    </udaj>
    <udaj ID="1109804003">
      <hod>6015</hod>
      <uka>u1</uka>
      <vec>v1</vec>
      <vec>v3</vec>
      <vec>v6</vec>
      <mj>m1</mj>
      <uze>p1</uze>
      <cas>c15</cas>
      <zdr>z1</zdr>
      <datOd>2023-08-31T09:00:00</datOd>
      <datDo>2060-08-31T09:00:00</datDo>
    </udaj>
    <udaj ID="1109804004">
      <hod>32890</hod>
      <uka>u1</uka>
      <vec>v1</vec>
      <vec>v4</vec>
      <vec>v6</vec>
      <mj>m1</mj>
      <uze>p1</uze>
      <cas>c15</cas>
      <zdr>z1</zdr>
      <datOd>2023-08-31T09:00:00</datOd>
      <datDo>2060-08-31T09:00:00</datDo>
    </udaj>
    <udaj ID="1109804005">
      <hod>4639</hod>
      <uka>u1</uka>
      <vec>v1</vec>
      <vec>v5</vec>
      <vec>v6</vec>
      <mj>m1</mj>
      <uze>p1</uze>
      <cas>c15</cas>
      <zdr>z1</zdr>
      <datOd>2023-08-31T09:00:00</datOd>
      <datDo>2060-08-31T09:00:00</datDo>
    </udaj>
    <udaj ID="1109804154">
      <hod>56024</hod>
      <uka>u1</uka>
      <vec>v1</vec>
      <vec>v6</vec>
      <mj>m1</mj>
      <uze>p1</uze>
      <cas>c16</cas>
      <zdr>z1</zdr>
      <datOd>2023-08-31T09:00:00</datOd>
      <datDo>2060-08-31T09:00:00</datDo>
    </udaj>
    <udaj ID="1109804155">
      <hod>49971</hod>
      <uka>u1</uka>
      <vec>v1</vec>
      <vec>v2</vec>
      <vec>v6</vec>
      <mj>m1</mj>
      <uze>p1</uze>
      <cas>c16</cas>
      <zdr>z1</zdr>
      <datOd>2023-08-31T09:00:00</datOd>
      <datDo>2060-08-31T09:00:00</datDo>
    </udaj>
    <udaj ID="1109804156">
      <hod>6035</hod>
      <uka>u1</uka>
      <vec>v1</vec>
      <vec>v3</vec>
      <vec>v6</vec>
      <mj>m1</mj>
      <uze>p1</uze>
      <cas>c16</cas>
      <zdr>z1</zdr>
      <datOd>2023-08-31T09:00:00</datOd>
      <datDo>2060-08-31T09:00:00</datDo>
    </udaj>
    <udaj ID="1109804157">
      <hod>32299</hod>
      <uka>u1</uka>
      <vec>v1</vec>
      <vec>v4</vec>
      <vec>v6</vec>
      <mj>m1</mj>
      <uze>p1</uze>
      <cas>c16</cas>
      <zdr>z1</zdr>
      <datOd>2023-08-31T09:00:00</datOd>
      <datDo>2060-08-31T09:00:00</datDo>
    </udaj>
    <udaj ID="1109804158">
      <hod>4405</hod>
      <uka>u1</uka>
      <vec>v1</vec>
      <vec>v5</vec>
      <vec>v6</vec>
      <mj>m1</mj>
      <uze>p1</uze>
      <cas>c16</cas>
      <zdr>z1</zdr>
      <datOd>2023-08-31T09:00:00</datOd>
      <datDo>2060-08-31T09:00:00</datDo>
    </udaj>
    <udaj ID="1109804246">
      <hod>56057</hod>
      <uka>u1</uka>
      <vec>v1</vec>
      <vec>v6</vec>
      <mj>m1</mj>
      <uze>p1</uze>
      <cas>c17</cas>
      <zdr>z1</zdr>
      <datOd>2023-08-31T09:00:00</datOd>
      <datDo>2060-08-31T09:00:00</datDo>
    </udaj>
    <udaj ID="1109804247">
      <hod>49681</hod>
      <uka>u1</uka>
      <vec>v1</vec>
      <vec>v2</vec>
      <vec>v6</vec>
      <mj>m1</mj>
      <uze>p1</uze>
      <cas>c17</cas>
      <zdr>z1</zdr>
      <datOd>2023-08-31T09:00:00</datOd>
      <datDo>2060-08-31T09:00:00</datDo>
    </udaj>
    <udaj ID="1109804248">
      <hod>6084</hod>
      <uka>u1</uka>
      <vec>v1</vec>
      <vec>v3</vec>
      <vec>v6</vec>
      <mj>m1</mj>
      <uze>p1</uze>
      <cas>c17</cas>
      <zdr>z1</zdr>
      <datOd>2023-08-31T09:00:00</datOd>
      <datDo>2060-08-31T09:00:00</datDo>
    </udaj>
    <udaj ID="1109804249">
      <hod>29645</hod>
      <uka>u1</uka>
      <vec>v1</vec>
      <vec>v4</vec>
      <vec>v6</vec>
      <mj>m1</mj>
      <uze>p1</uze>
      <cas>c17</cas>
      <zdr>z1</zdr>
      <datOd>2023-08-31T09:00:00</datOd>
      <datDo>2060-08-31T09:00:00</datDo>
    </udaj>
    <udaj ID="1109804250">
      <hod>4106</hod>
      <uka>u1</uka>
      <vec>v1</vec>
      <vec>v5</vec>
      <vec>v6</vec>
      <mj>m1</mj>
      <uze>p1</uze>
      <cas>c17</cas>
      <zdr>z1</zdr>
      <datOd>2023-08-31T09:00:00</datOd>
      <datDo>2060-08-31T09:00:00</datDo>
    </udaj>
    <udaj ID="1109803095">
      <hod>56615</hod>
      <uka>u1</uka>
      <vec>v1</vec>
      <vec>v6</vec>
      <mj>m1</mj>
      <uze>p1</uze>
      <cas>c18</cas>
      <zdr>z1</zdr>
      <datOd>2023-08-31T09:00:00</datOd>
      <datDo>2060-08-31T09:00:00</datDo>
    </udaj>
    <udaj ID="1109803096">
      <hod>50056</hod>
      <uka>u1</uka>
      <vec>v1</vec>
      <vec>v2</vec>
      <vec>v6</vec>
      <mj>m1</mj>
      <uze>p1</uze>
      <cas>c18</cas>
      <zdr>z1</zdr>
      <datOd>2023-08-31T09:00:00</datOd>
      <datDo>2060-08-31T09:00:00</datDo>
    </udaj>
    <udaj ID="1109803097">
      <hod>6263</hod>
      <uka>u1</uka>
      <vec>v1</vec>
      <vec>v3</vec>
      <vec>v6</vec>
      <mj>m1</mj>
      <uze>p1</uze>
      <cas>c18</cas>
      <zdr>z1</zdr>
      <datOd>2023-08-31T09:00:00</datOd>
      <datDo>2060-08-31T09:00:00</datDo>
    </udaj>
    <udaj ID="1109803098">
      <hod>27920</hod>
      <uka>u1</uka>
      <vec>v1</vec>
      <vec>v4</vec>
      <vec>v6</vec>
      <mj>m1</mj>
      <uze>p1</uze>
      <cas>c18</cas>
      <zdr>z1</zdr>
      <datOd>2023-08-31T09:00:00</datOd>
      <datDo>2060-08-31T09:00:00</datDo>
    </udaj>
    <udaj ID="1109803099">
      <hod>4126</hod>
      <uka>u1</uka>
      <vec>v1</vec>
      <vec>v5</vec>
      <vec>v6</vec>
      <mj>m1</mj>
      <uze>p1</uze>
      <cas>c18</cas>
      <zdr>z1</zdr>
      <datOd>2023-08-31T09:00:00</datOd>
      <datDo>2060-08-31T09:00:00</datDo>
    </udaj>
    <udaj ID="1109803185">
      <hod>59971</hod>
      <uka>u1</uka>
      <vec>v1</vec>
      <vec>v6</vec>
      <mj>m1</mj>
      <uze>p1</uze>
      <cas>c19</cas>
      <zdr>z1</zdr>
      <datOd>2023-08-31T09:00:00</datOd>
      <datDo>2060-08-31T09:00:00</datDo>
    </udaj>
    <udaj ID="1109803186">
      <hod>52876</hod>
      <uka>u1</uka>
      <vec>v1</vec>
      <vec>v2</vec>
      <vec>v6</vec>
      <mj>m1</mj>
      <uze>p1</uze>
      <cas>c19</cas>
      <zdr>z1</zdr>
      <datOd>2023-08-31T09:00:00</datOd>
      <datDo>2060-08-31T09:00:00</datDo>
    </udaj>
    <udaj ID="1109803187">
      <hod>6546</hod>
      <uka>u1</uka>
      <vec>v1</vec>
      <vec>v3</vec>
      <vec>v6</vec>
      <mj>m1</mj>
      <uze>p1</uze>
      <cas>c19</cas>
      <zdr>z1</zdr>
      <datOd>2023-08-31T09:00:00</datOd>
      <datDo>2060-08-31T09:00:00</datDo>
    </udaj>
    <udaj ID="1109803244">
      <hod>27197</hod>
      <uka>u1</uka>
      <vec>v1</vec>
      <vec>v4</vec>
      <vec>v6</vec>
      <mj>m1</mj>
      <uze>p1</uze>
      <cas>c19</cas>
      <zdr>z1</zdr>
      <datOd>2023-08-31T09:00:00</datOd>
      <datDo>2060-08-31T09:00:00</datDo>
    </udaj>
    <udaj ID="1109803245">
      <hod>4155</hod>
      <uka>u1</uka>
      <vec>v1</vec>
      <vec>v5</vec>
      <vec>v6</vec>
      <mj>m1</mj>
      <uze>p1</uze>
      <cas>c19</cas>
      <zdr>z1</zdr>
      <datOd>2023-08-31T09:00:00</datOd>
      <datDo>2060-08-31T09:00:00</datDo>
    </udaj>
    <udaj ID="1109803325">
      <hod>64447</hod>
      <uka>u1</uka>
      <vec>v1</vec>
      <vec>v6</vec>
      <mj>m1</mj>
      <uze>p1</uze>
      <cas>c20</cas>
      <zdr>z1</zdr>
      <datOd>2023-08-31T09:00:00</datOd>
      <datDo>2060-08-31T09:00:00</datDo>
    </udaj>
    <udaj ID="1109803326">
      <hod>57066</hod>
      <uka>u1</uka>
      <vec>v1</vec>
      <vec>v2</vec>
      <vec>v6</vec>
      <mj>m1</mj>
      <uze>p1</uze>
      <cas>c20</cas>
      <zdr>z1</zdr>
      <datOd>2023-08-31T09:00:00</datOd>
      <datDo>2060-08-31T09:00:00</datDo>
    </udaj>
    <udaj ID="1109803327">
      <hod>6755</hod>
      <uka>u1</uka>
      <vec>v1</vec>
      <vec>v3</vec>
      <vec>v6</vec>
      <mj>m1</mj>
      <uze>p1</uze>
      <cas>c20</cas>
      <zdr>z1</zdr>
      <datOd>2023-08-31T09:00:00</datOd>
      <datDo>2060-08-31T09:00:00</datDo>
    </udaj>
    <udaj ID="1109803328">
      <hod>28342</hod>
      <uka>u1</uka>
      <vec>v1</vec>
      <vec>v4</vec>
      <vec>v6</vec>
      <mj>m1</mj>
      <uze>p1</uze>
      <cas>c20</cas>
      <zdr>z1</zdr>
      <datOd>2023-08-31T09:00:00</datOd>
      <datDo>2060-08-31T09:00:00</datDo>
    </udaj>
    <udaj ID="1109803329">
      <hod>4321</hod>
      <uka>u1</uka>
      <vec>v1</vec>
      <vec>v5</vec>
      <vec>v6</vec>
      <mj>m1</mj>
      <uze>p1</uze>
      <cas>c20</cas>
      <zdr>z1</zdr>
      <datOd>2023-08-31T09:00:00</datOd>
      <datDo>2060-08-31T09:00:00</datDo>
    </udaj>
    <udaj ID="1109803467">
      <hod>65415</hod>
      <uka>u1</uka>
      <vec>v1</vec>
      <vec>v6</vec>
      <mj>m1</mj>
      <uze>p1</uze>
      <cas>c21</cas>
      <zdr>z1</zdr>
      <datOd>2023-08-31T09:00:00</datOd>
      <datDo>2060-08-31T09:00:00</datDo>
    </udaj>
    <udaj ID="1109803468">
      <hod>57417</hod>
      <uka>u1</uka>
      <vec>v1</vec>
      <vec>v2</vec>
      <vec>v6</vec>
      <mj>m1</mj>
      <uze>p1</uze>
      <cas>c21</cas>
      <zdr>z1</zdr>
      <datOd>2023-08-31T09:00:00</datOd>
      <datDo>2060-08-31T09:00:00</datDo>
    </udaj>
    <udaj ID="1109803469">
      <hod>6891</hod>
      <uka>u1</uka>
      <vec>v1</vec>
      <vec>v3</vec>
      <vec>v6</vec>
      <mj>m1</mj>
      <uze>p1</uze>
      <cas>c21</cas>
      <zdr>z1</zdr>
      <datOd>2023-08-31T09:00:00</datOd>
      <datDo>2060-08-31T09:00:00</datDo>
    </udaj>
    <udaj ID="1109803470">
      <hod>28294</hod>
      <uka>u1</uka>
      <vec>v1</vec>
      <vec>v4</vec>
      <vec>v6</vec>
      <mj>m1</mj>
      <uze>p1</uze>
      <cas>c21</cas>
      <zdr>z1</zdr>
      <datOd>2023-08-31T09:00:00</datOd>
      <datDo>2060-08-31T09:00:00</datDo>
    </udaj>
    <udaj ID="1109803471">
      <hod>3966</hod>
      <uka>u1</uka>
      <vec>v1</vec>
      <vec>v5</vec>
      <vec>v6</vec>
      <mj>m1</mj>
      <uze>p1</uze>
      <cas>c21</cas>
      <zdr>z1</zdr>
      <datOd>2023-08-31T09:00:00</datOd>
      <datDo>2060-08-31T09:00:00</datDo>
    </udaj>
    <udaj ID="1109803553">
      <hod>64478</hod>
      <uka>u1</uka>
      <vec>v1</vec>
      <vec>v6</vec>
      <mj>m1</mj>
      <uze>p1</uze>
      <cas>c22</cas>
      <zdr>z1</zdr>
      <datOd>2023-08-31T09:00:00</datOd>
      <datDo>2060-08-31T09:00:00</datDo>
    </udaj>
    <udaj ID="1109803554">
      <hod>56143</hod>
      <uka>u1</uka>
      <vec>v1</vec>
      <vec>v2</vec>
      <vec>v6</vec>
      <mj>m1</mj>
      <uze>p1</uze>
      <cas>c22</cas>
      <zdr>z1</zdr>
      <datOd>2023-08-31T09:00:00</datOd>
      <datDo>2060-08-31T09:00:00</datDo>
    </udaj>
    <udaj ID="1109803555">
      <hod>7136</hod>
      <uka>u1</uka>
      <vec>v1</vec>
      <vec>v3</vec>
      <vec>v6</vec>
      <mj>m1</mj>
      <uze>p1</uze>
      <cas>c22</cas>
      <zdr>z1</zdr>
      <datOd>2023-08-31T09:00:00</datOd>
      <datDo>2060-08-31T09:00:00</datDo>
    </udaj>
    <udaj ID="1109803556">
      <hod>26707</hod>
      <uka>u1</uka>
      <vec>v1</vec>
      <vec>v4</vec>
      <vec>v6</vec>
      <mj>m1</mj>
      <uze>p1</uze>
      <cas>c22</cas>
      <zdr>z1</zdr>
      <datOd>2023-08-31T09:00:00</datOd>
      <datDo>2060-08-31T09:00:00</datDo>
    </udaj>
    <udaj ID="1109803557">
      <hod>3499</hod>
      <uka>u1</uka>
      <vec>v1</vec>
      <vec>v5</vec>
      <vec>v6</vec>
      <mj>m1</mj>
      <uze>p1</uze>
      <cas>c22</cas>
      <zdr>z1</zdr>
      <datOd>2023-08-31T09:00:00</datOd>
      <datDo>2060-08-31T09:00:00</datDo>
    </udaj>
  </data>
</vdbData>
